sid,word_index,word,p_unk_start_original,p_unk_start_without,importance
418,0,"Wow,",0.5787563323974609,8.012356556719169e-05,0.5786762088318937
418,1,this,0.5787563323974609,0.46746712923049927,0.11128920316696167
418,2,is,0.5787563323974609,0.5584964156150818,0.02025991678237915
418,3,a,0.5787563323974609,0.6321847438812256,-0.05342841148376465
418,4,nice,0.5787563323974609,0.6842084527015686,-0.10545212030410767
418,5,table!,0.5787563323974609,0.5997475385665894,-0.020991206169128418
17,0,Absolutely,0.24622692167758942,0.07166559249162674,0.17456132918596268
17,1,despicable,0.24622692167758942,0.04362073913216591,0.2026061825454235
17,2,that,0.24622692167758942,0.4009801745414734,-0.15475325286388397
17,3,gingerbread,0.24622692167758942,2.7380963729228824e-05,0.2461995407138602
17,4,men,0.24622692167758942,0.2111070305109024,0.03511989116668701
17,5,are,0.24622692167758942,0.38216063380241394,-0.13593371212482452
17,6,forced,0.24622692167758942,0.2049742043018341,0.04125271737575531
17,7,to,0.24622692167758942,0.22795283794403076,0.018274083733558655
17,8,live,0.24622692167758942,0.3226238489151001,-0.07639692723751068
17,9,in,0.24622692167758942,0.2542541027069092,-0.008027181029319763
17,10,houses,0.24622692167758942,0.3465021550655365,-0.10027523338794708
17,11,made,0.24622692167758942,0.28348520398139954,-0.03725828230381012
17,12,of,0.24622692167758942,0.2610974609851837,-0.0148705393075943
17,13,their,0.24622692167758942,0.2504139542579651,-0.004187032580375671
17,14,own,0.24622692167758942,0.2095363736152649,0.036690548062324524
17,15,flesh.,0.24622692167758942,0.1866803914308548,0.05954653024673462
3,0,A,0.8226315975189209,0.7510780692100525,0.07155352830886841
3,1,large,0.8226315975189209,0.6918458342552185,0.1307857632637024
3,2,piece,0.8226315975189209,0.7345912456512451,0.08804035186767578
3,3,suddenly,0.8226315975189209,0.7286676168441772,0.09396398067474365
3,4,came,0.8226315975189209,0.7986481189727783,0.023983478546142578
3,5,off,0.8226315975189209,0.6827174425125122,0.1399141550064087
3,6,and,0.8226315975189209,0.7024654746055603,0.1201661229133606
3,7,fell,0.8226315975189209,0.7795729637145996,0.04305863380432129
3,8,with,0.8226315975189209,0.5273669958114624,0.2952646017074585
3,9,a,0.8226315975189209,0.8213935494422913,0.0012380480766296387
3,10,loud,0.8226315975189209,0.6225350499153137,0.20009654760360718
3,11,and,0.8226315975189209,0.606766939163208,0.2158646583557129
3,12,sharp,0.8226315975189209,0.07314249873161316,0.7494890987873077
3,13,noise.,0.8226315975189209,0.518505334854126,0.3041262626647949
378,0,They,0.5087873935699463,0.5246962904930115,-0.015908896923065186
378,1,are,0.5087873935699463,0.48631060123443604,0.022476792335510254
378,2,both,0.5087873935699463,0.37771594524383545,0.13107144832611084
378,3,considered,0.5087873935699463,0.17889076471328735,0.32989662885665894
378,4,"endangered,",0.5087873935699463,0.004916252102702856,0.5038711414672434
378,5,making,0.5087873935699463,0.5158799886703491,-0.007092595100402832
378,6,it,0.5087873935699463,0.4830213785171509,0.02576601505279541
378,7,illegal,0.5087873935699463,0.47671008110046387,0.03207731246948242
378,8,to,0.5087873935699463,0.5072668194770813,0.0015205740928649902
378,9,"harass,",0.5087873935699463,0.4829954504966736,0.025791943073272705
378,10,"kill,",0.5087873935699463,0.5076833963394165,0.0011039972305297852
378,11,"collect,",0.5087873935699463,0.4823494553565979,0.02643793821334839
378,12,or,0.5087873935699463,0.533992350101471,-0.025204956531524658
378,13,possess.,0.5087873935699463,0.49433621764183044,0.014451175928115845
435,0,Yovel,0.21734975278377533,0.11638446152210236,0.10096529126167297
435,1,is,0.21734975278377533,0.21692438423633575,0.0004253685474395752
435,2,the,0.21734975278377533,0.22010833024978638,-0.0027585774660110474
435,3,transliteration,0.21734975278377533,0.21235059201717377,0.0049991607666015625
435,4,of,0.21734975278377533,0.22994957864284515,-0.012599825859069824
435,5,the,0.21734975278377533,0.2098563313484192,0.00749342143535614
435,6,Hebrew,0.21734975278377533,0.16495132446289062,0.052398428320884705
435,7,word,0.21734975278377533,0.20851165056228638,0.008838102221488953
435,8,for,0.21734975278377533,0.18558640778064728,0.03176334500312805
435,9,Jubilee.,0.21734975278377533,0.006719109136611223,0.2106306436471641
349,0,The,0.9170309901237488,0.7631816864013672,0.1538493037223816
349,1,ship,0.9170309901237488,0.8381349444389343,0.07889604568481445
349,2,was,0.9170309901237488,0.8705596923828125,0.04647129774093628
349,3,torn,0.9170309901237488,0.8339325785636902,0.0830984115600586
349,4,apart,0.9170309901237488,0.8910796642303467,0.0259513258934021
349,5,on,0.9170309901237488,0.8692474365234375,0.04778355360031128
349,6,the,0.9170309901237488,0.8693522214889526,0.04767876863479614
349,7,sharp,0.9170309901237488,0.02268652245402336,0.8943444676697254
349,8,reef.,0.9170309901237488,0.6258934736251831,0.2911375164985657
95,0,Gossips,0.6747292876243591,0.26679888367652893,0.4079304039478302
95,1,are,0.6747292876243591,0.7213942408561707,-0.04666495323181152
95,2,"frogs,",0.6747292876243591,0.0026810462586581707,0.672048241365701
95,3,they,0.6747292876243591,0.6334688067436218,0.041260480880737305
95,4,drink,0.6747292876243591,0.6278436779975891,0.04688560962677002
95,5,and,0.6747292876243591,0.6379480957984924,0.0367811918258667
95,6,talk.,0.6747292876243591,0.5095514059066772,0.16517788171768188
218,0,My,0.9592511057853699,0.9340800642967224,0.02517104148864746
218,1,laptop,0.9592511057853699,0.339525431394577,0.6197256743907928
218,2,has,0.9592511057853699,0.9452103972434998,0.014040708541870117
218,3,crashed.,0.9592511057853699,0.043388839811086655,0.9158622659742832
361,0,The,0.6402985453605652,0.6570844054222107,-0.016785860061645508
361,1,valley,0.6402985453605652,0.07420472055673599,0.5660938248038292
361,2,was,0.6402985453605652,0.577816903591156,0.06248164176940918
361,3,filled,0.6402985453605652,0.5044549107551575,0.13584363460540771
361,4,with,0.6402985453605652,0.4785081744194031,0.1617903709411621
361,5,dense,0.6402985453605652,0.05654023215174675,0.5837583132088184
361,6,fog.,0.6402985453605652,0.07356934994459152,0.5667291954159737
265,0,She's,0.6931696534156799,0.45907989144325256,0.23408976197242737
265,1,a,0.6931696534156799,0.6681263446807861,0.0250433087348938
265,2,feisty,0.6931696534156799,0.24499422311782837,0.44817543029785156
265,3,little,0.6931696534156799,0.534153938293457,0.1590157151222229
265,4,ferret.,0.6931696534156799,0.00269843521527946,0.6904712182004005
184,0,It,0.8634992241859436,0.7252517938613892,0.13824743032455444
184,1,swayed,0.8634992241859436,0.2939195930957794,0.5695796310901642
184,2,in,0.8634992241859436,0.8320716023445129,0.031427621841430664
184,3,the,0.8634992241859436,0.8535372018814087,0.009962022304534912
184,4,"air,",0.8634992241859436,0.6577612161636353,0.20573800802230835
184,5,like,0.8634992241859436,0.7020823359489441,0.1614168882369995
184,6,weeping,0.8634992241859436,0.19370104372501373,0.6697981804609299
184,7,willows.,0.8634992241859436,0.014807423576712608,0.848691800609231
329,0,The,0.5047798752784729,0.5045298933982849,0.0002499818801879883
329,1,magazine,0.5047798752784729,0.4576103687286377,0.047169506549835205
329,2,is,0.5047798752784729,0.5334556102752686,-0.028675734996795654
329,3,the,0.5047798752784729,0.4688015282154083,0.035978347063064575
329,4,best,0.5047798752784729,0.37623462080955505,0.12854525446891785
329,5,selling,0.5047798752784729,0.0003279027878306806,0.5044519724906422
329,6,guitar,0.5047798752784729,0.4918648302555084,0.012915045022964478
329,7,magazine,0.5047798752784729,0.45677196979522705,0.04800790548324585
329,8,in,0.5047798752784729,0.514323890209198,-0.009544014930725098
329,9,Europe.,0.5047798752784729,0.3498963415622711,0.15488353371620178
207,0,Looking,0.31619730591773987,0.14735135436058044,0.16884595155715942
207,1,down,0.31619730591773987,0.33419427275657654,-0.01799696683883667
207,2,at,0.31619730591773987,0.35795289278030396,-0.04175558686256409
207,3,the,0.31619730591773987,0.3923332393169403,-0.07613593339920044
207,4,spoon,0.31619730591773987,0.0013872396666556597,0.3148100662510842
207,5,he,0.31619730591773987,0.3023938536643982,0.013803452253341675
207,6,"held,",0.31619730591773987,0.19044116139411926,0.1257561445236206
207,7,the,0.31619730591773987,0.3183900713920593,-0.002192765474319458
207,8,boy,0.31619730591773987,0.12493768334388733,0.19125962257385254
207,9,saw,0.31619730591773987,0.2789936065673828,0.037203699350357056
207,10,that,0.31619730591773987,0.3272813856601715,-0.01108407974243164
207,11,the,0.31619730591773987,0.34713178873062134,-0.03093448281288147
207,12,oil,0.31619730591773987,0.33918464183807373,-0.022987335920333862
207,13,was,0.31619730591773987,0.34042418003082275,-0.024226874113082886
207,14,gone.,0.31619730591773987,0.19206275045871735,0.12413455545902252
217,0,My,0.5044655203819275,0.44937634468078613,0.05508917570114136
217,1,alarm,0.5044655203819275,0.0016303884331136942,0.5028351319488138
217,2,clock,0.5044655203819275,0.2591480314731598,0.2453174889087677
217,3,doesn't,0.5044655203819275,0.4964713156223297,0.007994204759597778
217,4,have,0.5044655203819275,0.49004021286964417,0.014425307512283325
217,5,a,0.5044655203819275,0.5193990468978882,-0.014933526515960693
217,6,snooze,0.5044655203819275,0.5316596627235413,-0.02719414234161377
217,7,button.,0.5044655203819275,0.3705601990222931,0.1339053213596344
175,0,It,0.2808242440223694,0.2878374457359314,-0.007013201713562012
175,1,can,0.2808242440223694,0.30522891879081726,-0.024404674768447876
175,2,be,0.2808242440223694,0.3130808174610138,-0.03225657343864441
175,3,overwhelming,0.2808242440223694,0.013799043372273445,0.26702520065009594
175,4,to,0.2808242440223694,0.28566789627075195,-0.004843652248382568
175,5,learn,0.2808242440223694,0.17028169333934784,0.11054255068302155
175,6,how,0.2808242440223694,0.26765233278274536,0.013171911239624023
175,7,to,0.2808242440223694,0.2705291509628296,0.010295093059539795
175,8,put,0.2808242440223694,0.28578001260757446,-0.004955768585205078
175,9,all,0.2808242440223694,0.24646097421646118,0.0343632698059082
175,10,the,0.2808242440223694,0.2772269546985626,0.0035972893238067627
175,11,pieces,0.2808242440223694,0.14156809449195862,0.13925614953041077
175,12,together.,0.2808242440223694,0.1914397031068802,0.0893845409154892
335,0,The,0.9342492818832397,0.9118587374687195,0.022390544414520264
335,1,non-combat,0.9342492818832397,0.5908668637275696,0.34338241815567017
335,2,proficiency,0.9342492818832397,0.8625001907348633,0.07174909114837646
335,3,equivalent,0.9342492818832397,0.7942380309104919,0.1400112509727478
335,4,is,0.9342492818832397,0.9349223375320435,-0.0006730556488037109
335,5,the,0.9342492818832397,0.930469810962677,0.003779470920562744
335,6,Expert,0.9342492818832397,0.6002993583679199,0.3339499235153198
335,7,Field,0.9342492818832397,0.4242384135723114,0.5100108683109283
335,8,Medical,0.9342492818832397,0.23194174468517303,0.7023075371980667
335,9,Badge.,0.9342492818832397,9.196309110848233e-05,0.9341573187921313
345,0,The,0.6042242646217346,0.5799843072891235,0.024239957332611084
345,1,river,0.6042242646217346,0.6030024290084839,0.0012218356132507324
345,2,contains,0.6042242646217346,0.5707821846008301,0.03344208002090454
345,3,a,0.6042242646217346,0.5542799830436707,0.049944281578063965
345,4,large,0.6042242646217346,0.6849648356437683,-0.08074057102203369
345,5,Salmon,0.6042242646217346,0.029598448425531387,0.5746258161962032
345,6,and,0.6042242646217346,0.5602064728736877,0.044017791748046875
345,7,Sea,0.6042242646217346,0.5743605494499207,0.029863715171813965
345,8,trout,0.6042242646217346,0.5700066089630127,0.034217655658721924
345,9,population.,0.6042242646217346,0.370082288980484,0.2341419756412506
91,0,Garlic,0.6315338611602783,0.00025642855325713754,0.6312774326070212
91,1,can,0.6315338611602783,0.5856842994689941,0.04584956169128418
91,2,be,0.6315338611602783,0.5777644515037537,0.05376940965652466
91,3,used,0.6315338611602783,0.5673831701278687,0.06415069103240967
91,4,to,0.6315338611602783,0.6019881963729858,0.02954566478729248
91,5,fight,0.6315338611602783,0.6245837807655334,0.006950080394744873
91,6,vampires.,0.6315338611602783,0.5374706387519836,0.09406322240829468
97,0,Half,0.8139841556549072,0.7194101810455322,0.094573974609375
97,1,an,0.8139841556549072,0.8074053525924683,0.006578803062438965
97,2,hour,0.8139841556549072,0.7890207171440125,0.024963438510894775
97,3,"later,",0.8139841556549072,0.6621494293212891,0.15183472633361816
97,4,his,0.8139841556549072,0.6596976518630981,0.15428650379180908
97,5,shovel,0.8139841556549072,0.0008624675683677197,0.8131216880865395
97,6,hit,0.8139841556549072,0.7847150564193726,0.029269099235534668
97,7,something,0.8139841556549072,0.7833090424537659,0.030675113201141357
97,8,solid.,0.8139841556549072,0.6436035633087158,0.1703805923461914
194,0,Jazz,0.5018678307533264,0.340654194355011,0.16121363639831543
194,1,groups,0.5018678307533264,0.5334975719451904,-0.031629741191864014
194,2,were,0.5018678307533264,0.5277086496353149,-0.025840818881988525
194,3,fascinated,0.5018678307533264,0.4275315999984741,0.0743362307548523
194,4,and,0.5018678307533264,0.5204341411590576,-0.0185663104057312
194,5,added,0.5018678307533264,0.043042268604040146,0.45882556214928627
194,6,the,0.5018678307533264,0.49373847246170044,0.008129358291625977
194,7,boobams,0.5018678307533264,0.01207776740193367,0.48979006335139275
194,8,to,0.5018678307533264,0.4610682725906372,0.04079955816268921
194,9,their,0.5018678307533264,0.5169446468353271,-0.015076816082000732
194,10,percussion,0.5018678307533264,0.434550404548645,0.0673174262046814
194,11,sections.,0.5018678307533264,0.44030529260635376,0.061562538146972656
149,0,I,0.8241819143295288,0.7899956703186035,0.03418624401092529
149,1,had,0.8241819143295288,0.7929702401161194,0.031211674213409424
149,2,the,0.8241819143295288,0.8045700192451477,0.019611895084381104
149,3,"""everyone",0.8241819143295288,0.7624611258506775,0.06172078847885132
149,4,has,0.8241819143295288,0.8172187805175781,0.006963133811950684
149,5,Gary,0.8241819143295288,0.6202355027198792,0.20394641160964966
149,6,Busey's,0.8241819143295288,0.7433640956878662,0.0808178186416626
149,7,"teeth""",0.8241819143295288,0.26469141244888306,0.5594905018806458
149,8,dream,0.8241819143295288,0.7899206876754761,0.034261226654052734
149,9,again.,0.8241819143295288,0.4284857511520386,0.39569616317749023
354,0,The,0.8129527568817139,0.7799870371818542,0.03296571969985962
354,1,temples,0.8129527568817139,0.23472611606121063,0.5782266408205032
354,2,and,0.8129527568817139,0.801588237285614,0.011364519596099854
354,3,sculptures,0.8129527568817139,0.8403239846229553,-0.027371227741241455
354,4,were,0.8129527568817139,0.7683240175247192,0.04462873935699463
354,5,all,0.8129527568817139,0.8008852005004883,0.012067556381225586
354,6,brightly,0.8129527568817139,0.7878429889678955,0.02510976791381836
354,7,painted.,0.8129527568817139,0.5445752143859863,0.26837754249572754
224,0,Nora,0.08708254992961884,0.030181895941495895,0.05690065398812294
224,1,finds,0.08708254992961884,0.07254095375537872,0.014541596174240112
224,2,herself,0.08708254992961884,0.08476782590150833,0.002314724028110504
224,3,"ugly,",0.08708254992961884,0.026521403342485428,0.06056114658713341
224,4,because,0.08708254992961884,0.08005663752555847,0.007025912404060364
224,5,she,0.08708254992961884,0.0887828916311264,-0.0017003417015075684
224,6,has,0.08708254992961884,0.09901493042707443,-0.011932380497455597
224,7,pimples.,0.08708254992961884,3.888809442287311e-05,0.08704366183519596
376,0,These,0.5862959623336792,0.6230148673057556,-0.036718904972076416
376,1,are,0.5862959623336792,0.5729391574859619,0.013356804847717285
376,2,in,0.5862959623336792,0.32555481791496277,0.26074114441871643
376,3,the,0.5862959623336792,0.5955711603164673,-0.009275197982788086
376,4,tundra,0.5862959623336792,0.0006562513881362975,0.5856397109455429
376,5,biome.,0.5862959623336792,0.22091740369796753,0.36537855863571167
94,0,Go,0.9399399757385254,0.903739869594574,0.036200106143951416
94,1,and,0.9399399757385254,0.9151129722595215,0.024827003479003906
94,2,speak,0.9399399757385254,0.9466288685798645,-0.006688892841339111
94,3,to,0.9399399757385254,0.9303913116455078,0.009548664093017578
94,4,the,0.9399399757385254,0.9325175285339355,0.007422447204589844
94,5,tribal,0.9399399757385254,0.9212405681610107,0.01869940757751465
94,6,"chieftains,",0.9399399757385254,0.8713456392288208,0.06859433650970459
94,7,said,0.9399399757385254,0.6314778923988342,0.30846208333969116
94,8,the,0.9399399757385254,0.8437537550926208,0.09618622064590454
94,9,camel,0.9399399757385254,0.001092834398150444,0.938847141340375
94,10,driver.,0.9399399757385254,0.7211781740188599,0.21876180171966553
243,0,Please,0.6588972806930542,0.6929817199707031,-0.034084439277648926
243,1,bring,0.6588972806930542,0.5518963932991028,0.10700088739395142
243,2,soap.,0.6588972806930542,0.0018566305516287684,0.6570406501414254
416,0,Without,0.7809537053108215,0.05750076845288277,0.7234529368579388
416,1,"haste,",0.7809537053108215,0.0021276562474668026,0.7788260490633547
416,2,yet,0.7809537053108215,0.7855127453804016,-0.004559040069580078
416,3,without,0.7809537053108215,0.7767989635467529,0.0041547417640686035
416,4,rest,0.7809537053108215,0.7930217385292053,-0.012068033218383789
416,5,"unhasting,",0.7809537053108215,0.7474799156188965,0.03347378969192505
416,6,yet,0.7809537053108215,0.7934276461601257,-0.0124739408493042
416,7,unresting.,0.7809537053108215,0.6115149855613708,0.16943871974945068
299,0,The,0.6487390398979187,0.5063455104827881,0.14239352941513062
299,1,camel,0.6487390398979187,0.0014578165719285607,0.6472812233259901
299,2,driver,0.6487390398979187,0.597740650177002,0.05099838972091675
299,3,was,0.6487390398979187,0.8191047310829163,-0.17036569118499756
299,4,not,0.6487390398979187,0.7276018857955933,-0.07886284589767456
299,5,a,0.6487390398979187,0.7785312533378601,-0.1297922134399414
299,6,"fighter,",0.6487390398979187,0.7418166399002075,-0.09307760000228882
299,7,and,0.6487390398979187,0.7975271940231323,-0.14878815412521362
299,8,he,0.6487390398979187,0.8748772144317627,-0.226138174533844
299,9,had,0.6487390398979187,0.7054303288459778,-0.05669128894805908
299,10,consulted,0.6487390398979187,0.797009289264679,-0.14827024936676025
299,11,with,0.6487390398979187,0.565259575843811,0.08347946405410767
299,12,seers.,0.6487390398979187,0.5141353607177734,0.13460367918014526
192,0,Jackie,0.19659839570522308,0.022614315152168274,0.1739840805530548
192,1,Chan,0.19659839570522308,0.01137582678347826,0.18522256892174482
192,2,is,0.19659839570522308,0.18530192971229553,0.011296465992927551
192,3,a,0.19659839570522308,0.18655160069465637,0.010046795010566711
192,4,famous,0.19659839570522308,0.19928979873657227,-0.002691403031349182
192,5,martial,0.19659839570522308,0.23037509620189667,-0.033776700496673584
192,6,artist,0.19659839570522308,0.18635204434394836,0.01024635136127472
192,7,and,0.19659839570522308,0.1813233643770218,0.015275031328201294
192,8,actor,0.19659839570522308,0.17118793725967407,0.02541045844554901
192,9,from,0.19659839570522308,0.18487687408924103,0.011721521615982056
192,10,Hong,0.19659839570522308,0.13966453075408936,0.05693386495113373
192,11,Kong.,0.19659839570522308,0.10084100067615509,0.095757395029068
296,0,The,0.9522538781166077,0.9390837550163269,0.013170123100280762
296,1,boy,0.9522538781166077,0.9005782008171082,0.05167567729949951
296,2,was,0.9522538781166077,0.9476042985916138,0.0046495795249938965
296,3,astonished,0.9522538781166077,0.031395114958286285,0.9208587631583214
296,4,by,0.9522538781166077,0.9541885852813721,-0.0019347071647644043
296,5,what,0.9522538781166077,0.9457584023475647,0.006495475769042969
296,6,he,0.9522538781166077,0.955630362033844,-0.003376483917236328
296,7,saw,0.9522538781166077,0.9445134997367859,0.007740378379821777
296,8,inside.,0.9522538781166077,0.8345021605491638,0.11775171756744385
117,0,He,0.14691926538944244,0.11951976269483566,0.02739950269460678
117,1,rose,0.14691926538944244,0.10762795060873032,0.03929131478071213
117,2,up,0.14691926538944244,0.184923455119133,-0.03800418972969055
117,3,the,0.14691926538944244,0.1490195244550705,-0.0021002590656280518
117,4,ranks,0.14691926538944244,0.024634571745991707,0.12228469364345074
117,5,of,0.14691926538944244,0.20189909636974335,-0.0549798309803009
117,6,the,0.14691926538944244,0.17510674893856049,-0.028187483549118042
117,7,construction,0.14691926538944244,0.18999755382537842,-0.043078288435935974
117,8,industry,0.14691926538944244,0.19763091206550598,-0.05071164667606354
117,9,and,0.14691926538944244,0.10893790423870087,0.03798136115074158
117,10,Tianjin,0.14691926538944244,0.10201563686132431,0.044903628528118134
117,11,politics.,0.14691926538944244,0.055173538625240326,0.09174572676420212
82,0,Examples,0.5854496359825134,0.6363894939422607,-0.050939857959747314
82,1,include,0.5854496359825134,0.5978466272354126,-0.01239699125289917
82,2,a,0.5854496359825134,0.5613924264907837,0.024057209491729736
82,3,beef,0.5854496359825134,0.11146702617406845,0.473982609808445
82,4,"Manhattan,",0.5854496359825134,0.21984831988811493,0.3656013160943985
82,5,a,0.5854496359825134,0.614668607711792,-0.029218971729278564
82,6,hot,0.5854496359825134,0.022950323298573494,0.5624993126839399
82,7,chicken,0.5854496359825134,0.024156732484698296,0.5612929034978151
82,8,sandwich,0.5854496359825134,0.6535820960998535,-0.06813246011734009
82,9,in,0.5854496359825134,0.6392934322357178,-0.053843796253204346
82,10,"Canada,",0.5854496359825134,0.6152490377426147,-0.02979940176010132
82,11,or,0.5854496359825134,0.578808069229126,0.006641566753387451
82,12,Welsh,0.5854496359825134,0.579571008682251,0.005878627300262451
82,13,rarebit.,0.5854496359825134,0.5328089594841003,0.052640676498413086
370,0,There,0.649354875087738,0.43998202681541443,0.2093728482723236
370,1,was,0.649354875087738,0.4253670573234558,0.22398781776428223
370,2,a,0.649354875087738,0.7529405951499939,-0.10358572006225586
370,3,murmur,0.649354875087738,0.0002771395957097411,0.6490777354920283
370,4,from,0.649354875087738,0.5933648347854614,0.05599004030227661
370,5,the,0.649354875087738,0.6479018330574036,0.0014530420303344727
370,6,crowd.,0.649354875087738,0.0677410215139389,0.5816138535737991
106,0,He,0.4962930977344513,0.44698598980903625,0.04930710792541504
106,1,felt,0.4962930977344513,0.16433480381965637,0.3319582939147949
106,2,the,0.4962930977344513,0.4317827820777893,0.06451031565666199
106,3,role,0.4962930977344513,0.21284760534763336,0.28344549238681793
106,4,gave,0.4962930977344513,0.3338164687156677,0.16247662901878357
106,5,him,0.4962930977344513,0.4380556643009186,0.058237433433532715
106,6,the,0.4962930977344513,0.45170092582702637,0.04459217190742493
106,7,reputation,0.4962930977344513,0.531825840473175,-0.035532742738723755
106,8,of,0.4962930977344513,0.42559194564819336,0.07070115208625793
106,9,being,0.4962930977344513,0.48006850481033325,0.016224592924118042
106,10,a,0.4962930977344513,0.41223427653312683,0.08405882120132446
106,11,cad.,0.4962930977344513,0.0049017081037163734,0.4913913896307349
379,0,They,0.597296416759491,0.5588313341140747,0.03846508264541626
379,1,are,0.597296416759491,0.6143863201141357,-0.017089903354644775
379,2,"filter-feeders,",0.597296416759491,0.0006604667287319899,0.596635950030759
379,3,collector-gatherers,0.597296416759491,0.6365987062454224,-0.039302289485931396
379,4,and,0.597296416759491,0.5970746874809265,0.00022172927856445312
379,5,omnivorous,0.597296416759491,0.6228472590446472,-0.02555084228515625
379,6,scavengers.,0.597296416759491,0.4811657965183258,0.11613062024116516
306,0,The,0.7886860370635986,0.7691288590431213,0.019557178020477295
306,1,cover,0.7886860370635986,0.727721095085144,0.06096494197845459
306,2,art,0.7886860370635986,0.776610791683197,0.012075245380401611
306,3,is,0.7886860370635986,0.7746070027351379,0.014079034328460693
306,4,by,0.7886860370635986,0.7831957340240479,0.005490303039550781
306,5,Ed,0.7886860370635986,0.6608578562736511,0.1278281807899475
306,6,Roth,0.7886860370635986,0.5605738759040833,0.22811216115951538
306,7,and,0.7886860370635986,0.7791812419891357,0.00950479507446289
306,8,Dave,0.7886860370635986,0.6426248550415039,0.14606118202209473
306,9,Christensen.,0.7886860370635986,0.0053966171108186245,0.78328941995278
214,0,Most,0.719825267791748,0.735303521156311,-0.015478253364562988
214,1,of,0.719825267791748,0.7215086221694946,-0.001683354377746582
214,2,the,0.719825267791748,0.7148206830024719,0.005004584789276123
214,3,nightlife,0.719825267791748,0.4998936951160431,0.21993157267570496
214,4,in,0.719825267791748,0.7191064357757568,0.0007188320159912109
214,5,the,0.719825267791748,0.7175030708312988,0.0023221969604492188
214,6,town,0.719825267791748,0.6891725659370422,0.03065270185470581
214,7,is,0.719825267791748,0.7246925234794617,-0.004867255687713623
214,8,centred,0.719825267791748,0.6879345774650574,0.031890690326690674
214,9,on,0.719825267791748,0.6708613634109497,0.04896390438079834
214,10,beachfront,0.719825267791748,0.0529884397983551,0.6668368279933929
214,11,spots.,0.719825267791748,0.5722315311431885,0.14759373664855957
367,0,Their,0.5871074795722961,0.6048299670219421,-0.017722487449645996
367,1,music,0.5871074795722961,0.46597352623939514,0.121133953332901
367,2,combined,0.5871074795722961,0.4268762469291687,0.16023123264312744
367,3,funk,0.5871074795722961,0.5439555644989014,0.043151915073394775
367,4,rhythms,0.5871074795722961,0.47276586294174194,0.1143416166305542
367,5,and,0.5871074795722961,0.7103898525238037,-0.12328237295150757
367,6,dissonant,0.5871074795722961,0.015035731717944145,0.572071747854352
367,7,guitar,0.5871074795722961,0.589024543762207,-0.0019170641899108887
367,8,riffs.,0.5871074795722961,0.4542890787124634,0.13281840085983276
48,0,But,0.7218603491783142,0.5224292874336243,0.19943106174468994
48,1,that,0.7218603491783142,0.6670366525650024,0.05482369661331177
48,2,was,0.7218603491783142,0.6951098442077637,0.026750504970550537
48,3,simply,0.7218603491783142,0.7172766923904419,0.0045836567878723145
48,4,because,0.7218603491783142,0.6243523359298706,0.0975080132484436
48,5,my,0.7218603491783142,0.5859787464141846,0.13588160276412964
48,6,eye,0.7218603491783142,0.5523384809494019,0.16952186822891235
48,7,was,0.7218603491783142,0.6697053909301758,0.05215495824813843
48,8,tired.,0.7218603491783142,0.08001513034105301,0.6418452188372612
424,0,You,0.3589582145214081,0.3185993432998657,0.04035887122154236
424,1,can't,0.3589582145214081,0.0998871698975563,0.2590710446238518
424,2,make,0.3589582145214081,0.20260024070739746,0.15635797381401062
424,3,a,0.3589582145214081,0.3450843095779419,0.013873904943466187
424,4,silk,0.3589582145214081,0.3546176850795746,0.004340529441833496
424,5,purse,0.3589582145214081,0.3446604311466217,0.014297783374786377
424,6,out,0.3589582145214081,0.3321754038333893,0.0267828106880188
424,7,of,0.3589582145214081,0.31419602036476135,0.04476219415664673
424,8,a,0.3589582145214081,0.34480175375938416,0.014156460762023926
424,9,sow's,0.3589582145214081,0.0008502378477714956,0.3581079766736366
424,10,ear.,0.3589582145214081,0.17323675751686096,0.18572145700454712
8,0,A,0.6318700313568115,0.6727097630500793,-0.04083973169326782
8,1,steak-and-kidney,0.6318700313568115,0.051370769739151,0.5804992616176605
8,2,pie.,0.6318700313568115,0.45594456791877747,0.17592546343803406
294,0,The,0.5994660258293152,0.5826311707496643,0.01683485507965088
294,1,boy,0.5994660258293152,0.23731371760368347,0.3621523082256317
294,2,mumbled,0.5994660258293152,1.1952547538385261e-05,0.5994540732817768
294,3,an,0.5994660258293152,0.5312504172325134,0.06821560859680176
294,4,answer,0.5994660258293152,0.5242354273796082,0.07523059844970703
294,5,that,0.5994660258293152,0.42929884791374207,0.17016717791557312
294,6,allowed,0.5994660258293152,0.48186376690864563,0.11760225892066956
294,7,him,0.5994660258293152,0.5033248662948608,0.09614115953445435
294,8,to,0.5994660258293152,0.5668421983718872,0.03262382745742798
294,9,avoid,0.5994660258293152,0.53725266456604,0.062213361263275146
294,10,responding,0.5994660258293152,0.5256329774856567,0.07383304834365845
294,11,to,0.5994660258293152,0.5831789374351501,0.01628708839416504
294,12,her,0.5994660258293152,0.554194986820221,0.04527103900909424
294,13,question.,0.5994660258293152,0.22490136325359344,0.37456466257572174
99,0,He,0.6809760928153992,0.6800461411476135,0.0009299516677856445
99,1,also,0.6809760928153992,0.70134037733078,-0.02036428451538086
99,2,has,0.6809760928153992,0.6856228113174438,-0.004646718502044678
99,3,a,0.6809760928153992,0.6878780126571655,-0.006901919841766357
99,4,"daughter,",0.6809760928153992,0.6982564330101013,-0.01728034019470215
99,5,Amaiya,0.6809760928153992,0.5227174758911133,0.1582586169242859
99,6,Samuel.,0.6809760928153992,0.0005557188997045159,0.6804203739156947
142,0,I,0.8600050806999207,0.8955504894256592,-0.035545408725738525
142,1,ate,0.8600050806999207,0.8856257200241089,-0.025620639324188232
142,2,a,0.8600050806999207,0.8661701083183289,-0.006165027618408203
142,3,dish,0.8600050806999207,0.8526776432991028,0.007327437400817871
142,4,with,0.8600050806999207,0.8527336716651917,0.007271409034729004
142,5,"rice,",0.8600050806999207,0.8642804622650146,-0.004275381565093994
142,6,"spaghetti,",0.8600050806999207,0.8560987114906311,0.003906369209289551
142,7,"hummus,",0.8600050806999207,0.867760181427002,-0.007755100727081299
142,8,and,0.8600050806999207,0.8461061120033264,0.013898968696594238
142,9,caramelized,0.8600050806999207,0.7560012340545654,0.10400384664535522
142,10,onions.,0.8600050806999207,0.06621043384075165,0.793794646859169
280,0,Take,0.10078317672014236,0.0792749896645546,0.02150818705558777
280,1,shelter,0.10078317672014236,0.081582210958004,0.019200965762138367
280,2,in,0.10078317672014236,0.09331094473600388,0.007472231984138489
280,3,this,0.10078317672014236,0.03866049647331238,0.06212268024682999
280,4,"tent,",0.10078317672014236,0.0020902063697576523,0.09869297035038471
280,5,but,0.10078317672014236,0.08751627057790756,0.013266906142234802
280,6,keep,0.10078317672014236,0.1017608717083931,-0.0009776949882507324
280,7,still.,0.10078317672014236,0.06485559791326523,0.035927578806877136
363,0,The,0.7686436772346497,0.7335178852081299,0.035125792026519775
363,1,word,0.7686436772346497,0.7750561833381653,-0.006412506103515625
363,2,nanosecond,0.7686436772346497,0.7643970847129822,0.0042465925216674805
363,3,is,0.7686436772346497,0.7550124526023865,0.013631224632263184
363,4,formed,0.7686436772346497,0.7582425475120544,0.010401129722595215
363,5,by,0.7686436772346497,0.7470923066139221,0.02155137062072754
363,6,the,0.7686436772346497,0.7174010276794434,0.0512426495552063
363,7,prefix,0.7686436772346497,0.006681142840534449,0.7619625343941152
363,8,"""nano""",0.7686436772346497,0.7661423683166504,0.0025013089179992676
363,9,and,0.7686436772346497,0.7639279961585999,0.004715681076049805
363,10,the,0.7686436772346497,0.7749789357185364,-0.006335258483886719
363,11,unit,0.7686436772346497,0.7686964273452759,-5.27501106262207e-05
363,12,"""second"".",0.7686436772346497,0.6814960837364197,0.08714759349822998
336,0,The,0.47450053691864014,0.4741628170013428,0.0003377199172973633
336,1,office,0.47450053691864014,0.2402505725622177,0.23424996435642242
336,2,paint,0.47450053691864014,0.2528735399246216,0.22162699699401855
336,3,was,0.47450053691864014,0.46586209535598755,0.008638441562652588
336,4,a,0.47450053691864014,0.4686465561389923,0.005853980779647827
336,5,"dull,",0.47450053691864014,0.1479497253894806,0.32655081152915955
336,6,sad,0.47450053691864014,0.5785759687423706,-0.10407543182373047
336,7,tan.,0.47450053691864014,0.2471003383398056,0.22740019857883453
77,0,Early,0.17242024838924408,0.1588953584432602,0.013524889945983887
77,1,pottery,0.17242024838924408,0.07005074620246887,0.10236950218677521
77,2,was,0.17242024838924408,0.17303228378295898,-0.0006120353937149048
77,3,painted,0.17242024838924408,0.17090345919132233,0.001516789197921753
77,4,with,0.17242024838924408,0.18047559261322021,-0.008055344223976135
77,5,"spirals,",0.17242024838924408,0.0012721590464934707,0.1711480893427506
77,6,"zigzags,",0.17242024838924408,0.0016134517500177026,0.17080679663922638
77,7,"dots,",0.17242024838924408,0.15958397090435028,0.012836277484893799
77,8,or,0.17242024838924408,0.1812180131673813,-0.008797764778137207
77,9,animals.,0.17242024838924408,0.1609756201505661,0.011444628238677979
213,0,More,0.8483903408050537,0.6913003921508789,0.1570899486541748
213,1,powerful,0.8483903408050537,0.6725569367408752,0.17583340406417847
213,2,"knights,",0.8483903408050537,0.8231987953186035,0.025191545486450195
213,3,also,0.8483903408050537,0.7548507452011108,0.09353959560394287
213,4,known,0.8483903408050537,0.8209639191627502,0.027426421642303467
213,5,as,0.8483903408050537,0.8368016481399536,0.011588692665100098
213,6,a,0.8483903408050537,0.850917398929596,-0.0025270581245422363
213,7,knight,0.8483903408050537,0.5230481624603271,0.32534217834472656
213,8,"bannerets,",0.8483903408050537,0.009750371798872948,0.8386399690061808
213,9,could,0.8483903408050537,0.8675386309623718,-0.019148290157318115
213,10,field,0.8483903408050537,0.882007360458374,-0.03361701965332031
213,11,multiple,0.8483903408050537,0.856847882270813,-0.008457541465759277
213,12,lances.,0.8483903408050537,0.7114823460578918,0.13690799474716187
414,0,Why,0.40224260091781616,0.3739910423755646,0.028251558542251587
414,1,do,0.40224260091781616,0.40949711203575134,-0.007254511117935181
414,2,people,0.40224260091781616,0.40962231159210205,-0.007379710674285889
414,3,even,0.40224260091781616,0.3752458691596985,0.026996731758117676
414,4,eat,0.40224260091781616,0.3702284097671509,0.03201419115066528
414,5,peanut,0.40224260091781616,0.01910780742764473,0.38313479349017143
414,6,butter,0.40224260091781616,0.000922971114050597,0.40131962980376557
414,7,and,0.40224260091781616,0.4631321132183075,-0.06088951230049133
414,8,jelly?,0.40224260091781616,0.2866152226924896,0.11562737822532654
272,0,Some,0.34376853704452515,0.33473455905914307,0.00903397798538208
272,1,sources,0.34376853704452515,0.11313905566930771,0.23062948137521744
272,2,differentiate,0.34376853704452515,0.04492149502038956,0.2988470420241356
272,3,bolt-on,0.34376853704452515,0.07812631875276566,0.2656422182917595
272,4,and,0.34376853704452515,0.19891026616096497,0.14485827088356018
272,5,bolt-in,0.34376853704452515,0.01947866939008236,0.3242898676544428
272,6,neck,0.34376853704452515,0.0001944713876582682,0.3435740656568669
272,7,construction.,0.34376853704452515,0.155181884765625,0.18858665227890015
366,0,Their,0.3869039714336395,0.3540589511394501,0.03284502029418945
366,1,granddaughter,0.3869039714336395,0.09936855733394623,0.2875354140996933
366,2,Ann,0.3869039714336395,0.02175600826740265,0.3651479631662369
366,3,married,0.3869039714336395,0.04639055207371712,0.3405134193599224
366,4,Lewis,0.3869039714336395,0.004100964404642582,0.38280300702899694
366,5,"Bayly,",0.3869039714336395,0.4665704071521759,-0.07966643571853638
366,6,Bishop,0.3869039714336395,0.05954192951321602,0.3273620419204235
366,7,of,0.3869039714336395,0.4055134952068329,-0.01860952377319336
366,8,Bangor.,0.3869039714336395,0.04976814240217209,0.33713582903146744
32,0,Apple,0.5256611108779907,0.04016738757491112,0.4854937233030796
32,1,pie,0.5256611108779907,0.6611969470977783,-0.1355358362197876
32,2,is,0.5256611108779907,0.5019668936729431,0.023694217205047607
32,3,an,0.5256611108779907,0.5777928829193115,-0.0521317720413208
32,4,iconic,0.5256611108779907,0.45612502098083496,0.06953608989715576
32,5,dish.,0.5256611108779907,0.3613584041595459,0.16430270671844482
133,0,His,0.7199169993400574,0.514882504940033,0.20503449440002441
133,1,dessert,0.7199169993400574,0.016865825280547142,0.7030511740595102
133,2,smelled,0.7199169993400574,0.24743250012397766,0.4724844992160797
133,3,"musty,",0.7199169993400574,7.812138937879354e-05,0.7198388779506786
133,4,not,0.7199169993400574,0.6866508722305298,0.03326612710952759
133,5,sweet.,0.7199169993400574,0.2907315790653229,0.4291854202747345
313,0,The,0.5458381772041321,0.5428619384765625,0.00297623872756958
313,1,falcon's,0.5458381772041321,0.12474137544631958,0.4210968017578125
313,2,beak,0.5458381772041321,0.33490052819252014,0.21093764901161194
313,3,carries,0.5458381772041321,0.4543510973453522,0.09148707985877991
313,4,bits,0.5458381772041321,0.4380977749824524,0.10774040222167969
313,5,of,0.5458381772041321,0.4646330773830414,0.0812050998210907
313,6,"me,",0.5458381772041321,0.5000287294387817,0.04580944776535034
313,7,"myself,",0.5458381772041321,0.4810434579849243,0.06479471921920776
313,8,the,0.5458381772041321,0.5223278999328613,0.023510277271270752
313,9,desert,0.5458381772041321,0.19290122389793396,0.3529369533061981
313,10,said.,0.5458381772041321,0.07710634171962738,0.4687318354845047
55,0,Chili,0.43835654854774475,0.026096312329173088,0.41226023621857166
55,1,powder,0.43835654854774475,0.4771040678024292,-0.03874751925468445
55,2,blends,0.43835654854774475,0.3959754705429077,0.042381078004837036
55,3,are,0.43835654854774475,0.46696409583091736,-0.028607547283172607
55,4,the,0.43835654854774475,0.44555985927581787,-0.00720331072807312
55,5,primary,0.43835654854774475,0.43892672657966614,-0.0005701780319213867
55,6,flavor,0.43835654854774475,0.4347127377986908,0.003643810749053955
55,7,ingredient,0.43835654854774475,0.4587242603302002,-0.020367711782455444
55,8,in,0.43835654854774475,0.4295508861541748,0.008805662393569946
55,9,chili,0.43835654854774475,0.4286283254623413,0.009728223085403442
55,10,con,0.43835654854774475,0.42952167987823486,0.008834868669509888
55,11,carne.,0.43835654854774475,0.31236955523490906,0.1259869933128357
28,0,And,0.6410622596740723,0.6810970306396484,-0.04003477096557617
28,1,the,0.6410622596740723,0.644394040107727,-0.003331780433654785
28,2,sand,0.6410622596740723,0.19651953876018524,0.444542720913887
28,3,and,0.6410622596740723,0.5768543481826782,0.06420791149139404
28,4,gravel,0.6410622596740723,0.0015921734739094973,0.6394700862001628
28,5,had,0.6410622596740723,0.6360388994216919,0.005023360252380371
28,6,been,0.6410622596740723,0.5975774526596069,0.04348480701446533
28,7,flung,0.6410622596740723,0.5626117587089539,0.07845050096511841
28,8,violently,0.6410622596740723,0.6638505458831787,-0.022788286209106445
28,9,in,0.6410622596740723,0.6468058228492737,-0.005743563175201416
28,10,every,0.6410622596740723,0.6151432991027832,0.025918960571289062
28,11,direction.,0.6410622596740723,0.3439639210700989,0.2970983386039734
51,0,Can,0.4363655745983124,0.38914215564727783,0.047223418951034546
51,1,you,0.4363655745983124,0.4108828008174896,0.025482773780822754
51,2,see,0.4363655745983124,0.37047088146209717,0.06589469313621521
51,3,the,0.4363655745983124,0.444405734539032,-0.008040159940719604
51,4,beacon,0.4363655745983124,0.30892014503479004,0.12744542956352234
51,5,at,0.4363655745983124,0.43123772740364075,0.005127847194671631
51,6,the,0.4363655745983124,0.46009159088134766,-0.02372601628303528
51,7,top,0.4363655745983124,0.3989001214504242,0.037465453147888184
51,8,of,0.4363655745983124,0.45135220885276794,-0.014986634254455566
51,9,the,0.4363655745983124,0.4160684645175934,0.020297110080718994
51,10,wind,0.4363655745983124,0.39624282717704773,0.04012274742126465
51,11,turbine?,0.4363655745983124,0.0032657207921147346,0.43309985380619764
430,0,You,0.2776191234588623,0.20635291934013367,0.07126620411872864
430,1,were,0.2776191234588623,0.2632090151309967,0.0144101083278656
430,2,looking,0.2776191234588623,0.17795275151729584,0.09966637194156647
430,3,squeamish,0.2776191234588623,0.0017548063769936562,0.27586431708186865
430,4,this,0.2776191234588623,0.23705562949180603,0.040563493967056274
430,5,"afternoon,",0.2776191234588623,0.07105790078639984,0.20656122267246246
430,6,he,0.2776191234588623,0.32091718912124634,-0.04329806566238403
430,7,began.,0.2776191234588623,0.24335409700870514,0.034265026450157166
283,0,Tell,0.9318400621414185,0.8977349996566772,0.03410506248474121
283,1,her,0.9318400621414185,0.9354168176651001,-0.0035767555236816406
283,2,I,0.9318400621414185,0.9223216772079468,0.00951838493347168
283,3,elected,0.9318400621414185,0.8769249320030212,0.05491513013839722
283,4,her,0.9318400621414185,0.9272936582565308,0.004546403884887695
283,5,and,0.9318400621414185,0.9341949820518494,-0.002354919910430908
283,6,I,0.9318400621414185,0.9354305863380432,-0.003590524196624756
283,7,can,0.9318400621414185,0.937714159488678,-0.0058740973472595215
283,8,have,0.9318400621414185,0.9325914978981018,-0.0007514357566833496
283,9,her,0.9318400621414185,0.9303142428398132,0.0015258193016052246
283,10,impeached!,0.9318400621414185,0.023063570261001587,0.9087764918804169
59,0,Could,0.6933911442756653,0.685443103313446,0.007948040962219238
59,1,Aunt,0.6933911442756653,0.0007761601009406149,0.6926149841747247
59,2,Dahlia,0.6933911442756653,0.5666211843490601,0.12676995992660522
59,3,have,0.6933911442756653,0.679419755935669,0.013971388339996338
59,4,slept,0.6933911442756653,0.6880596280097961,0.005331516265869141
59,5,on,0.6933911442756653,0.6895478963851929,0.003843247890472412
59,6,it,0.6933911442756653,0.6616383790969849,0.03175276517868042
59,7,and,0.6933911442756653,0.7117328643798828,-0.01834172010421753
59,8,changed,0.6933911442756653,0.6652493476867676,0.028141796588897705
59,9,her,0.6933911442756653,0.6929010152816772,0.0004901289939880371
59,10,mind?,0.6933911442756653,0.5435153245925903,0.14987581968307495
375,0,"Therefore,",0.3935081660747528,0.254614919424057,0.1388932466506958
375,1,only,0.3935081660747528,0.09572247415781021,0.2977856919169426
375,2,aluminum,0.3935081660747528,0.053733762353658676,0.33977440372109413
375,3,hydroxide,0.3935081660747528,0.3633110523223877,0.030197113752365112
375,4,was,0.3935081660747528,0.6820243000984192,-0.2885161340236664
375,5,generated.,0.3935081660747528,0.24103222787380219,0.15247593820095062
225,0,Note:,0.4553060233592987,0.05966790020465851,0.3956381231546402
225,1,best,0.4553060233592987,0.015649640932679176,0.43965638242661953
225,2,sellers,0.4553060233592987,0.00029584584990516305,0.45501017750939354
225,3,of,0.4553060233592987,0.4035211503505707,0.05178487300872803
225,4,the,0.4553060233592987,0.45832714438438416,-0.0030211210250854492
225,5,year,0.4553060233592987,0.2817119061946869,0.17359411716461182
225,6,are,0.4553060233592987,0.4245019853115082,0.030804038047790527
225,7,bold.,0.4553060233592987,0.28437528014183044,0.17093074321746826
54,0,Caution,0.4056416451931,0.360557496547699,0.045084148645401
54,1,and,0.4056416451931,0.40567532181739807,-3.36766242980957e-05
54,2,adjustment,0.4056416451931,0.411970317363739,-0.006328672170639038
54,3,of,0.4056416451931,0.41092774271965027,-0.005286097526550293
54,4,dosage,0.4056416451931,0.42968276143074036,-0.02404111623764038
54,5,as,0.4056416451931,0.4249262511730194,-0.019284605979919434
54,6,necessary,0.4056416451931,0.41166773438453674,-0.006026089191436768
54,7,are,0.4056416451931,0.3942180573940277,0.011423587799072266
54,8,warranted,0.4056416451931,0.432111531496048,-0.026469886302947998
54,9,when,0.4056416451931,0.4214043617248535,-0.01576271653175354
54,10,combining,0.4056416451931,0.29934489727020264,0.10629674792289734
54,11,fluvoxamine,0.4056416451931,0.02749086543917656,0.3781507797539234
54,12,and,0.4056416451931,0.4006347954273224,0.005006849765777588
54,13,mirtazapine.,0.4056416451931,0.32862693071365356,0.07701471447944641
239,0,Parachuting,0.5925796627998352,6.779414252378047e-05,0.5925118686573114
239,1,is,0.5925796627998352,0.44205546379089355,0.15052419900894165
239,2,dangerous.,0.5925796627998352,0.4434880316257477,0.14909163117408752
193,0,Jacqueline,0.820204496383667,0.3635391891002655,0.4566653072834015
193,1,has,0.820204496383667,0.8249565958976746,-0.004752099514007568
193,2,an,0.820204496383667,0.814159095287323,0.006045401096343994
193,3,ulcer,0.820204496383667,0.1601252406835556,0.6600792557001114
193,4,on,0.820204496383667,0.8111516833305359,0.009052813053131104
193,5,her,0.820204496383667,0.821793258190155,-0.0015887618064880371
193,6,bottom,0.820204496383667,0.6447733640670776,0.17543113231658936
193,7,lip.,0.820204496383667,0.5522109270095825,0.2679935693740845
377,0,These,0.8341348171234131,0.8678000569343567,-0.033665239810943604
377,1,settlers,0.8341348171234131,0.7020639181137085,0.1320708990097046
377,2,grew,0.8341348171234131,0.8276410102844238,0.006493806838989258
377,3,"peas,",0.8341348171234131,0.862545371055603,-0.02841055393218994
377,4,"beans,",0.8341348171234131,0.8616134524345398,-0.02747863531112671
377,5,sugar,0.8341348171234131,0.8334827423095703,0.0006520748138427734
377,6,"cane,",0.8341348171234131,0.4034167230129242,0.4307180941104889
377,7,and,0.8341348171234131,0.8194231390953064,0.01471167802810669
377,8,tomatoes.,0.8341348171234131,0.7904393672943115,0.04369544982910156
123,0,He,0.3722420036792755,0.3926544189453125,-0.020412415266036987
123,1,was,0.3722420036792755,0.3958221673965454,-0.023580163717269897
123,2,eventually,0.3722420036792755,0.1434354931116104,0.2288065105676651
123,3,defeated,0.3722420036792755,0.4697934091091156,-0.09755140542984009
123,4,in,0.3722420036792755,0.3762894570827484,-0.0040474534034729
123,5,the,0.3722420036792755,0.3793877959251404,-0.007145792245864868
123,6,eighth,0.3722420036792755,0.27710288763046265,0.09513911604881287
123,7,round,0.3722420036792755,0.39795541763305664,-0.025713413953781128
123,8,of,0.3722420036792755,0.3995576500892639,-0.027315646409988403
123,9,voting,0.3722420036792755,0.35223934054374695,0.020002663135528564
123,10,by,0.3722420036792755,0.26247236132621765,0.10976964235305786
123,11,Baldwin,0.3722420036792755,0.013723819516599178,0.35851818416267633
123,12,Lonsdale.,0.3722420036792755,0.45437121391296387,-0.08212921023368835
253,0,Rugby,0.7096931338310242,0.7062299847602844,0.003463149070739746
253,1,School,0.7096931338310242,0.6512622833251953,0.05843085050582886
253,2,was,0.7096931338310242,0.6682173609733582,0.041475772857666016
253,3,the,0.7096931338310242,0.7035523653030396,0.006140768527984619
253,4,birthplace,0.7096931338310242,0.675918698310852,0.03377443552017212
253,5,of,0.7096931338310242,0.6869719624519348,0.022721171379089355
253,6,Rugby,0.7096931338310242,0.6629223227500916,0.04677081108093262
253,7,football.,0.7096931338310242,0.5271002650260925,0.18259286880493164
250,0,Ribbonfish,0.38050442934036255,0.0003360141708981246,0.3801684151694644
250,1,possess,0.38050442934036255,0.14508874714374542,0.23541568219661713
250,2,all,0.38050442934036255,0.434985488653183,-0.054481059312820435
250,3,the,0.38050442934036255,0.4065329134464264,-0.026028484106063843
250,4,characteristics,0.38050442934036255,0.39196786284446716,-0.011463433504104614
250,5,of,0.38050442934036255,0.3824494183063507,-0.0019449889659881592
250,6,fish,0.38050442934036255,0.44374197721481323,-0.06323754787445068
250,7,living,0.38050442934036255,0.36090677976608276,0.019597649574279785
250,8,at,0.38050442934036255,0.4375876784324646,-0.05708324909210205
250,9,very,0.38050442934036255,0.38989341259002686,-0.009388983249664307
250,10,great,0.38050442934036255,0.3801410496234894,0.00036337971687316895
250,11,depths.,0.38050442934036255,0.3279860019683838,0.05251842737197876
319,0,The,0.7840098738670349,0.7930518984794617,-0.009042024612426758
319,1,fox,0.7840098738670349,0.04248885437846184,0.7415210194885731
319,2,pounced,0.7840098738670349,0.5859007239341736,0.19810914993286133
319,3,across,0.7840098738670349,0.7972254157066345,-0.01321554183959961
319,4,the,0.7840098738670349,0.7752159237861633,0.008793950080871582
319,5,edge,0.7840098738670349,0.7655302286148071,0.018479645252227783
319,6,of,0.7840098738670349,0.7801126837730408,0.0038971900939941406
319,7,the,0.7840098738670349,0.7730860710144043,0.010923802852630615
319,8,"farm,",0.7840098738670349,0.7663343548774719,0.01767551898956299
319,9,only,0.7840098738670349,0.7884654998779297,-0.004455626010894775
319,10,to,0.7840098738670349,0.7311251163482666,0.05288475751876831
319,11,find,0.7840098738670349,0.7638628482818604,0.02014702558517456
319,12,a,0.7840098738670349,0.7735734581947327,0.010436415672302246
319,13,safari,0.7840098738670349,0.7740952372550964,0.009914636611938477
319,14,explorer,0.7840098738670349,0.78220534324646,0.0018045306205749512
319,15,singing,0.7840098738670349,0.7618836164474487,0.02212625741958618
319,16,an,0.7840098738670349,0.7761438488960266,0.0078660249710083
319,17,opera,0.7840098738670349,0.752705991268158,0.03130388259887695
319,18,by,0.7840098738670349,0.7899153232574463,-0.005905449390411377
319,19,Vivaldi.,0.7840098738670349,0.487887442111969,0.2961224317550659
105,0,He,0.4519384801387787,0.48970896005630493,-0.037770479917526245
105,1,does,0.4519384801387787,0.4121358096599579,0.0398026704788208
105,2,but,0.4519384801387787,0.4432065188884735,0.008731961250305176
105,3,shrug,0.4519384801387787,0.002930248389020562,0.4490082317497581
105,4,his,0.4519384801387787,0.4588046073913574,-0.006866127252578735
105,5,head.,0.4519384801387787,0.31711259484291077,0.13482588529586792
58,0,Corning,0.7317091822624207,0.5502941012382507,0.18141508102416992
58,1,hosts,0.7317091822624207,0.7032298445701599,0.028479337692260742
58,2,Lazy,0.7317091822624207,1.5203412658593152e-05,0.7316939788497621
58,3,Days,0.7317091822624207,0.6210047006607056,0.11070448160171509
58,4,of,0.7317091822624207,0.7156121134757996,0.016097068786621094
58,5,Summer,0.7317091822624207,0.6250288486480713,0.10668033361434937
58,6,on,0.7317091822624207,0.7337231636047363,-0.002013981342315674
58,7,the,0.7317091822624207,0.7271210551261902,0.004588127136230469
58,8,last,0.7317091822624207,0.7309286594390869,0.0007805228233337402
58,9,weekend,0.7317091822624207,0.6964161992073059,0.035292983055114746
58,10,in,0.7317091822624207,0.7336449027061462,-0.001935720443725586
58,11,July.,0.7317091822624207,0.5066739916801453,0.2250351905822754
191,0,Its,0.574662446975708,0.5571925044059753,0.017469942569732666
191,1,headquarters,0.574662446975708,0.3784278631210327,0.1962345838546753
191,2,are,0.574662446975708,0.48869696259498596,0.08596548438072205
191,3,in,0.574662446975708,0.5567806959152222,0.01788175106048584
191,4,Vatican,0.574662446975708,1.580036223458592e-05,0.5746466466134734
191,5,City.,0.574662446975708,0.565304160118103,0.00935828685760498
301,0,The,0.2591569125652313,0.3334527313709259,-0.07429581880569458
301,1,cleat,0.2591569125652313,0.010901321657001972,0.24825559090822935
301,2,sank,0.2591569125652313,0.09606856852769852,0.1630883440375328
301,3,deeply,0.2591569125652313,0.2712709903717041,-0.012114077806472778
301,4,into,0.2591569125652313,0.18168529868125916,0.07747161388397217
301,5,the,0.2591569125652313,0.2587489187717438,0.00040799379348754883
301,6,soft,0.2591569125652313,0.2627089023590088,-0.003551989793777466
301,7,turf.,0.2591569125652313,0.04665195569396019,0.21250495687127113
238,0,Palm,0.7310572266578674,0.3640085756778717,0.3670486509799957
238,1,oil,0.7310572266578674,0.6129345893859863,0.1181226372718811
238,2,is,0.7310572266578674,0.7278006672859192,0.003256559371948242
238,3,"cheap,",0.7310572266578674,0.6378308534622192,0.0932263731956482
238,4,but,0.7310572266578674,0.7224769592285156,0.008580267429351807
238,5,workers,0.7310572266578674,0.731521487236023,-0.0004642605781555176
238,6,on,0.7310572266578674,0.7273063659667969,0.0037508606910705566
238,7,illegal,0.7310572266578674,0.7298250794410706,0.001232147216796875
238,8,plantations,0.7310572266578674,0.7277283072471619,0.0033289194107055664
238,9,get,0.7310572266578674,0.722895622253418,0.008161604404449463
238,10,exploited,0.7310572266578674,0.7183468341827393,0.012710392475128174
238,11,and,0.7310572266578674,0.7190394401550293,0.012017786502838135
238,12,huge,0.7310572266578674,0.7298928499221802,0.0011643767356872559
238,13,areas,0.7310572266578674,0.7270288467407227,0.004028379917144775
238,14,of,0.7310572266578674,0.7281854152679443,0.0028718113899230957
238,15,jungle,0.7310572266578674,0.7195292115211487,0.01152801513671875
238,16,get,0.7310572266578674,0.732961893081665,-0.0019046664237976074
238,17,destroyed,0.7310572266578674,0.7278825640678406,0.0031746625900268555
238,18,for,0.7310572266578674,0.7218955159187317,0.009161710739135742
238,19,its,0.7310572266578674,0.7427928447723389,-0.011735618114471436
238,20,production.,0.7310572266578674,0.6476047039031982,0.08345252275466919
86,0,Football,0.6041380167007446,0.5405935645103455,0.06354445219039917
86,1,is,0.6041380167007446,0.6350690126419067,-0.03093099594116211
86,2,often,0.6041380167007446,0.48809877038002014,0.11603924632072449
86,3,confused,0.6041380167007446,0.008649729192256927,0.5954882875084877
86,4,with,0.6041380167007446,0.6527600884437561,-0.048622071743011475
86,5,soccer.,0.6041380167007446,0.5238117575645447,0.08032625913619995
401,0,When,0.4462079405784607,0.4594365954399109,-0.013228654861450195
401,1,I,0.4462079405784607,0.44144636392593384,0.0047615766525268555
401,2,first,0.4462079405784607,0.4013513922691345,0.04485654830932617
401,3,started,0.4462079405784607,0.44060125946998596,0.0056066811084747314
401,4,using,0.4462079405784607,0.48937472701072693,-0.043166786432266235
401,5,"Dragon,",0.4462079405784607,0.1777026504278183,0.2685052901506424
401,6,I,0.4462079405784607,0.4726121723651886,-0.026404231786727905
401,7,was,0.4462079405784607,0.36525216698646545,0.08095577359199524
401,8,bummed,0.4462079405784607,0.0007484437664970756,0.4454594968119636
401,9,to,0.4462079405784607,0.5030395984649658,-0.05683165788650513
401,10,be,0.4462079405784607,0.4446111023426056,0.0015968382358551025
401,11,restricted,0.4462079405784607,0.31945112347602844,0.12675681710243225
401,12,to,0.4462079405784607,0.3704284727573395,0.07577946782112122
401,13,Windows.,0.4462079405784607,0.39176881313323975,0.05443912744522095
427,0,You,0.36460453271865845,0.11338096112012863,0.2512235715985298
427,1,made,0.36460453271865845,0.007116483990103006,0.35748804872855544
427,2,your,0.36460453271865845,0.27209678292274475,0.0925077497959137
427,3,"bed,",0.36460453271865845,0.0015372257912531495,0.3630673069274053
427,4,now,0.36460453271865845,0.3912310302257538,-0.026626497507095337
427,5,you,0.36460453271865845,0.3558828830718994,0.008721649646759033
427,6,must,0.36460453271865845,0.3654354214668274,-0.0008308887481689453
427,7,lie,0.36460453271865845,0.31271257996559143,0.05189195275306702
427,8,in,0.36460453271865845,0.25745293498039246,0.10715159773826599
427,9,it.,0.36460453271865845,0.14050348103046417,0.22410105168819427
399,0,We,0.5565885901451111,0.4882237911224365,0.06836479902267456
399,1,know,0.5565885901451111,0.6412988305091858,-0.08471024036407471
399,2,that,0.5565885901451111,0.6108413338661194,-0.0542527437210083
399,3,Mark,0.5565885901451111,0.3888528048992157,0.16773578524589539
399,4,does,0.5565885901451111,0.6456130743026733,-0.08902448415756226
399,5,not,0.5565885901451111,0.6643784046173096,-0.10778981447219849
399,6,like,0.5565885901451111,0.5462164282798767,0.010372161865234375
399,7,spicy,0.5565885901451111,0.018356502056121826,0.5382320880889893
399,8,food.,0.5565885901451111,0.3269565999507904,0.22963199019432068
57,0,Consider,0.6953383684158325,0.09444984793663025,0.6008885204792023
57,1,a,0.6953383684158325,0.6216953992843628,0.07364296913146973
57,2,tungsten,0.6953383684158325,0.005138195585459471,0.690200172830373
57,3,light-bulb,0.6953383684158325,0.7198242545127869,-0.024485886096954346
57,4,filament.,0.6953383684158325,0.4874122142791748,0.20792615413665771
180,0,It,0.3660004138946533,0.3443904519081116,0.021609961986541748
180,1,is,0.3660004138946533,0.357135534286499,0.008864879608154297
180,2,subject,0.3660004138946533,0.3503686189651489,0.015631794929504395
180,3,to,0.3660004138946533,0.3313177824020386,0.034682631492614746
180,4,predation,0.3660004138946533,0.30975139141082764,0.056249022483825684
180,5,by,0.3660004138946533,0.4466228783130646,-0.08062246441841125
180,6,beetles,0.3660004138946533,0.12755092978477478,0.23844948410987854
180,7,and,0.3660004138946533,0.5074687600135803,-0.141468346118927
180,8,possibly,0.3660004138946533,0.5373815298080444,-0.1713811159133911
180,9,rodents.,0.3660004138946533,0.003640398383140564,0.36236001551151276
360,0,The,0.584579348564148,0.5660361647605896,0.01854318380355835
360,1,unit,0.584579348564148,0.4916183650493622,0.09296098351478577
360,2,is,0.584579348564148,0.5646692514419556,0.019910097122192383
360,3,authorized,0.584579348564148,0.2948485016822815,0.28973084688186646
360,4,to,0.584579348564148,0.6426483392715454,-0.05806899070739746
360,5,fly,0.584579348564148,0.6714519262313843,-0.08687257766723633
360,6,the,0.584579348564148,0.6219047904014587,-0.03732544183731079
360,7,appropriate,0.584579348564148,0.6069729328155518,-0.02239358425140381
360,8,streamer,0.584579348564148,0.45538780093193054,0.1291915476322174
360,9,on,0.584579348564148,0.5754367709159851,0.009142577648162842
360,10,its,0.584579348564148,0.5183210968971252,0.0662582516670227
360,11,organizational,0.584579348564148,0.01924293301999569,0.5653364155441523
360,12,flag.,0.584579348564148,0.005877309944480658,0.5787020386196673
271,0,Some,0.7878218293190002,0.7630273699760437,0.024794459342956543
271,1,people,0.7878218293190002,0.7601650953292847,0.027656733989715576
271,2,like,0.7878218293190002,0.7619289755821228,0.02589285373687744
271,3,sea,0.7878218293190002,0.8162563443183899,-0.02843451499938965
271,4,"gulls,",0.7878218293190002,0.0007264483137987554,0.7870953810052015
271,5,others,0.7878218293190002,0.7557438015937805,0.03207802772521973
271,6,don't.,0.7878218293190002,0.6720272302627563,0.1157945990562439
158,0,I,0.7141501903533936,0.7001004219055176,0.014049768447875977
158,1,was,0.7141501903533936,0.7001896500587463,0.013960540294647217
158,2,hoping,0.7141501903533936,0.5916743874549866,0.12247580289840698
158,3,you,0.7141501903533936,0.749593198299408,-0.035443007946014404
158,4,might,0.7141501903533936,0.4012412130832672,0.31290897727012634
158,5,know,0.7141501903533936,0.7125983238220215,0.0015518665313720703
158,6,a,0.7141501903533936,0.7252353429794312,-0.011085152626037598
158,7,thing,0.7141501903533936,0.7150930762290955,-0.0009428858757019043
158,8,or,0.7141501903533936,0.7015724182128906,0.01257777214050293
158,9,two,0.7141501903533936,0.5458354353904724,0.16831475496292114
158,10,about,0.7141501903533936,0.38008758425712585,0.3340626060962677
158,11,my,0.7141501903533936,0.004604507237672806,0.7095456831157207
158,12,surly,0.7141501903533936,0.0013667400926351547,0.7127834502607584
158,13,shadow?,0.7141501903533936,0.3358559012413025,0.37829428911209106
33,0,As,0.42940106987953186,0.4251059889793396,0.004295080900192261
33,1,the,0.42940106987953186,0.4596902132034302,-0.030289143323898315
33,2,astronaut,0.42940106987953186,0.15076817572116852,0.27863289415836334
33,3,walked,0.42940106987953186,0.3505696952342987,0.07883137464523315
33,4,into,0.42940106987953186,0.4105992019176483,0.018801867961883545
33,5,the,0.42940106987953186,0.4431348443031311,-0.013733774423599243
33,6,translucent,0.42940106987953186,0.06549368053674698,0.3639073893427849
33,7,"pod,",0.42940106987953186,0.00037068332312628627,0.4290303865564056
33,8,it,0.42940106987953186,0.3218752443790436,0.10752582550048828
33,9,transformed,0.42940106987953186,0.22299577295780182,0.20640529692173004
33,10,into,0.42940106987953186,0.4330745339393616,-0.003673464059829712
33,11,an,0.42940106987953186,0.4039823114871979,0.025418758392333984
33,12,opaque,0.42940106987953186,0.5025062561035156,-0.07310518622398376
33,13,material.,0.42940106987953186,0.23131804168224335,0.1980830281972885
143,0,I,0.5627232789993286,0.6656859517097473,-0.1029626727104187
143,1,believe,0.5627232789993286,0.4313972592353821,0.13132601976394653
143,2,that,0.5627232789993286,0.5998660326004028,-0.03714275360107422
143,3,there,0.5627232789993286,0.5039227604866028,0.05880051851272583
143,4,are,0.5627232789993286,0.6225963234901428,-0.05987304449081421
143,5,lots,0.5627232789993286,0.37745097279548645,0.18527230620384216
143,6,of,0.5627232789993286,0.6130552887916565,-0.05033200979232788
143,7,spiders,0.5627232789993286,0.21367661654949188,0.34904666244983673
143,8,gathering,0.5627232789993286,0.12065718322992325,0.44206609576940536
143,9,in,0.5627232789993286,0.5497023463249207,0.013020932674407959
143,10,the,0.5627232789993286,0.6055690050125122,-0.042845726013183594
143,11,attic.,0.5627232789993286,0.0006771339103579521,0.5620461450889707
310,0,The,0.44302093982696533,0.4657471179962158,-0.02272617816925049
310,1,devil,0.44302093982696533,0.0947299599647522,0.34829097986221313
310,2,finds,0.44302093982696533,0.48437991738319397,-0.04135897755622864
310,3,work,0.44302093982696533,0.3598944842815399,0.08312645554542542
310,4,for,0.44302093982696533,0.12125927954912186,0.3217616602778435
310,5,idle,0.44302093982696533,0.000406940293032676,0.44261399953393266
310,6,hands.,0.44302093982696533,0.19304624199867249,0.24997469782829285
297,0,The,0.749470591545105,0.5640008449554443,0.18546974658966064
297,1,boy,0.749470591545105,0.3434978127479553,0.40597277879714966
297,2,was,0.749470591545105,0.4729308485984802,0.27653974294662476
297,3,cuddling,0.749470591545105,0.25480881333351135,0.49466177821159363
297,4,with,0.749470591545105,0.6817144751548767,0.06775611639022827
297,5,his,0.749470591545105,0.5027022957801819,0.2467682957649231
297,6,fluffy,0.749470591545105,0.12125736474990845,0.6282132267951965
297,7,teddy,0.749470591545105,0.5969592332839966,0.1525113582611084
297,8,bear.,0.749470591545105,0.3665264844894409,0.38294410705566406
196,0,Jeffery,0.3301602602005005,0.11444898694753647,0.21571127325296402
196,1,really,0.3301602602005005,0.3247157037258148,0.005444556474685669
196,2,pulled,0.3301602602005005,0.11663008481264114,0.21353017538785934
196,3,a,0.3301602602005005,0.20527130365371704,0.12488895654678345
196,4,"boner,",0.3301602602005005,0.03313002735376358,0.2970302328467369
196,5,but,0.3301602602005005,0.3498018682003021,-0.019641607999801636
196,6,in,0.3301602602005005,0.26936614513397217,0.06079411506652832
196,7,the,0.3301602602005005,0.33443284034729004,-0.004272580146789551
196,8,end,0.3301602602005005,0.19919241964817047,0.13096784055233002
196,9,everyone,0.3301602602005005,0.346292644739151,-0.016132384538650513
196,10,could,0.3301602602005005,0.35160040855407715,-0.02144014835357666
196,11,laugh,0.3301602602005005,0.26270341873168945,0.06745684146881104
196,12,about,0.3301602602005005,0.32634663581848145,0.003813624382019043
196,13,it.,0.3301602602005005,0.11142454296350479,0.2187357172369957
188,0,It,0.27394938468933105,0.2723350524902344,0.0016143321990966797
188,1,was,0.27394938468933105,0.2666567265987396,0.007292658090591431
188,2,such,0.27394938468933105,0.27074843645095825,0.0032009482383728027
188,3,a,0.27394938468933105,0.276354044675827,-0.0024046599864959717
188,4,"thrill,",0.27394938468933105,0.25324565172195435,0.02070373296737671
188,5,her,0.27394938468933105,0.2163105309009552,0.057638853788375854
188,6,veins,0.27394938468933105,0.08954059332609177,0.1844087913632393
188,7,were,0.27394938468933105,0.27669981122016907,-0.0027504265308380127
188,8,pumped,0.27394938468933105,0.29851797223091125,-0.0245685875415802
188,9,full,0.27394938468933105,0.26527056097984314,0.008678823709487915
188,10,of,0.27394938468933105,0.19404661655426025,0.0799027681350708
188,11,adrenaline.,0.27394938468933105,0.005037698894739151,0.2689116857945919
109,0,He,0.6526597738265991,0.5987635850906372,0.053896188735961914
109,1,heard,0.6526597738265991,0.4931284785270691,0.15953129529953003
109,2,a,0.6526597738265991,0.5830239653587341,0.06963580846786499
109,3,muffled,0.6526597738265991,0.7050008773803711,-0.05234110355377197
109,4,grating,0.6526597738265991,0.5691253542900085,0.08353441953659058
109,5,sound,0.6526597738265991,0.6989843249320984,-0.04632455110549927
109,6,and,0.6526597738265991,0.5850195288658142,0.06764024496078491
109,7,saw,0.6526597738265991,0.6081345081329346,0.04452526569366455
109,8,the,0.6526597738265991,0.5884596705436707,0.06420010328292847
109,9,black,0.6526597738265991,0.6527019143104553,-4.214048385620117e-05
109,10,mark,0.6526597738265991,0.6617858409881592,-0.009126067161560059
109,11,jerk,0.6526597738265991,0.7011184692382812,-0.04845869541168213
109,12,forward,0.6526597738265991,0.6419764161109924,0.01068335771560669
109,13,an,0.6526597738265991,0.5972806811332703,0.05537909269332886
109,14,inch,0.6526597738265991,0.474234402179718,0.1784253716468811
109,15,or,0.6526597738265991,0.5993204116821289,0.053339362144470215
109,16,so.,0.6526597738265991,0.26928868889808655,0.3833710849285126
199,0,Lemon,0.597430408000946,0.0014565086457878351,0.5959738993551582
199,1,trees,0.597430408000946,0.583477795124054,0.01395261287689209
199,2,are,0.597430408000946,0.5395171642303467,0.057913243770599365
199,3,not,0.597430408000946,0.6364983320236206,-0.03906792402267456
199,4,"yellow,",0.597430408000946,0.25776076316833496,0.3396696448326111
199,5,it's,0.597430408000946,0.5895834565162659,0.007846951484680176
199,6,just,0.597430408000946,0.5261129140853882,0.07131749391555786
199,7,the,0.597430408000946,0.6216751933097839,-0.02424478530883789
199,8,fruit.,0.597430408000946,0.26375675201416016,0.3336736559867859
181,0,It,0.9166752696037292,0.9334354400634766,-0.016760170459747314
181,1,may,0.9166752696037292,0.9209012389183044,-0.004225969314575195
181,2,be,0.9166752696037292,0.9189227223396301,-0.002247452735900879
181,3,done,0.9166752696037292,0.9250554442405701,-0.00838017463684082
181,4,by,0.9166752696037292,0.916019856929779,0.0006554126739501953
181,5,"coup,",0.9166752696037292,0.8446469306945801,0.07202833890914917
181,6,"impeachment,",0.9166752696037292,0.02985691837966442,0.8868183512240648
181,7,"invasion,",0.9166752696037292,0.9080284237861633,0.008646845817565918
181,8,or,0.9166752696037292,0.9221274852752686,-0.005452215671539307
181,9,forced,0.9166752696037292,0.9128286242485046,0.0038466453552246094
181,10,abdication.,0.9166752696037292,0.9109392166137695,0.005736052989959717
114,0,He,0.7655079364776611,0.6890305280685425,0.07647740840911865
114,1,offered,0.7655079364776611,0.7027074694633484,0.06280046701431274
114,2,the,0.7655079364776611,0.7410701513290405,0.024437785148620605
114,3,kids,0.7655079364776611,0.6675018668174744,0.09800606966018677
114,4,some,0.7655079364776611,0.7003073692321777,0.0652005672454834
114,5,ice-cream.,0.7655079364776611,0.010154107585549355,0.7553538288921118
96,0,"Grime,",0.49459102749824524,0.04662938416004181,0.44796164333820343
96,1,rust,0.49459102749824524,0.0019001199398189783,0.49269090755842626
96,2,and,0.49459102749824524,0.5371536612510681,-0.042562633752822876
96,3,residual,0.49459102749824524,0.48365339636802673,0.010937631130218506
96,4,particles,0.49459102749824524,0.46958184242248535,0.025009185075759888
96,5,polluted,0.49459102749824524,0.42176198959350586,0.07282903790473938
96,6,the,0.49459102749824524,0.483183354139328,0.011407673358917236
96,7,air.,0.49459102749824524,0.30768513679504395,0.1869058907032013
44,0,Birds,0.6720231771469116,0.472990483045578,0.19903269410133362
44,1,feed,0.6720231771469116,0.5995950698852539,0.07242810726165771
44,2,their,0.6720231771469116,0.685990571975708,-0.013967394828796387
44,3,offspring,0.6720231771469116,0.6051884293556213,0.06683474779129028
44,4,with,0.6720231771469116,0.5908759832382202,0.0811471939086914
44,5,"spiders,",0.6720231771469116,0.4984610974788666,0.17356207966804504
44,6,"worms,",0.6720231771469116,0.7185960412025452,-0.046572864055633545
44,7,slugs,0.6720231771469116,0.6373581886291504,0.03466498851776123
44,8,and,0.6720231771469116,0.6678963303565979,0.004126846790313721
44,9,bugs.,0.6720231771469116,0.5069797039031982,0.16504347324371338
144,0,I,0.7453068494796753,0.7170059680938721,0.028300881385803223
144,1,bet,0.7453068494796753,0.0022217726800590754,0.7430850767996162
144,2,you,0.7453068494796753,0.6684470176696777,0.07685983180999756
144,3,forgot,0.7453068494796753,0.6883721351623535,0.05693471431732178
144,4,the,0.7453068494796753,0.734245240688324,0.011061608791351318
144,5,wine!,0.7453068494796753,0.5940552353858948,0.15125161409378052
76,0,Due,0.7014095187187195,0.7174694538116455,-0.016059935092926025
76,1,to,0.7014095187187195,0.7329997420310974,-0.03159022331237793
76,2,his,0.7014095187187195,0.5608285069465637,0.14058101177215576
76,3,recurring,0.7014095187187195,0.6242857575416565,0.07712376117706299
76,4,hip,0.7014095187187195,0.00470863888040185,0.6967008798383176
76,5,"injuries,",0.7014095187187195,0.8254832029342651,-0.12407368421554565
76,6,"however,",0.7014095187187195,0.4785606563091278,0.22284886240959167
76,7,Bush,0.7014095187187195,0.6811978816986084,0.020211637020111084
76,8,voluntarily,0.7014095187187195,0.6893379092216492,0.012071609497070312
76,9,left,0.7014095187187195,0.6792566776275635,0.022152841091156006
76,10,spring,0.7014095187187195,0.7302483916282654,-0.0288388729095459
76,11,training,0.7014095187187195,0.7191015481948853,-0.01769202947616577
76,12,and,0.7014095187187195,0.686677873134613,0.014731645584106445
76,13,retired.,0.7014095187187195,0.5895346403121948,0.11187487840652466
268,0,So,0.569999635219574,0.22555619478225708,0.3444434404373169
268,1,he,0.569999635219574,0.47750863432884216,0.09249100089073181
268,2,could,0.569999635219574,0.6227343082427979,-0.05273467302322388
268,3,not,0.569999635219574,0.6592235565185547,-0.08922392129898071
268,4,be,0.569999635219574,0.578580379486084,-0.00858074426651001
268,5,"hasty,",0.569999635219574,0.006630182731896639,0.5633694524876773
268,6,nor,0.569999635219574,0.6198354959487915,-0.04983586072921753
268,7,impatient.,0.569999635219574,0.517145037651062,0.05285459756851196
26,0,Amshuverma,0.3669537603855133,0.10888705402612686,0.25806670635938644
26,1,had,0.3669537603855133,0.40989193320274353,-0.042938172817230225
26,2,written,0.3669537603855133,0.26746866106987,0.09948509931564331
26,3,a,0.3669537603855133,0.332592248916626,0.03436151146888733
26,4,book,0.3669537603855133,0.3561428189277649,0.010810941457748413
26,5,on,0.3669537603855133,0.37137648463249207,-0.00442272424697876
26,6,grammar,0.3669537603855133,0.13201788067817688,0.23493587970733643
26,7,in,0.3669537603855133,0.1278875172138214,0.2390662431716919
26,8,Sanskrit.,0.3669537603855133,0.00025362044107168913,0.3667001399444416
29,0,And,0.8184088468551636,0.7528120279312134,0.0655968189239502
29,1,they,0.8184088468551636,0.8061452507972717,0.012263596057891846
29,2,attacked,0.8184088468551636,0.6036585569381714,0.2147502899169922
29,3,an,0.8184088468551636,0.8077811002731323,0.01062774658203125
29,4,empty,0.8184088468551636,0.5954620838165283,0.22294676303863525
29,5,tent.,0.8184088468551636,0.03387557715177536,0.7845332697033882
176,0,It,0.15246126055717468,0.2525017559528351,-0.1000404953956604
176,1,contains,0.15246126055717468,0.09222137928009033,0.06023988127708435
176,2,Zucchini.,0.15246126055717468,0.0011272253468632698,0.1513340352103114
18,0,According,0.7120100855827332,0.7333599328994751,-0.021349847316741943
18,1,to,0.7120100855827332,0.7116339206695557,0.00037616491317749023
18,2,"Freud,",0.7120100855827332,0.7105316519737244,0.001478433609008789
18,3,the,0.7120100855827332,0.7121169567108154,-0.00010687112808227539
18,4,Virgin's,0.7120100855827332,0.6769211292266846,0.035088956356048584
18,5,garment,0.7120100855827332,0.6808369159698486,0.03117316961288452
18,6,reveals,0.7120100855827332,0.6974045038223267,0.014605581760406494
18,7,a,0.7120100855827332,0.7999813556671143,-0.0879712700843811
18,8,vulture,0.7120100855827332,0.0007099226349964738,0.7113001629477367
18,9,when,0.7120100855827332,0.7774323225021362,-0.06542223691940308
18,10,viewed,0.7120100855827332,0.7269454598426819,-0.01493537425994873
18,11,sideways.,0.7120100855827332,0.6560293436050415,0.05598074197769165
341,0,The,0.6837647557258606,0.6467834711074829,0.036981284618377686
341,1,paramedics,0.6837647557258606,0.6478434205055237,0.035921335220336914
341,2,took,0.6837647557258606,0.6231889724731445,0.060575783252716064
341,3,out,0.6837647557258606,0.6084978580474854,0.07526689767837524
341,4,the,0.6837647557258606,0.6775663495063782,0.006198406219482422
341,5,defibrillator,0.6837647557258606,0.005235021468251944,0.6785297342576087
341,6,to,0.6837647557258606,0.6915374398231506,-0.007772684097290039
341,7,reanimate,0.6837647557258606,0.5690058469772339,0.11475890874862671
341,8,the,0.6837647557258606,0.6604408025741577,0.02332395315170288
341,9,motorcyclist.,0.6837647557258606,0.594762921333313,0.08900183439254761
62,0,Daily,0.5108919739723206,0.5003617405891418,0.010530233383178711
62,1,Telegraph,0.5108919739723206,0.480692058801651,0.030199915170669556
62,2,journalist,0.5108919739723206,0.46823203563690186,0.0426599383354187
62,3,Toby,0.5108919739723206,0.3864890933036804,0.12440288066864014
62,4,Harnden,0.5108919739723206,0.4636106491088867,0.04728132486343384
62,5,described,0.5108919739723206,0.0037723155692219734,0.5071196584030986
62,6,Yon's,0.5108919739723206,0.00015343038830906153,0.5107385435840115
62,7,commentary,0.5108919739723206,0.3984464704990387,0.11244550347328186
62,8,as,0.5108919739723206,0.47066640853881836,0.0402255654335022
62,9,"""excoriating"".",0.5108919739723206,0.3810410797595978,0.12985089421272278
263,0,She,0.3049960434436798,0.16420888900756836,0.14078715443611145
263,1,sewed,0.3049960434436798,0.0012329993769526482,0.30376304406672716
263,2,the,0.3049960434436798,0.2849583923816681,0.02003765106201172
263,3,torn,0.3049960434436798,0.03739543631672859,0.2676006071269512
263,4,coat,0.3049960434436798,0.09377993643283844,0.21121610701084137
263,5,quite,0.3049960434436798,0.0379086472094059,0.2670873962342739
263,6,neatly.,0.3049960434436798,0.10275649279356003,0.20223955065011978
146,0,I,0.293575644493103,0.2605498135089874,0.0330258309841156
146,1,couldn’t,0.293575644493103,0.11936689168214798,0.17420875281095505
146,2,stop,0.293575644493103,0.05416226014494896,0.23941338434815407
146,3,staring,0.293575644493103,0.0003306747239548713,0.29324496976914816
146,4,at,0.293575644493103,0.4872719347476959,-0.1936962902545929
146,5,it.,0.293575644493103,0.24945248663425446,0.04412315785884857
262,0,She,0.34829211235046387,0.3111773729324341,0.037114739418029785
262,1,had,0.34829211235046387,0.3429293632507324,0.005362749099731445
262,2,her,0.34829211235046387,0.08875613659620285,0.259535975754261
262,3,cardigan,0.34829211235046387,0.0024891875218600035,0.34580292482860386
262,4,on.,0.34829211235046387,0.08345763385295868,0.2648344784975052
383,0,They,0.3015110194683075,0.20619319379329681,0.09531782567501068
383,1,walked,0.3015110194683075,0.17733585834503174,0.12417516112327576
383,2,in,0.3015110194683075,0.2714320421218872,0.030078977346420288
383,3,from,0.3015110194683075,0.038722045719623566,0.26278897374868393
383,4,the,0.3015110194683075,0.28925707936286926,0.012253940105438232
383,5,"rain,",0.3015110194683075,0.023342493921518326,0.27816852554678917
383,6,all,0.3015110194683075,0.013708185404539108,0.2878028340637684
383,7,dishevelled,0.3015110194683075,0.006958357524126768,0.2945526619441807
383,8,and,0.3015110194683075,0.47760048508644104,-0.17608946561813354
383,9,steaming.,0.3015110194683075,0.1850999891757965,0.11641103029251099
231,0,"Oh,",0.49408161640167236,3.2023406674852595e-05,0.4940495929949975
231,1,is,0.49408161640167236,0.5968257188796997,-0.10274410247802734
231,2,that,0.49408161640167236,0.488226056098938,0.005855560302734375
231,3,all?,0.49408161640167236,0.49952608346939087,-0.005444467067718506
153,0,I,0.7175716757774353,0.7175738215446472,-2.1457672119140625e-06
153,1,like,0.7175716757774353,0.7514662146568298,-0.03389453887939453
153,2,ice-cream.,0.7175716757774353,0.0034859671723097563,0.7140857086051255
198,0,"Later,",0.11198879033327103,0.025352081283926964,0.08663670904934406
198,1,the,0.11198879033327103,0.11565857380628586,-0.0036697834730148315
198,2,Nine,0.11198879033327103,0.01613404043018818,0.09585474990308285
198,3,Olympian,0.11198879033327103,0.006820542272180319,0.10516824806109071
198,4,Muses,0.11198879033327103,6.404244777513668e-05,0.11192474788549589
198,5,were,0.11198879033327103,0.09490220248699188,0.017086587846279144
198,6,named.,0.11198879033327103,0.07950125634670258,0.03248753398656845
39,0,Before,0.1615898460149765,0.10596608370542526,0.05562376230955124
39,1,him,0.1615898460149765,0.13646981120109558,0.02512003481388092
39,2,was,0.1615898460149765,0.14561133086681366,0.015978515148162842
39,3,an,0.1615898460149765,0.15433917939662933,0.007250666618347168
39,4,enormous,0.1615898460149765,0.042214322835206985,0.11937552317976952
39,5,white,0.1615898460149765,0.051477640867233276,0.11011220514774323
39,6,"horse,",0.1615898460149765,0.11940805613994598,0.04218178987503052
39,7,rearing,0.1615898460149765,0.08878754824399948,0.07280229777097702
39,8,over,0.1615898460149765,0.12957291305065155,0.03201693296432495
39,9,him,0.1615898460149765,0.18899551033973694,-0.027405664324760437
39,10,with,0.1615898460149765,0.16028735041618347,0.0013024955987930298
39,11,a,0.1615898460149765,0.13647271692752838,0.02511712908744812
39,12,frightening,0.1615898460149765,0.44101962447166443,-0.2794297784566879
39,13,scream.,0.1615898460149765,0.02969364821910858,0.13189619779586792
260,0,She,0.7603707909584045,0.7588123083114624,0.0015584826469421387
260,1,flaps,0.7603707909584045,0.5810664892196655,0.179304301738739
260,2,her,0.7603707909584045,0.8467348217964172,-0.0863640308380127
260,3,cape,0.7603707909584045,0.1002824604511261,0.6600883305072784
260,4,as,0.7603707909584045,0.7554493546485901,0.004921436309814453
260,5,she,0.7603707909584045,0.7488120198249817,0.011558771133422852
260,6,parades,0.7603707909584045,0.726235032081604,0.03413575887680054
260,7,the,0.7603707909584045,0.75583416223526,0.004536628723144531
260,8,street.,0.7603707909584045,0.45197048783302307,0.30840030312538147
284,0,The,0.8150829076766968,0.8090166449546814,0.006066262722015381
284,1,Anamudi,0.8150829076766968,0.5647913813591003,0.25029152631759644
284,2,peak,0.8150829076766968,0.6811206936836243,0.1339622139930725
284,3,area,0.8150829076766968,0.7441243529319763,0.07095855474472046
284,4,is,0.8150829076766968,0.8053025603294373,0.009780347347259521
284,5,also,0.8150829076766968,0.797697901725769,0.017385005950927734
284,6,habitat,0.8150829076766968,0.7982670664787292,0.01681584119796753
284,7,of,0.8150829076766968,0.816067099571228,-0.00098419189453125
284,8,a,0.8150829076766968,0.821029543876648,-0.005946636199951172
284,9,unique,0.8150829076766968,0.704535722732544,0.11054718494415283
284,10,frog,0.8150829076766968,0.325895756483078,0.4891871511936188
284,11,"""Raorchestes",0.8150829076766968,0.8512631058692932,-0.036180198192596436
284,12,"resplendens"".",0.8150829076766968,0.7606553435325623,0.05442756414413452
285,0,The,0.3084154427051544,0.30460068583488464,0.0038147568702697754
285,1,Englishman,0.3084154427051544,0.055878229439258575,0.25253721326589584
285,2,prodded,0.3084154427051544,0.0001967005227925256,0.3082187421823619
285,3,"him,",0.3084154427051544,0.5308400392532349,-0.22242459654808044
285,4,and,0.3084154427051544,0.37500590085983276,-0.06659045815467834
285,5,the,0.3084154427051544,0.3227405250072479,-0.014325082302093506
285,6,boy,0.3084154427051544,0.3164342939853668,-0.008018851280212402
285,7,asked,0.3084154427051544,0.1801665723323822,0.12824887037277222
285,8,her,0.3084154427051544,0.3453156352043152,-0.03690019249916077
285,9,about,0.3084154427051544,0.3186802864074707,-0.010264843702316284
285,10,the,0.3084154427051544,0.31554877758026123,-0.0071333348751068115
285,11,man,0.3084154427051544,0.32197803258895874,-0.013562589883804321
285,12,who,0.3084154427051544,0.32772311568260193,-0.01930767297744751
285,13,cured,0.3084154427051544,0.34045422077178955,-0.03203877806663513
285,14,people's,0.3084154427051544,0.2953673005104065,0.013048142194747925
285,15,illnesses.,0.3084154427051544,0.19714902341365814,0.11126641929149628
402,0,When,0.8880887031555176,0.789308488368988,0.09878021478652954
402,1,a,0.8880887031555176,0.8894398808479309,-0.00135117769241333
402,2,fox,0.8880887031555176,0.22177109122276306,0.6663176119327545
402,3,hears,0.8880887031555176,0.8108893036842346,0.07719939947128296
402,4,a,0.8880887031555176,0.8874009251594543,0.0006877779960632324
402,5,rabbit,0.8880887031555176,0.8768711686134338,0.01121753454208374
402,6,screaming,0.8880887031555176,0.8837411403656006,0.004347562789916992
402,7,it,0.8880887031555176,0.8690506219863892,0.019038081169128418
402,8,comes,0.8880887031555176,0.8669024109840393,0.02118629217147827
402,9,"running,",0.8880887031555176,0.8745627403259277,0.013525962829589844
402,10,but,0.8880887031555176,0.88154137134552,0.006547331809997559
402,11,not,0.8880887031555176,0.8800343871116638,0.00805431604385376
402,12,to,0.8880887031555176,0.8883349895477295,-0.00024628639221191406
402,13,help.,0.8880887031555176,0.5415576696395874,0.3465310335159302
204,0,Linfen,0.5160204768180847,0.00548744248226285,0.5105330343358219
204,1,has,0.5160204768180847,0.5525179505348206,-0.03649747371673584
204,2,rich,0.5160204768180847,0.4619010090827942,0.05411946773529053
204,3,mineral,0.5160204768180847,0.5287150740623474,-0.012694597244262695
204,4,resources,0.5160204768180847,0.5400474667549133,-0.024026989936828613
204,5,including,0.5160204768180847,0.5248802304267883,-0.008859753608703613
204,6,"coal,",0.5160204768180847,0.5186286568641663,-0.002608180046081543
204,7,iron,0.5160204768180847,0.5107938051223755,0.0052266716957092285
204,8,"ore,",0.5160204768180847,0.5236474275588989,-0.007626950740814209
204,9,"copper,",0.5160204768180847,0.5244346857070923,-0.008414208889007568
204,10,and,0.5160204768180847,0.5088366270065308,0.007183849811553955
204,11,lead.,0.5160204768180847,0.47992342710494995,0.036097049713134766
289,0,The,0.8226622343063354,0.7478435635566711,0.0748186707496643
289,1,alchemist,0.8226622343063354,0.0931582823395729,0.7295039519667625
289,2,removed,0.8226622343063354,0.7278468608856201,0.09481537342071533
289,3,the,0.8226622343063354,0.8021978735923767,0.02046436071395874
289,4,pan,0.8226622343063354,0.024226117879152298,0.7984361164271832
289,5,from,0.8226622343063354,0.4766961634159088,0.34596607089042664
289,6,the,0.8226622343063354,0.8067902326583862,0.01587200164794922
289,7,"fire,",0.8226622343063354,0.825705349445343,-0.0030431151390075684
289,8,and,0.8226622343063354,0.8281689882278442,-0.005506753921508789
289,9,set,0.8226622343063354,0.794467568397522,0.028194665908813477
289,10,it,0.8226622343063354,0.828175961971283,-0.00551372766494751
289,11,aside,0.8226622343063354,0.8101204037666321,0.01254183053970337
289,12,to,0.8226622343063354,0.7471573948860168,0.0755048394203186
289,13,cool.,0.8226622343063354,0.31540757417678833,0.5072546601295471
288,0,The,0.5586010813713074,0.5553902387619019,0.0032108426094055176
288,1,Pancake,0.5586010813713074,0.007399422582238913,0.5512016587890685
288,2,Post,0.5586010813713074,0.6675695180892944,-0.10896843671798706
288,3,Office,0.5586010813713074,0.6431177854537964,-0.08451670408248901
288,4,has,0.5586010813713074,0.5717297196388245,-0.01312863826751709
288,5,been,0.5586010813713074,0.567715585231781,-0.009114503860473633
288,6,closed.,0.5586010813713074,0.4539249539375305,0.10467612743377686
40,0,Before,0.8888976573944092,0.6582680940628052,0.230629563331604
40,1,you,0.8888976573944092,0.8567395210266113,0.03215813636779785
40,2,meet,0.8888976573944092,0.7760283350944519,0.11286932229995728
40,3,the,0.8888976573944092,0.869239091873169,0.019658565521240234
40,4,handsome,0.8888976573944092,0.7739851474761963,0.11491250991821289
40,5,prince,0.8888976573944092,0.8282678127288818,0.060629844665527344
40,6,you,0.8888976573944092,0.8566165566444397,0.03228110074996948
40,7,have,0.8888976573944092,0.8572192192077637,0.03167843818664551
40,8,to,0.8888976573944092,0.8531748056411743,0.03572285175323486
40,9,kiss,0.8888976573944092,0.7722400426864624,0.11665761470794678
40,10,a,0.8888976573944092,0.8789120316505432,0.009985625743865967
40,11,lot,0.8888976573944092,0.8571409583091736,0.031756699085235596
40,12,of,0.8888976573944092,0.8774830102920532,0.011414647102355957
40,13,toads.,0.8888976573944092,0.006583176087588072,0.8823144813068211
415,0,Why,0.1746470034122467,0.10725753009319305,0.06738947331905365
415,1,is,0.1746470034122467,0.1408548802137375,0.033792123198509216
415,2,pinball,0.1746470034122467,8.635428821435198e-05,0.17456064912403235
415,3,so,0.1746470034122467,0.2362208515405655,-0.06157384812831879
415,4,addictive?,0.1746470034122467,0.08918474614620209,0.08546225726604462
347,0,The,0.42646482586860657,0.4107690751552582,0.01569575071334839
347,1,scabbard,0.42646482586860657,0.03671910986304283,0.38974571600556374
347,2,was,0.42646482586860657,0.46551480889320374,-0.03904998302459717
347,3,embossed,0.42646482586860657,0.3775083124637604,0.04895651340484619
347,4,in,0.42646482586860657,0.41845133900642395,0.008013486862182617
347,5,"silver,",0.42646482586860657,0.4791632294654846,-0.05269840359687805
347,6,and,0.42646482586860657,0.4046889543533325,0.021775871515274048
347,7,the,0.42646482586860657,0.41365846991539,0.012806355953216553
347,8,handle,0.42646482586860657,0.29790422320365906,0.1285606026649475
347,9,was,0.42646482586860657,0.4731346070766449,-0.04666978120803833
347,10,black,0.42646482586860657,0.36019980907440186,0.06626501679420471
347,11,and,0.42646482586860657,0.44941988587379456,-0.02295506000518799
347,12,encrusted,0.42646482586860657,0.366678923368454,0.05978590250015259
347,13,with,0.42646482586860657,0.4258321523666382,0.0006326735019683838
347,14,precious,0.42646482586860657,0.4681800901889801,-0.041715264320373535
347,15,stones.,0.42646482586860657,0.2311897575855255,0.19527506828308105
320,0,The,0.6502677798271179,0.6933929324150085,-0.043125152587890625
320,1,game,0.6502677798271179,0.7170664072036743,-0.0667986273765564
320,2,ends,0.6502677798271179,0.6681010127067566,-0.017833232879638672
320,3,when,0.6502677798271179,0.3098490536212921,0.3404187262058258
320,4,all,0.6502677798271179,0.2640366554260254,0.38623112440109253
320,5,the,0.6502677798271179,0.6521036624908447,-0.0018358826637268066
320,6,Chuckies,0.6502677798271179,0.5853133201599121,0.06495445966720581
320,7,are,0.6502677798271179,0.697920024394989,-0.047652244567871094
320,8,exhausted.,0.6502677798271179,0.03229241073131561,0.6179753690958023
362,0,The,0.7864713668823242,0.7684587240219116,0.018012642860412598
362,1,whole,0.7864713668823242,0.5965739488601685,0.18989741802215576
362,2,thing,0.7864713668823242,0.7694461345672607,0.017025232315063477
362,3,seemed,0.7864713668823242,0.732545018196106,0.05392634868621826
362,4,depressingly,0.7864713668823242,0.2616983652114868,0.5247730016708374
362,5,futile.,0.7864713668823242,0.6303722262382507,0.1560991406440735
382,0,They,0.8833654522895813,0.8785387873649597,0.004826664924621582
382,1,provided,0.8833654522895813,0.7148347496986389,0.16853070259094238
382,2,warnings,0.8833654522895813,0.8788386583328247,0.004526793956756592
382,3,about,0.8833654522895813,0.8096041083335876,0.07376134395599365
382,4,thieves,0.8833654522895813,0.03505789861083031,0.848307553678751
382,5,and,0.8833654522895813,0.8845616579055786,-0.0011962056159973145
382,6,barbarian,0.8833654522895813,0.8848586678504944,-0.001493215560913086
382,7,tribes.,0.8833654522895813,0.8243607878684998,0.05900466442108154
10,0,A,0.5505434274673462,0.7611873149871826,-0.21064388751983643
10,1,stone,0.5505434274673462,0.15980182588100433,0.39074160158634186
10,2,flounder,0.5505434274673462,5.0431786803528666e-05,0.5504929956805427
10,3,is,0.5505434274673462,0.15089188516139984,0.39965154230594635
10,4,the,0.5505434274673462,0.5515443682670593,-0.0010009407997131348
10,5,textbook,0.5505434274673462,0.4840562045574188,0.06648722290992737
10,6,definition,0.5505434274673462,0.49027901887893677,0.060264408588409424
10,7,of,0.5505434274673462,0.5299250483512878,0.02061837911605835
10,8,effective,0.5505434274673462,0.5970875024795532,-0.04654407501220703
10,9,camouflage.,0.5505434274673462,0.3916738033294678,0.15886962413787842
87,0,Forbes,0.5552368760108948,0.06564830243587494,0.48958857357501984
87,1,was,0.5552368760108948,0.4876064360141754,0.06763043999671936
87,2,born,0.5552368760108948,0.23736687004566193,0.31787000596523285
87,3,in,0.5552368760108948,0.4352266490459442,0.12001022696495056
87,4,Dundee.,0.5552368760108948,6.829854828538373e-05,0.5551685774626094
267,0,Smaller,0.6544795632362366,0.1214580163359642,0.5330215469002724
267,1,ellipses,0.6544795632362366,0.00018136728613171726,0.6542981959501049
267,2,create,0.6544795632362366,0.6199045181274414,0.034575045108795166
267,3,fewer,0.6544795632362366,0.6351611614227295,0.01931840181350708
267,4,reflections.,0.6544795632362366,0.5530682802200317,0.10141128301620483
364,0,The,0.6247237920761108,0.5596388578414917,0.06508493423461914
364,1,young,0.6247237920761108,0.5488449931144714,0.0758787989616394
364,2,kid,0.6247237920761108,0.6225890517234802,0.0021347403526306152
364,3,jumped,0.6247237920761108,0.444572389125824,0.18015140295028687
364,4,the,0.6247237920761108,0.6277008652687073,-0.0029770731925964355
364,5,rusty,0.6247237920761108,0.004268046002835035,0.6204557460732758
364,6,gate.,0.6247237920761108,0.5116758942604065,0.11304789781570435
41,0,Believe,0.43320608139038086,0.37313711643218994,0.06006896495819092
41,1,it,0.43320608139038086,0.43660497665405273,-0.003398895263671875
41,2,or,0.43320608139038086,0.4191822409629822,0.014023840427398682
41,3,"not,",0.43320608139038086,0.4252889156341553,0.007917165756225586
41,4,this,0.43320608139038086,0.4429430663585663,-0.009736984968185425
41,5,peanut,0.43320608139038086,0.0627775564789772,0.37042852491140366
41,6,butter,0.43320608139038086,1.5865402019699104e-05,0.43319021598836116
41,7,is,0.43320608139038086,0.41530662775039673,0.01789945363998413
41,8,homemade.,0.43320608139038086,0.2845267355442047,0.14867934584617615
102,0,He,0.1309494525194168,0.15329913794994354,-0.022349685430526733
102,1,began,0.1309494525194168,0.07168968766927719,0.05925976485013962
102,2,playing,0.1309494525194168,0.09594672918319702,0.03500272333621979
102,3,guitar,0.1309494525194168,0.033618662506341934,0.09733079001307487
102,4,and,0.1309494525194168,0.10976595431566238,0.021183498203754425
102,5,soon,0.1309494525194168,0.010900245048105717,0.12004920747131109
102,6,added,0.1309494525194168,0.008720104582607746,0.12222934793680906
102,7,dobro,0.1309494525194168,0.003211006987839937,0.12773844553157687
102,8,and,0.1309494525194168,0.009379996918141842,0.12156945560127497
102,9,lap,0.1309494525194168,0.004296697676181793,0.12665275484323502
102,10,steel.,0.1309494525194168,0.012205188162624836,0.11874426435679197
90,0,Gamble,0.7836148142814636,0.6465785503387451,0.1370362639427185
90,1,played,0.7836148142814636,0.7654073238372803,0.01820749044418335
90,2,"cornerback,",0.7836148142814636,0.7843596339225769,-0.0007448196411132812
90,3,wide,0.7836148142814636,0.7853233218193054,-0.0017085075378417969
90,4,"receiver,",0.7836148142814636,0.7935484647750854,-0.009933650493621826
90,5,and,0.7836148142814636,0.7868378758430481,-0.0032230615615844727
90,6,all,0.7836148142814636,0.7865921258926392,-0.002977311611175537
90,7,phases,0.7836148142814636,0.7902796268463135,-0.0066648125648498535
90,8,of,0.7836148142814636,0.7833601236343384,0.00025469064712524414
90,9,special,0.7836148142814636,0.7967932820320129,-0.013178467750549316
90,10,teams,0.7836148142814636,0.8111131191253662,-0.027498304843902588
90,11,at,0.7836148142814636,0.8124005198478699,-0.02878570556640625
90,12,Ohio,0.7836148142814636,0.006636997684836388,0.7769778165966272
90,13,State.,0.7836148142814636,0.8205879330635071,-0.03697311878204346
392,0,Tin,0.378449022769928,0.13256381452083588,0.2458852082490921
392,1,cans,0.378449022769928,0.5730805397033691,-0.19463151693344116
392,2,are,0.378449022769928,0.19321662187576294,0.18523240089416504
392,3,absent,0.378449022769928,0.3697908818721771,0.008658140897750854
392,4,from,0.378449022769928,0.569200336933136,-0.190751314163208
392,5,store,0.378449022769928,0.5884467959403992,-0.2099977731704712
392,6,shelves.,0.378449022769928,0.10022879391908646,0.2782202288508415
381,0,They,0.2886582016944885,0.22623519599437714,0.06242300570011139
381,1,have,0.2886582016944885,0.24851830303668976,0.04013989865779877
381,2,cheap,0.2886582016944885,0.10591970384120941,0.1827384978532791
381,3,sausages,0.2886582016944885,0.2508115768432617,0.03784662485122681
381,4,and,0.2886582016944885,0.4066803753376007,-0.11802217364311218
381,5,fries,0.2886582016944885,0.2170965075492859,0.07156169414520264
381,6,at,0.2886582016944885,0.26522940397262573,0.023428797721862793
381,7,the,0.2886582016944885,0.2973456084728241,-0.008687406778335571
381,8,brewery,0.2886582016944885,0.2546427249908447,0.0340154767036438
381,9,tomorrow.,0.2886582016944885,0.3046914041042328,-0.016033202409744263
36,0,At,0.5245862603187561,0.3128189444541931,0.211767315864563
36,1,"most,",0.5245862603187561,0.14749766886234283,0.37708859145641327
36,2,they,0.5245862603187561,0.49699974060058594,0.027586519718170166
36,3,thought,0.5245862603187561,0.4712938368320465,0.053292423486709595
36,4,that,0.5245862603187561,0.5202822685241699,0.004303991794586182
36,5,another,0.5245862603187561,0.27242663502693176,0.25215962529182434
36,6,meteorite,0.5245862603187561,8.114192314678803e-05,0.5245051183956093
36,7,had,0.5245862603187561,0.5309590697288513,-0.006372809410095215
36,8,descended.,0.5245862603187561,0.45309022068977356,0.07149603962898254
287,0,The,0.2864052951335907,0.27198460698127747,0.014420688152313232
287,1,New,0.2864052951335907,0.1341741979122162,0.1522310972213745
287,2,Latin,0.2864052951335907,0.1508050113916397,0.135600283741951
287,3,term,0.2864052951335907,0.24885311722755432,0.03755217790603638
287,4,"""corbicula""",0.2864052951335907,0.1217208057641983,0.1646844893693924
287,5,is,0.2864052951335907,0.2964540421962738,-0.010048747062683105
287,6,a,0.2864052951335907,0.2616906762123108,0.024714618921279907
287,7,diminutive,0.2864052951335907,0.23885458707809448,0.047550708055496216
287,8,of,0.2864052951335907,0.26113125681877136,0.025274038314819336
287,9,"""corbis"",",0.2864052951335907,0.14864405989646912,0.13776123523712158
287,10,a,0.2864052951335907,0.3659587800502777,-0.07955348491668701
287,11,basket,0.2864052951335907,0.07963782548904419,0.2067674696445465
287,12,or,0.2864052951335907,0.036318156868219376,0.2500871382653713
287,13,pannier.,0.2864052951335907,1.2992879419471137e-05,0.2863923022541712
417,0,Would,0.7542350888252258,0.7641776204109192,-0.00994253158569336
417,1,anyone,0.7542350888252258,0.5812709331512451,0.1729641556739807
417,2,care,0.7542350888252258,0.7380234003067017,0.01621168851852417
417,3,for,0.7542350888252258,0.7606566548347473,-0.006421566009521484
417,4,some,0.7542350888252258,0.6194738745689392,0.13476121425628662
417,5,lavender,0.7542350888252258,0.004879663698375225,0.7493554251268506
417,6,custard?,0.7542350888252258,0.5047785639762878,0.249456524848938
20,0,According,0.39658641815185547,0.39865246415138245,-0.0020660459995269775
20,1,to,0.39658641815185547,0.40119969844818115,-0.004613280296325684
20,2,various,0.39658641815185547,0.22448380291461945,0.17210261523723602
20,3,"king-lists,",0.39658641815185547,0.11867902427911758,0.2779073938727379
20,4,Giric,0.39658641815185547,0.17437545955181122,0.22221095860004425
20,5,was,0.39658641815185547,0.40339693427085876,-0.006810516119003296
20,6,slain,0.39658641815185547,0.3969442844390869,-0.0003578662872314453
20,7,at,0.39658641815185547,0.3277575969696045,0.06882882118225098
20,8,Dundurn.,0.39658641815185547,0.00018848823674488813,0.3963979299151106
333,0,The,0.3740442097187042,0.4134771525859833,-0.03943294286727905
333,1,name,0.3740442097187042,0.20963679254055023,0.164407417178154
333,2,comes,0.3740442097187042,0.2647368907928467,0.10930731892585754
333,3,from,0.3740442097187042,0.38411933183670044,-0.010075122117996216
333,4,the,0.3740442097187042,0.3729020655155182,0.0011421442031860352
333,5,prickles,0.3740442097187042,0.3166430592536926,0.0574011504650116
333,6,on,0.3740442097187042,0.45717480778694153,-0.0831305980682373
333,7,the,0.3740442097187042,0.36977168917655945,0.004272520542144775
333,8,female,0.3740442097187042,0.06180962920188904,0.3122345805168152
333,9,cones.,0.3740442097187042,0.019809268414974213,0.35423494130373
237,0,Other,0.5920006632804871,0.4525395631790161,0.13946110010147095
237,1,waterfalls,0.5920006632804871,0.006074122153222561,0.5859265411272645
237,2,include,0.5920006632804871,0.5142187476158142,0.07778191566467285
237,3,the,0.5920006632804871,0.5829375982284546,0.00906306505203247
237,4,Rincon,0.5920006632804871,0.5925297141075134,-0.0005290508270263672
237,5,"Falls,",0.5920006632804871,0.5766826868057251,0.015317976474761963
237,6,Rio,0.5920006632804871,0.5987853407859802,-0.006784677505493164
237,7,Seco,0.5920006632804871,0.596143901348114,-0.004143238067626953
237,8,Falls,0.5920006632804871,0.5988203287124634,-0.006819665431976318
237,9,and,0.5920006632804871,0.5779083371162415,0.014092326164245605
237,10,Marianne,0.5920006632804871,0.588222086429596,0.0037785768508911133
237,11,Falls.,0.5920006632804871,0.5576042532920837,0.03439640998840332
326,0,The,0.3290897309780121,0.2564913034439087,0.0725984275341034
326,1,hydrogen,0.3290897309780121,0.008998367935419083,0.320091363042593
326,2,gas,0.3290897309780121,0.3025560975074768,0.02653363347053528
326,3,escaped.,0.3290897309780121,0.31801944971084595,0.011070281267166138
202,0,Like,0.4934748411178589,0.26599812507629395,0.22747671604156494
202,1,other,0.4934748411178589,0.21941353380680084,0.27406130731105804
202,2,royal,0.4934748411178589,0.30761969089508057,0.18585515022277832
202,3,"insignia,",0.4934748411178589,0.0022987944539636374,0.49117604666389525
202,4,the,0.4934748411178589,0.5276157259941101,-0.03414088487625122
202,5,crown,0.4934748411178589,0.6348979473114014,-0.14142310619354248
202,6,was,0.4934748411178589,0.5381187796592712,-0.044643938541412354
202,7,not,0.4934748411178589,0.4836638569831848,0.009810984134674072
202,8,worn,0.4934748411178589,0.5299234390258789,-0.03644859790802002
202,9,by,0.4934748411178589,0.5513371825218201,-0.05786234140396118
202,10,the,0.4934748411178589,0.5334645509719849,-0.03998970985412598
202,11,sovereign.,0.4934748411178589,0.5439046025276184,-0.05042976140975952
420,0,"Yeah,",0.6697340607643127,0.022175703197717667,0.6475583575665951
420,1,I,0.6697340607643127,0.663384735584259,0.006349325180053711
420,2,had,0.6697340607643127,0.6643834710121155,0.005350589752197266
420,3,a,0.6697340607643127,0.6529046297073364,0.01682943105697632
420,4,bit,0.6697340607643127,0.5939649343490601,0.07576912641525269
420,5,of,0.6697340607643127,0.6183840036392212,0.05135005712509155
420,6,a,0.6697340607643127,0.6509280800819397,0.018805980682373047
420,7,poke,0.6697340607643127,0.11722249537706375,0.552511565387249
420,8,at,0.6697340607643127,0.6857460737228394,-0.01601201295852661
420,9,that,0.6697340607643127,0.718459963798523,-0.048725903034210205
420,10,and,0.6697340607643127,0.5998945236206055,0.06983953714370728
420,11,failed,0.6697340607643127,0.655635416507721,0.014098644256591797
420,12,to,0.6697340607643127,0.649825930595398,0.019908130168914795
420,13,work,0.6697340607643127,0.6174202561378479,0.052313804626464844
420,14,out,0.6697340607643127,0.5621358156204224,0.10759824514389038
420,15,what,0.6697340607643127,0.5961379408836365,0.07359611988067627
420,16,was,0.6697340607643127,0.6768054962158203,-0.007071435451507568
420,17,wrong.,0.6697340607643127,0.20085060596466064,0.4688834547996521
281,0,Take,0.3979284465312958,0.20189031958580017,0.1960381269454956
281,1,the,0.3979284465312958,0.24248892068862915,0.15543952584266663
281,2,winding,0.3979284465312958,0.0007544768741354346,0.39717396965716034
281,3,path,0.3979284465312958,0.24447225034236908,0.1534561961889267
281,4,to,0.3979284465312958,0.42468196153640747,-0.026753515005111694
281,5,reach,0.3979284465312958,0.38245996832847595,0.015468478202819824
281,6,the,0.3979284465312958,0.461223840713501,-0.0632953941822052
281,7,lake.,0.3979284465312958,0.1823883056640625,0.21554014086723328
276,0,Steam,0.879270613193512,0.8037607073783875,0.07550990581512451
276,1,hissed,0.879270613193512,0.8797374367713928,-0.0004668235778808594
276,2,from,0.879270613193512,0.70188969373703,0.17738091945648193
276,3,the,0.879270613193512,0.9073924422264099,-0.02812182903289795
276,4,broken,0.879270613193512,0.58287513256073,0.296395480632782
276,5,valve.,0.879270613193512,0.06333944201469421,0.8159311711788177
67,0,Don't,0.950430691242218,0.9390747547149658,0.011355936527252197
67,1,advertise:,0.950430691242218,0.8065769672393799,0.14385372400283813
67,2,Tell,0.950430691242218,0.9345622062683105,0.01586848497390747
67,3,it,0.950430691242218,0.9458622336387634,0.00456845760345459
67,4,to,0.950430691242218,0.9032891392707825,0.04714155197143555
67,5,a,0.950430691242218,0.9384040236473083,0.012026667594909668
67,6,gossip.,0.950430691242218,0.0016459133476018906,0.9487847778946161
211,0,May,0.7312581539154053,0.5943413376808167,0.13691681623458862
211,1,I,0.7312581539154053,0.7123057842254639,0.018952369689941406
211,2,have,0.7312581539154053,0.733580470085144,-0.0023223161697387695
211,3,some,0.7312581539154053,0.6411339640617371,0.09012418985366821
211,4,syrup,0.7312581539154053,0.004260410089045763,0.7269977438263595
211,5,to,0.7312581539154053,0.7383707761764526,-0.007112622261047363
211,6,go,0.7312581539154053,0.7140136957168579,0.017244458198547363
211,7,on,0.7312581539154053,0.7344933152198792,-0.003235161304473877
211,8,these,0.7312581539154053,0.7346005439758301,-0.0033423900604248047
211,9,pancakes?,0.7312581539154053,0.6636123657226562,0.06764578819274902
140,0,"However,",0.630630373954773,0.5506375432014465,0.07999283075332642
140,1,after,0.630630373954773,0.5852669477462769,0.045363426208496094
140,2,persistent,0.630630373954773,0.40864452719688416,0.2219858467578888
140,3,"calls,",0.630630373954773,0.5808222889900208,0.0498080849647522
140,4,Hall-Jones,0.630630373954773,0.006294909864664078,0.6243354640901089
140,5,reluctantly,0.630630373954773,0.6039062142372131,0.026724159717559814
140,6,accepted,0.630630373954773,0.6693140268325806,-0.03868365287780762
140,7,despite,0.630630373954773,0.6328811049461365,-0.0022507309913635254
140,8,having,0.630630373954773,0.6237594485282898,0.006870925426483154
140,9,no,0.630630373954773,0.627673864364624,0.0029565095901489258
140,10,parliamentary,0.630630373954773,0.6037412285804749,0.026889145374298096
140,11,ambitions.,0.630630373954773,0.5982151031494141,0.03241527080535889
151,0,I,0.4726320207118988,0.4458213448524475,0.026810675859451294
151,1,have,0.4726320207118988,0.4794454574584961,-0.00681343674659729
151,2,blisters,0.4726320207118988,0.05210866034030914,0.42052336037158966
151,3,on,0.4726320207118988,0.45190295577049255,0.02072906494140625
151,4,my,0.4726320207118988,0.4532996714115143,0.01933234930038452
151,5,hands,0.4726320207118988,0.35478144884109497,0.11785057187080383
151,6,because,0.4726320207118988,0.4057486951351166,0.06688332557678223
151,7,I,0.4726320207118988,0.44292405247688293,0.02970796823501587
151,8,was,0.4726320207118988,0.4112856686115265,0.061346352100372314
151,9,bouldering,0.4726320207118988,0.00949164293706417,0.46314037777483463
151,10,yesterday.,0.4726320207118988,0.04623208940029144,0.42639993131160736
66,0,Do,0.26942941546440125,0.23165705800056458,0.03777235746383667
66,1,you,0.26942941546440125,0.26844364404678345,0.0009857714176177979
66,2,ever,0.26942941546440125,0.2929978668689728,-0.023568451404571533
66,3,doodle,0.26942941546440125,0.0015537835424765944,0.26787563192192465
66,4,things,0.26942941546440125,0.3374546766281128,-0.06802526116371155
66,5,on,0.26942941546440125,0.20124995708465576,0.06817945837974548
66,6,a,0.26942941546440125,0.2843911051750183,-0.014961689710617065
66,7,piece,0.26942941546440125,0.27970823645591736,-0.010278820991516113
66,8,of,0.26942941546440125,0.28614386916160583,-0.01671445369720459
66,9,paper,0.26942941546440125,0.28539422154426575,-0.015964806079864502
66,10,when,0.26942941546440125,0.13690760731697083,0.13252180814743042
66,11,you're,0.26942941546440125,0.262900173664093,0.0065292418003082275
66,12,bored?,0.26942941546440125,0.013378066942095757,0.2560513485223055
165,0,I've,0.7925459742546082,0.7639308571815491,0.028615117073059082
165,1,made,0.7925459742546082,0.7758705019950867,0.016675472259521484
165,2,some,0.7925459742546082,0.7849917411804199,0.007554233074188232
165,3,delicious,0.7925459742546082,0.15445469319820404,0.6380912810564041
165,4,pancakes,0.7925459742546082,0.0010158296208828688,0.7915301446337253
165,5,this,0.7925459742546082,0.701990008354187,0.09055596590042114
165,6,morning.,0.7925459742546082,0.36714601516723633,0.4253999590873718
373,0,There,0.2227819263935089,0.17560186982154846,0.04718005657196045
373,1,were,0.2227819263935089,0.22678692638874054,-0.004004999995231628
373,2,"really,",0.2227819263935089,0.031085675582289696,0.19169625081121922
373,3,I,0.2227819263935089,0.1885107308626175,0.03427119553089142
373,4,"think,",0.2227819263935089,0.05453595891594887,0.16824596747756004
373,5,two,0.2227819263935089,0.09228896349668503,0.13049296289682388
373,6,or,0.2227819263935089,0.21493345499038696,0.007848471403121948
373,7,three,0.2227819263935089,0.18290601670742035,0.03987590968608856
373,8,hundred,0.2227819263935089,0.07495636492967606,0.14782556146383286
373,9,people,0.2227819263935089,0.16989515721797943,0.05288676917552948
373,10,elbowing,0.2227819263935089,0.002922673476859927,0.21985925291664898
373,11,one,0.2227819263935089,0.10595075786113739,0.11683116853237152
373,12,another.,0.2227819263935089,0.021176166832447052,0.20160575956106186
222,0,Never,0.7137023210525513,0.2532368302345276,0.4604654908180237
222,1,advertise,0.7137023210525513,0.8132808208465576,-0.09957849979400635
222,2,razors,0.7137023210525513,0.7002040147781372,0.013498306274414062
222,3,by,0.7137023210525513,0.0055940598249435425,0.7081082612276077
222,4,shaving,0.7137023210525513,0.0009771817130967975,0.7127251393394545
222,5,a,0.7137023210525513,0.7156262993812561,-0.001923978328704834
222,6,"monkey,",0.7137023210525513,0.003894897410646081,0.7098074236419052
222,7,it's,0.7137023210525513,0.6934347748756409,0.0202675461769104
222,8,cruel,0.7137023210525513,0.6889895796775818,0.024712741374969482
222,9,and,0.7137023210525513,0.7328994870185852,-0.019197165966033936
222,10,results,0.7137023210525513,0.718479573726654,-0.004777252674102783
222,11,in,0.7137023210525513,0.7169521450996399,-0.003249824047088623
222,12,lawsuits.,0.7137023210525513,0.5430413484573364,0.17066097259521484
358,0,The,0.23691511154174805,0.1969180554151535,0.03999705612659454
358,1,turf,0.23691511154174805,0.3481331765651703,-0.11121806502342224
358,2,and,0.23691511154174805,0.5758619904518127,-0.3389468789100647
358,3,gravel,0.23691511154174805,0.03226635232567787,0.20464875921607018
358,4,around,0.23691511154174805,0.030442239716649055,0.206472871825099
358,5,it,0.23691511154174805,0.2355123609304428,0.0014027506113052368
358,6,seemed,0.23691511154174805,0.21689096093177795,0.020024150609970093
358,7,charred,0.23691511154174805,0.21150296926498413,0.025412142276763916
358,8,as,0.23691511154174805,0.22035053372383118,0.01656457781791687
358,9,if,0.23691511154174805,0.20505927503108978,0.031855836510658264
358,10,by,0.23691511154174805,0.2448214739561081,-0.007906362414360046
358,11,a,0.23691511154174805,0.22248153388500214,0.01443357765674591
358,12,sudden,0.23691511154174805,0.23379148542881012,0.0031236261129379272
358,13,explosion.,0.23691511154174805,0.07281225919723511,0.16410285234451294
234,0,"Oliver,",0.3318105936050415,0.08699897676706314,0.24481161683797836
234,1,aide,0.3318105936050415,0.09068731218576431,0.2411232814192772
234,2,to,0.3318105936050415,0.319592148065567,0.012218445539474487
234,3,Mr.,0.3318105936050415,0.2221166342496872,0.10969395935535431
234,4,"Bogan,",0.3318105936050415,0.07833569496870041,0.2534748986363411
234,5,who,0.3318105936050415,0.10064992308616638,0.23116067051887512
234,6,had,0.3318105936050415,0.3452843129634857,-0.013473719358444214
234,7,Rubbermaid,0.3318105936050415,2.233013219665736e-05,0.33178826347284485
234,8,in,0.3318105936050415,0.16283468902111053,0.16897590458393097
234,9,his,0.3318105936050415,0.07721786946058273,0.25459272414445877
234,10,"arms,",0.3318105936050415,0.09309908747673035,0.23871150612831116
234,11,fainted.,0.3318105936050415,0.1842583268880844,0.1475522667169571
68,0,Don't,0.8304957151412964,0.6391171216964722,0.19137859344482422
68,1,blow,0.8304957151412964,0.6510944366455078,0.17940127849578857
68,2,your,0.8304957151412964,0.8295565843582153,0.0009391307830810547
68,3,own,0.8304957151412964,0.8116656541824341,0.018830060958862305
68,4,trumpet.,0.8304957151412964,0.05033637955784798,0.7801593355834484
256,0,Scattered,0.44378677010536194,0.014841563068330288,0.42894520703703165
256,1,groups,0.44378677010536194,0.19366051256656647,0.25012625753879547
256,2,of,0.44378677010536194,0.43699610233306885,0.006790667772293091
256,3,people,0.44378677010536194,0.16915568709373474,0.2746310830116272
256,4,were,0.44378677010536194,0.5402620434761047,-0.0964752733707428
256,5,hurrying,0.44378677010536194,4.149424785282463e-05,0.4437452758575091
256,6,from,0.44378677010536194,0.21646703779697418,0.22731973230838776
256,7,the,0.44378677010536194,0.4335249066352844,0.010261863470077515
256,8,direction,0.44378677010536194,0.11805781722068787,0.3257289528846741
256,9,of,0.44378677010536194,0.4643651247024536,-0.020578354597091675
256,10,Woking.,0.44378677010536194,0.06561190634965897,0.378174863755703
203,0,Like,0.2728978097438812,0.11620227992534637,0.15669552981853485
203,1,"spinach,",0.2728978097438812,4.004945367341861e-05,0.2728577602902078
203,2,they,0.2728978097438812,0.2874307632446289,-0.01453295350074768
203,3,contain,0.2728978097438812,0.2818544805049896,-0.008956670761108398
203,4,mildly,0.2728978097438812,0.27984151244163513,-0.006943702697753906
203,5,toxic,0.2728978097438812,0.27671128511428833,-0.0038134753704071045
203,6,oxalic,0.2728978097438812,0.2659359276294708,0.0069618821144104
203,7,"acid,",0.2728978097438812,0.28879085183143616,-0.01589304208755493
203,8,which,0.2728978097438812,0.2632278800010681,0.00966992974281311
203,9,is,0.2728978097438812,0.2788325250148773,-0.005934715270996094
203,10,named,0.2728978097438812,0.2771478295326233,-0.004250019788742065
203,11,after,0.2728978097438812,0.2738790810108185,-0.0009812712669372559
203,12,the,0.2728978097438812,0.2637091875076294,0.009188622236251831
203,13,genus.,0.2728978097438812,0.27249568700790405,0.00040212273597717285
103,0,He,0.28056079149246216,0.29070281982421875,-0.010142028331756592
103,1,carried,0.28056079149246216,0.17747579514980316,0.103084996342659
103,2,two,0.28056079149246216,0.2168518304824829,0.06370896100997925
103,3,dead,0.28056079149246216,0.1965896338224411,0.08397115767002106
103,4,hawks,0.28056079149246216,0.0024953666143119335,0.2780654248781502
103,5,over,0.28056079149246216,0.2694634199142456,0.011097371578216553
103,6,his,0.28056079149246216,0.2885800302028656,-0.008019238710403442
103,7,shoulder.,0.28056079149246216,0.12652626633644104,0.15403452515602112
220,0,My,0.5922811627388,0.5368947982788086,0.055386364459991455
220,1,roommate’s,0.5922811627388,0.16245338320732117,0.4298277795314789
220,2,boyfriend,0.5922811627388,0.3298763930797577,0.26240476965904236
220,3,is,0.5922811627388,0.4410026967525482,0.15127846598625183
220,4,taking,0.5922811627388,0.5724318623542786,0.019849300384521484
220,5,up,0.5922811627388,0.5975138545036316,-0.005232691764831543
220,6,two,0.5922811627388,0.5777845978736877,0.014496564865112305
220,7,shelves,0.5922811627388,0.5814119577407837,0.010869204998016357
220,8,of,0.5922811627388,0.5865868926048279,0.005694270133972168
220,9,fridge,0.5922811627388,0.5785350203514099,0.013746142387390137
220,10,space,0.5922811627388,0.5734737515449524,0.018807411193847656
220,11,with,0.5922811627388,0.4512212872505188,0.14105987548828125
220,12,his,0.5922811627388,0.2414541393518448,0.35082702338695526
220,13,beer.,0.5922811627388,0.0017898380756378174,0.5904913246631622
318,0,The,0.4557477533817291,0.4904313385486603,-0.03468358516693115
318,1,foliage,0.4557477533817291,0.20501865446567535,0.25072909891605377
318,2,and,0.4557477533817291,0.16229093074798584,0.2934568226337433
318,3,fruits,0.4557477533817291,0.21079736948013306,0.24495038390159607
318,4,contain,0.4557477533817291,0.5068171620368958,-0.051069408655166626
318,5,tannic,0.4557477533817291,0.0022518145851790905,0.45349593879655004
318,6,acid,0.4557477533817291,0.6012221574783325,-0.1454744040966034
318,7,and,0.4557477533817291,0.45303285121917725,0.00271490216255188
318,8,are,0.4557477533817291,0.4275238811969757,0.028223872184753418
318,9,poisonous,0.4557477533817291,0.39059358835220337,0.06515416502952576
318,10,to,0.4557477533817291,0.4406282901763916,0.015119463205337524
318,11,cattle,0.4557477533817291,0.454330176115036,0.0014175772666931152
318,12,and,0.4557477533817291,0.4465348720550537,0.009212881326675415
318,13,humans.,0.4557477533817291,0.42479565739631653,0.030952095985412598
72,0,Don't,0.5629367828369141,0.369404137134552,0.19353264570236206
72,1,you,0.5629367828369141,0.43514734506607056,0.1277894377708435
72,2,dare,0.5629367828369141,0.30146872997283936,0.2614680528640747
72,3,switch,0.5629367828369141,0.33390530943870544,0.22903147339820862
72,4,"away,",0.5629367828369141,0.46448054909706116,0.0984562337398529
72,5,I,0.5629367828369141,0.5336049199104309,0.029331862926483154
72,6,think,0.5629367828369141,0.3783358335494995,0.18460094928741455
72,7,rhymes,0.5629367828369141,9.10109156393446e-05,0.5628457719212747
72,8,are,0.5629367828369141,0.38190385699272156,0.1810329258441925
72,9,"okay,",0.5629367828369141,0.36637160181999207,0.196565181016922
72,10,since,0.5629367828369141,0.5427855253219604,0.020151257514953613
72,11,they,0.5629367828369141,0.45897600054740906,0.103960782289505
72,12,never,0.5629367828369141,0.568602442741394,-0.0056656599044799805
72,13,"decay,",0.5629367828369141,0.32206258177757263,0.24087420105934143
72,14,I,0.5629367828369141,0.5315656065940857,0.03137117624282837
72,15,could,0.5629367828369141,0.5696508288383484,-0.006714046001434326
72,16,do,0.5629367828369141,0.5486935973167419,0.01424318552017212
72,17,this,0.5629367828369141,0.523912250995636,0.039024531841278076
72,18,all,0.5629367828369141,0.5336364507675171,0.029300332069396973
72,19,day.,0.5629367828369141,0.3284534513950348,0.23448333144187927
230,0,"Oh,",0.6541357636451721,1.0689202099456452e-05,0.6541250744430727
230,1,I,0.6541357636451721,0.6701597571372986,-0.016023993492126465
230,2,know,0.6541357636451721,0.6747190952301025,-0.02058333158493042
230,3,it!,0.6541357636451721,0.21048998832702637,0.44364577531814575
89,0,From,0.5620654225349426,0.4812253415584564,0.0808400809764862
89,1,the,0.5620654225349426,0.5624729990959167,-0.0004075765609741211
89,2,railway,0.5620654225349426,0.5564378499984741,0.005627572536468506
89,3,station,0.5620654225349426,0.5338254570960999,0.028239965438842773
89,4,in,0.5620654225349426,0.4365580976009369,0.12550732493400574
89,5,the,0.5620654225349426,0.5596522092819214,0.0024132132530212402
89,6,distance,0.5620654225349426,0.0378258116543293,0.5242396108806133
89,7,came,0.5620654225349426,0.44014039635658264,0.12192502617835999
89,8,the,0.5620654225349426,0.5734668970108032,-0.011401474475860596
89,9,sound,0.5620654225349426,0.32639577984809875,0.23566964268684387
89,10,of,0.5620654225349426,0.34484949707984924,0.21721592545509338
89,11,"trains,",0.5620654225349426,0.0009263206738978624,0.5611391018610448
89,12,ringing,0.5620654225349426,0.00811354536563158,0.553951877169311
89,13,and,0.5620654225349426,0.532990574836731,0.02907484769821167
89,14,rumbling.,0.5620654225349426,0.13299213349819183,0.4290732890367508
197,0,Keep,0.8665345311164856,0.11084413528442383,0.7556903958320618
197,1,your,0.8665345311164856,0.572721540927887,0.29381299018859863
197,2,shirt,0.8665345311164856,0.0009259521611966193,0.865608578955289
197,3,on.,0.8665345311164856,0.6913219094276428,0.17521262168884277
60,0,Crab,0.36270612478256226,0.09085623919963837,0.2718498855829239
60,1,flourish,0.36270612478256226,0.16167591512203217,0.2010302096605301
60,2,in,0.36270612478256226,0.44473472237586975,-0.0820285975933075
60,3,Dungeness,0.36270612478256226,0.3946455419063568,-0.031939417123794556
60,4,"Bay,",0.36270612478256226,0.3058711290359497,0.05683499574661255
60,5,and,0.36270612478256226,0.3055301904678345,0.05717593431472778
60,6,crabbing,0.36270612478256226,0.38485443592071533,-0.022148311138153076
60,7,is,0.36270612478256226,0.29267922043800354,0.07002690434455872
60,8,a,0.36270612478256226,0.35737863183021545,0.005327492952346802
60,9,popular,0.36270612478256226,0.3492446541786194,0.013461470603942871
60,10,local,0.36270612478256226,0.3203275501728058,0.04237857460975647
60,11,pastime.,0.36270612478256226,0.2179102748632431,0.14479584991931915
38,0,Bananas,0.8527089953422546,0.005728656426072121,0.8469803389161825
38,1,contain,0.8527089953422546,0.8754305243492126,-0.022721529006958008
38,2,a,0.8527089953422546,0.8519687056541443,0.0007402896881103516
38,3,lot,0.8527089953422546,0.8297239542007446,0.02298504114151001
38,4,of,0.8527089953422546,0.8449612855911255,0.00774770975112915
38,5,"sugar,",0.8527089953422546,0.7817891836166382,0.07091981172561646
38,6,even,0.8527089953422546,0.844338595867157,0.008370399475097656
38,7,though,0.8527089953422546,0.9065127372741699,-0.05380374193191528
38,8,they,0.8527089953422546,0.8435617089271545,0.009147286415100098
38,9,are,0.8527089953422546,0.8443388938903809,0.00837010145187378
38,10,fruits.,0.8527089953422546,0.7897195219993591,0.06298947334289551
159,0,I,0.11491148918867111,0.06223487854003906,0.05267661064863205
159,1,went,0.11491148918867111,0.29352718591690063,-0.17861569672822952
159,2,stretching,0.11491148918867111,0.17138104140758514,-0.05646955221891403
159,3,my,0.11491148918867111,0.10949468612670898,0.005416803061962128
159,4,legs,0.11491148918867111,0.07797417044639587,0.03693731874227524
159,5,clumsily,0.11491148918867111,0.010420534759759903,0.10449095442891121
159,6,and,0.11491148918867111,0.13679097592830658,-0.021879486739635468
159,7,feeling,0.11491148918867111,0.0965566486120224,0.018354840576648712
159,8,my,0.11491148918867111,0.16865983605384827,-0.053748346865177155
159,9,way,0.11491148918867111,0.10096748918294907,0.013944000005722046
159,10,in,0.11491148918867111,0.11835936456918716,-0.0034478753805160522
159,11,the,0.11491148918867111,0.10659295320510864,0.00831853598356247
159,12,dark.,0.11491148918867111,0.04134542867541313,0.07356606051325798
269,0,So,0.3684402108192444,0.5787956118583679,-0.21035540103912354
269,1,now,0.3684402108192444,0.32068079710006714,0.047759413719177246
269,2,I'm,0.3684402108192444,0.280839204788208,0.08760100603103638
269,3,a,0.3684402108192444,0.8048368692398071,-0.43639665842056274
269,4,camel,0.3684402108192444,0.00017656415002420545,0.3682636466692202
269,5,driver.,0.3684402108192444,0.41003212332725525,-0.041591912508010864
19,0,According,0.783841609954834,0.7361242175102234,0.047717392444610596
19,1,to,0.783841609954834,0.733991801738739,0.04984980821609497
19,2,the,0.783841609954834,0.7886778116226196,-0.0048362016677856445
19,3,"recipe,",0.783841609954834,0.4086008369922638,0.3752407729625702
19,4,we,0.783841609954834,0.7818175554275513,0.002024054527282715
19,5,need,0.783841609954834,0.7148202061653137,0.06902140378952026
19,6,mild,0.783841609954834,0.059764958918094635,0.7240766510367393
19,7,mustard.,0.783841609954834,0.00040811675717122853,0.7834334931976628
167,0,If,0.16983169317245483,0.15302050113677979,0.01681119203567505
167,1,you,0.16983169317245483,0.13006757199764252,0.03976412117481232
167,2,lose,0.16983169317245483,0.08864282071590424,0.0811888724565506
167,3,your,0.16983169317245483,0.22906117141246796,-0.05922947824001312
167,4,"temper,",0.16983169317245483,7.176404324127361e-06,0.1698245167681307
167,5,don't,0.16983169317245483,0.16593103110790253,0.003900662064552307
167,6,look,0.16983169317245483,0.1141042485833168,0.05572744458913803
167,7,for,0.16983169317245483,0.13582183420658112,0.03400985896587372
167,8,it.,0.16983169317245483,0.11357266455888748,0.05625902861356735
122,0,He,0.9120777249336243,0.8840498328208923,0.028027892112731934
122,1,turned,0.9120777249336243,0.633490800857544,0.2785869240760803
122,2,on,0.9120777249336243,0.9055725932121277,0.006505131721496582
122,3,the,0.9120777249336243,0.8920384049415588,0.02003931999206543
122,4,microphone,0.9120777249336243,0.5606421828269958,0.3514355421066284
122,5,just,0.9120777249336243,0.9158902764320374,-0.003812551498413086
122,6,as,0.9120777249336243,0.8690444231033325,0.04303330183029175
122,7,the,0.9120777249336243,0.7481798529624939,0.16389787197113037
122,8,hen,0.9120777249336243,0.00012115705612814054,0.9119565678774961
122,9,was,0.9120777249336243,0.8592100739479065,0.05286765098571777
122,10,ready,0.9120777249336243,0.8768627643585205,0.03521496057510376
122,11,to,0.9120777249336243,0.8930314183235168,0.019046306610107422
122,12,squawk.,0.9120777249336243,0.6612706780433655,0.2508070468902588
305,0,The,0.6831033229827881,0.6614505052566528,0.021652817726135254
305,1,cornices,0.6831033229827881,0.0014975545927882195,0.6816057683899999
305,2,of,0.6831033229827881,0.695356547832489,-0.012253224849700928
305,3,the,0.6831033229827881,0.6767226457595825,0.006380677223205566
305,4,room,0.6831033229827881,0.594616174697876,0.08848714828491211
305,5,were,0.6831033229827881,0.6880019307136536,-0.0048986077308654785
305,6,mostly,0.6831033229827881,0.7165117263793945,-0.033408403396606445
305,7,"intact,",0.6831033229827881,0.6412996649742126,0.04180365800857544
305,8,but,0.6831033229827881,0.6940721273422241,-0.010968804359436035
305,9,showed,0.6831033229827881,0.7189997434616089,-0.0358964204788208
305,10,signs,0.6831033229827881,0.670681357383728,0.012421965599060059
305,11,of,0.6831033229827881,0.6679829955101013,0.015120327472686768
305,12,damage,0.6831033229827881,0.6863065361976624,-0.0032032132148742676
305,13,from,0.6831033229827881,0.6804607510566711,0.0026425719261169434
305,14,damp.,0.6831033229827881,0.2925296425819397,0.3905736804008484
413,0,Why,0.6896929740905762,0.2523372769355774,0.4373556971549988
413,1,are,0.6896929740905762,0.48197704553604126,0.2077159285545349
413,2,gully,0.6896929740905762,0.010839694179594517,0.6788532799109817
413,3,covers,0.6896929740905762,0.3380574882030487,0.35163548588752747
413,4,round?,0.6896929740905762,0.6061277389526367,0.08356523513793945
56,0,"Consequently,",0.7169428467750549,0.3950100243091583,0.3219328224658966
56,1,he,0.7169428467750549,0.7077000141143799,0.009242832660675049
56,2,made,0.7169428467750549,0.27003273367881775,0.4469101130962372
56,3,his,0.7169428467750549,0.721906304359436,-0.0049634575843811035
56,4,money,0.7169428467750549,0.12209799140691757,0.5948448553681374
56,5,by,0.7169428467750549,0.5487037301063538,0.16823911666870117
56,6,selling,0.7169428467750549,0.465085506439209,0.25185734033584595
56,7,"refrigerators,",0.7169428467750549,0.2582626938819885,0.4586801528930664
56,8,and,0.7169428467750549,0.7004761099815369,0.016466736793518066
56,9,did,0.7169428467750549,0.6860044598579407,0.030938386917114258
56,10,not,0.7169428467750549,0.7301698923110962,-0.01322704553604126
56,11,publish,0.7169428467750549,0.6956631541252136,0.02127969264984131
56,12,any,0.7169428467750549,0.7058799266815186,0.011062920093536377
56,13,works.,0.7169428467750549,0.6777569055557251,0.039185941219329834
209,0,"Marc,",0.281795859336853,0.02820788323879242,0.2535879760980606
209,1,would,0.281795859336853,0.2569504678249359,0.024845391511917114
209,2,you,0.281795859336853,0.253777414560318,0.028018444776535034
209,3,please,0.281795859336853,0.27973130345344543,0.0020645558834075928
209,4,give,0.281795859336853,0.28847837448120117,-0.0066825151443481445
209,5,me,0.281795859336853,0.2886458933353424,-0.00685003399848938
209,6,the,0.281795859336853,0.2910923361778259,-0.0092964768409729
209,7,fly,0.281795859336853,0.060844097286462784,0.22095176205039024
209,8,swatter?,0.281795859336853,0.05056294798851013,0.2312329113483429
332,0,The,0.9256290793418884,0.9159438014030457,0.009685277938842773
332,1,men,0.9256290793418884,0.8852715492248535,0.04035753011703491
332,2,climbed,0.9256290793418884,0.8363721966743469,0.0892568826675415
332,3,the,0.9256290793418884,0.9204793572425842,0.005149722099304199
332,4,"hill,",0.9256290793418884,0.8991873264312744,0.026441752910614014
332,5,and,0.9256290793418884,0.9071069359779358,0.018522143363952637
332,6,they,0.9256290793418884,0.9222696423530579,0.0033594369888305664
332,7,were,0.9256290793418884,0.9009239673614502,0.024705111980438232
332,8,tired,0.9256290793418884,0.3195427358150482,0.6060863435268402
332,9,when,0.9256290793418884,0.8112664222717285,0.11436265707015991
332,10,they,0.9256290793418884,0.9291265606880188,-0.003497481346130371
332,11,reached,0.9256290793418884,0.8842535614967346,0.04137551784515381
332,12,the,0.9256290793418884,0.9251263737678528,0.0005027055740356445
332,13,top.,0.9256290793418884,0.5184901356697083,0.4071389436721802
136,0,His,0.703151524066925,0.6862914562225342,0.01686006784439087
136,1,name,0.703151524066925,0.6875165104866028,0.015635013580322266
136,2,is,0.703151524066925,0.6949089169502258,0.008242607116699219
136,3,Barry,0.703151524066925,0.6314724087715149,0.07167911529541016
136,4,Baldwin.,0.703151524066925,0.0009017272968776524,0.7022497967700474
79,0,Epidermal,0.28833362460136414,0.2785642147064209,0.009769409894943237
79,1,thickening,0.28833362460136414,0.10093451291322708,0.18739911168813705
79,2,is,0.28833362460136414,0.2619054615497589,0.026428163051605225
79,3,another,0.28833362460136414,0.39619413018226624,-0.1078605055809021
79,4,characteristic,0.28833362460136414,0.24961026012897491,0.03872336447238922
79,5,histologic,0.28833362460136414,0.27522778511047363,0.013105839490890503
79,6,finding,0.28833362460136414,0.3113107979297638,-0.022977173328399658
79,7,of,0.28833362460136414,0.04014969989657402,0.24818392470479012
79,8,psoriasis,0.28833362460136414,0.017453137785196304,0.27088048681616783
79,9,lesions.,0.28833362460136414,0.1830107569694519,0.10532286763191223
411,0,Who,0.4238342046737671,0.4381159543991089,-0.014281749725341797
411,1,is,0.4238342046737671,0.4600338041782379,-0.036199599504470825
411,2,the,0.4238342046737671,0.47288084030151367,-0.04904663562774658
411,3,blonde,0.4238342046737671,0.3596506416797638,0.0641835629940033
411,4,girl,0.4238342046737671,0.440067857503891,-0.0162336528301239
411,5,with,0.4238342046737671,0.47200363874435425,-0.04816943407058716
411,6,the,0.4238342046737671,0.4067457914352417,0.01708841323852539
411,7,red,0.4238342046737671,0.06521216034889221,0.3586220443248749
411,8,skirt?,0.4238342046737671,0.000754490727558732,0.42307971394620836
116,0,He,0.46037107706069946,0.4781816899776459,-0.01781061291694641
116,1,remembered,0.46037107706069946,0.323127418756485,0.13724365830421448
116,2,something,0.46037107706069946,0.3249899744987488,0.13538110256195068
116,3,his,0.46037107706069946,0.4824836254119873,-0.022112548351287842
116,4,grandfather,0.46037107706069946,0.21586541831493378,0.24450565874576569
116,5,had,0.46037107706069946,0.48379233479499817,-0.023421257734298706
116,6,once,0.46037107706069946,0.4756012260913849,-0.015230149030685425
116,7,told,0.46037107706069946,0.4459412395954132,0.014429837465286255
116,8,him:,0.46037107706069946,0.4220086336135864,0.03836244344711304
116,9,that,0.46037107706069946,0.5098414421081543,-0.049470365047454834
116,10,butterflies,0.46037107706069946,4.5581946324091405e-06,0.46036651886606705
116,11,were,0.46037107706069946,0.3959719240665436,0.06439915299415588
116,12,a,0.46037107706069946,0.4773328900337219,-0.01696181297302246
116,13,good,0.46037107706069946,0.48007333278656006,-0.019702255725860596
116,14,omen.,0.46037107706069946,0.28299564123153687,0.1773754358291626
400,0,We,0.5729904770851135,0.6476421356201172,-0.07465165853500366
400,1,need,0.5729904770851135,0.716634213924408,-0.14364373683929443
400,2,grain,0.5729904770851135,0.0010182189289480448,0.5719722581561655
400,3,to,0.5729904770851135,0.5830581188201904,-0.010067641735076904
400,4,keep,0.5729904770851135,0.26100027561187744,0.3119902014732361
400,5,our,0.5729904770851135,0.8613043427467346,-0.2883138656616211
400,6,mules,0.5729904770851135,6.609644333366305e-05,0.5729243806417799
400,7,healthy.,0.5729904770851135,0.0027486314065754414,0.5702418456785381
107,0,He,0.5865216255187988,0.6105737090110779,-0.024052083492279053
107,1,grew,0.5865216255187988,0.532350480556488,0.05417114496231079
107,2,"strawberries,",0.5865216255187988,9.268283974961378e-06,0.5865123572348239
107,3,so,0.5865216255187988,0.5621132850646973,0.024408340454101562
107,4,you,0.5865216255187988,0.5513312816619873,0.03519034385681152
107,5,would,0.5865216255187988,0.5550293326377869,0.03149229288101196
107,6,not,0.5865216255187988,0.5749066472053528,0.011614978313446045
107,7,like,0.5865216255187988,0.5375475287437439,0.04897409677505493
107,8,it.,0.5865216255187988,0.4351593554019928,0.15136227011680603
137,0,His,0.6906152963638306,0.5923761129379272,0.09823918342590332
137,1,"nickname,",0.6906152963638306,0.00013542546366807073,0.6904798709001625
137,2,"""Chocolate",0.6906152963638306,0.729211688041687,-0.038596391677856445
137,3,"Thunder"",",0.6906152963638306,0.7016907334327698,-0.011075437068939209
137,4,was,0.6906152963638306,0.712250292301178,-0.021634995937347412
137,5,bestowed,0.6906152963638306,0.7049288153648376,-0.01431351900100708
137,6,upon,0.6906152963638306,0.694407045841217,-0.0037917494773864746
137,7,him,0.6906152963638306,0.6813904047012329,0.009224891662597656
137,8,by,0.6906152963638306,0.6937777400016785,-0.0031624436378479004
137,9,Stevie,0.6906152963638306,0.690913200378418,-0.00029790401458740234
137,10,Wonder.,0.6906152963638306,0.5675787329673767,0.12303656339645386
25,0,Among,0.4520261585712433,0.3493267595767975,0.1026993989944458
25,1,his,0.4520261585712433,0.38920214772224426,0.06282401084899902
25,2,more,0.4520261585712433,0.156498983502388,0.2955271750688553
25,3,notable,0.4520261585712433,0.3107169568538666,0.1413092017173767
25,4,interview,0.4520261585712433,0.20217947661876678,0.2498466819524765
25,5,subjects,0.4520261585712433,0.1815631240606308,0.2704630345106125
25,6,were,0.4520261585712433,0.3926490843296051,0.059377074241638184
25,7,Bob,0.4520261585712433,4.730064392788336e-05,0.4519788579273154
25,8,Marley,0.4520261585712433,0.40326619148254395,0.04875996708869934
25,9,and,0.4520261585712433,0.4456668496131897,0.006359308958053589
25,10,Lou,0.4520261585712433,0.44636085629463196,0.005665302276611328
25,11,Reed.,0.4520261585712433,0.2020200788974762,0.2500060796737671
258,0,She,0.7052009701728821,0.5819463133811951,0.12325465679168701
258,1,bought,0.7052009701728821,0.22092507779598236,0.4842758923768997
258,2,three,0.7052009701728821,0.7646414041519165,-0.059440433979034424
258,3,cod,0.7052009701728821,0.0011983425356447697,0.7040026276372373
258,4,fishes,0.7052009701728821,0.48866575956344604,0.21653521060943604
258,5,to,0.7052009701728821,0.6063944697380066,0.09880650043487549
258,6,cook,0.7052009701728821,0.7331624627113342,-0.02796149253845215
258,7,for,0.7052009701728821,0.7136014699935913,-0.008400499820709229
258,8,dinner.,0.7052009701728821,0.4332801103591919,0.2719208598136902
278,0,Strike,0.13603872060775757,0.02577953226864338,0.11025918833911419
278,1,while,0.13603872060775757,0.08601532131433487,0.0500233992934227
278,2,the,0.13603872060775757,0.13756228983402252,-0.0015235692262649536
278,3,iron,0.13603872060775757,0.014964080415666103,0.12107464019209146
278,4,is,0.13603872060775757,0.15661272406578064,-0.02057400345802307
278,5,hot,0.13603872060775757,0.07776013761758804,0.058278582990169525
278,6,Make,0.13603872060775757,0.001415896462276578,0.134622824145481
278,7,hay,0.13603872060775757,0.002958686323836446,0.13308003428392112
278,8,while,0.13603872060775757,0.013815329410135746,0.12222339119762182
278,9,the,0.13603872060775757,0.12999090552330017,0.0060478150844573975
278,10,sun,0.13603872060775757,0.040320441126823425,0.09571827948093414
278,11,shines.,0.13603872060775757,0.07521093636751175,0.06082778424024582
340,0,The,0.45856404304504395,0.501981794834137,-0.04341775178909302
340,1,overhand,0.45856404304504395,0.21442432701587677,0.24413971602916718
340,2,"knot,",0.45856404304504395,0.4130805730819702,0.04548346996307373
340,3,for,0.45856404304504395,0.4726322293281555,-0.014068186283111572
340,4,"example,",0.45856404304504395,0.2621594965457916,0.19640454649925232
340,5,is,0.45856404304504395,0.4087378680706024,0.04982617497444153
340,6,also,0.45856404304504395,0.4185313880443573,0.040032655000686646
340,7,known,0.45856404304504395,0.3068851828575134,0.15167886018753052
340,8,as,0.45856404304504395,0.4361483156681061,0.022415727376937866
340,9,the,0.45856404304504395,0.5020352005958557,-0.04347115755081177
340,10,thumb,0.45856404304504395,0.017311222851276398,0.44125282019376755
340,11,knot.,0.45856404304504395,0.2084559053182602,0.25010813772678375
389,0,Thomas,0.26584434509277344,0.11009712517261505,0.1557472199201584
389,1,was,0.26584434509277344,0.20991279184818268,0.05593155324459076
389,2,left,0.26584434509277344,0.260731965303421,0.005112379789352417
389,3,paralyzed,0.26584434509277344,0.010776742361485958,0.2550676027312875
389,4,from,0.26584434509277344,0.2665412425994873,-0.0006968975067138672
389,5,the,0.26584434509277344,0.2623552083969116,0.0034891366958618164
389,6,chest,0.26584434509277344,0.1716891974210739,0.09415514767169952
389,7,down.,0.26584434509277344,0.13616915047168732,0.12967519462108612
274,0,Stalagmites,0.4084063768386841,0.002462100237607956,0.4059442766010761
274,1,or,0.4084063768386841,0.4629797339439392,-0.05457335710525513
274,2,flowstone,0.4084063768386841,0.3497842848300934,0.0586220920085907
274,3,may,0.4084063768386841,0.37742194533348083,0.030984431505203247
274,4,form,0.4084063768386841,0.39901643991470337,0.009389936923980713
274,5,where,0.4084063768386841,0.4202814996242523,-0.011875122785568237
274,6,the,0.4084063768386841,0.41153210401535034,-0.0031257271766662598
274,7,water,0.4084063768386841,0.4144926071166992,-0.006086230278015137
274,8,drops,0.4084063768386841,0.3501735031604767,0.0582328736782074
274,9,hit,0.4084063768386841,0.3470822870731354,0.061324089765548706
274,10,the,0.4084063768386841,0.41741278767585754,-0.009006410837173462
274,11,cave,0.4084063768386841,0.3014639914035797,0.10694238543510437
274,12,floor.,0.4084063768386841,0.2949703335762024,0.11343604326248169
327,0,The,0.7350949645042419,0.7587403655052185,-0.023645401000976562
327,1,internal,0.7350949645042419,0.22912149131298065,0.5059734731912613
327,2,doors,0.7350949645042419,0.39133939146995544,0.3437555730342865
327,3,of,0.7350949645042419,0.7600662708282471,-0.024971306324005127
327,4,the,0.7350949645042419,0.7455349564552307,-0.01043999195098877
327,5,house,0.7350949645042419,0.621059000492096,0.114035964012146
327,6,would,0.7350949645042419,0.7577039003372192,-0.022608935832977295
327,7,need,0.7350949645042419,0.7560076713562012,-0.02091270685195923
327,8,to,0.7350949645042419,0.7084435224533081,0.026651442050933838
327,9,be,0.7350949645042419,0.7694776058197021,-0.034382641315460205
327,10,replaced,0.7350949645042419,0.4942646026611328,0.24083036184310913
327,11,because,0.7350949645042419,0.6256377696990967,0.10945719480514526
327,12,they,0.7350949645042419,0.7230380177497864,0.012056946754455566
327,13,were,0.7350949645042419,0.7098227739334106,0.0252721905708313
327,14,very,0.7350949645042419,0.6273165345191956,0.10777842998504639
327,15,ugly.,0.7350949645042419,0.05433817580342293,0.680756788700819
113,0,He,0.6133673191070557,0.5622689723968506,0.05109834671020508
113,1,noticed,0.6133673191070557,0.3123880922794342,0.30097922682762146
113,2,the,0.6133673191070557,0.602344810962677,0.011022508144378662
113,3,unequal,0.6133673191070557,0.09032603353261948,0.5230412855744362
113,4,cooling,0.6133673191070557,0.7234438061714172,-0.11007648706436157
113,5,of,0.6133673191070557,0.623056948184967,-0.009689629077911377
113,6,its,0.6133673191070557,0.5087586045265198,0.10460871458053589
113,7,surface.,0.6133673191070557,0.3206764757633209,0.29269084334373474
100,0,He,0.8979798555374146,0.8724570274353027,0.025522828102111816
100,1,approached,0.8979798555374146,0.6728713512420654,0.22510850429534912
100,2,the,0.8979798555374146,0.8712162375450134,0.026763617992401123
100,3,mass,0.8979798555374146,0.806437075138092,0.09154278039932251
100,4,and,0.8979798555374146,0.830950915813446,0.0670289397239685
100,5,was,0.8979798555374146,0.869740903377533,0.028238952159881592
100,6,surprised,0.8979798555374146,0.01695096492767334,0.8810288906097412
100,7,at,0.8979798555374146,0.8878329992294312,0.010146856307983398
100,8,the,0.8979798555374146,0.8740713000297546,0.023908555507659912
100,9,size,0.8979798555374146,0.8823068141937256,0.015673041343688965
100,10,and,0.8979798555374146,0.8798906803131104,0.0180891752243042
100,11,the,0.8979798555374146,0.899701714515686,-0.0017218589782714844
100,12,shape.,0.8979798555374146,0.6688647866249084,0.2291150689125061
130,0,"Hey,",0.5096377730369568,0.00030705344397574663,0.509330719592981
130,1,don't,0.5096377730369568,0.5534007549285889,-0.04376298189163208
130,2,go,0.5096377730369568,0.5083747506141663,0.0012630224227905273
130,3,there!,0.5096377730369568,0.2993515729904175,0.2102862000465393
52,0,Canned,0.6571170091629028,0.025944888591766357,0.6311721205711365
52,1,pears,0.6571170091629028,0.6595945358276367,-0.0024775266647338867
52,2,lack,0.6571170091629028,0.21762298047542572,0.4394940286874771
52,3,full,0.6571170091629028,0.6359066367149353,0.02121037244796753
52,4,flavor.,0.6571170091629028,0.5627647638320923,0.09435224533081055
385,0,This,0.841878354549408,0.8160070180892944,0.025871336460113525
385,1,is,0.841878354549408,0.8189326524734497,0.022945702075958252
385,2,a,0.841878354549408,0.8414639830589294,0.0004143714904785156
385,3,very,0.841878354549408,0.5863742828369141,0.2555040717124939
385,4,large,0.841878354549408,0.8081473708152771,0.03373098373413086
385,5,vegetable,0.841878354549408,0.579352080821991,0.262526273727417
385,6,stand,0.841878354549408,0.5862375497817993,0.25564080476760864
385,7,under,0.841878354549408,0.8257467150688171,0.01613163948059082
385,8,a,0.841878354549408,0.85250324010849,-0.010624885559082031
385,9,white,0.841878354549408,0.6621053814888,0.1797729730606079
385,10,tent.,0.841878354549408,0.03573859483003616,0.8061397597193718
330,0,The,0.6518385410308838,0.6596916317939758,-0.007853090763092041
330,1,main,0.6518385410308838,0.5042505860328674,0.14758795499801636
330,2,and,0.6518385410308838,0.22355765104293823,0.42828088998794556
330,3,outrigger,0.6518385410308838,0.34340542554855347,0.3084331154823303
330,4,wheels,0.6518385410308838,0.5954926013946533,0.05634593963623047
330,5,were,0.6518385410308838,0.6659902334213257,-0.014151692390441895
330,6,covered,0.6518385410308838,0.6498512625694275,0.001987278461456299
330,7,by,0.6518385410308838,0.5106534957885742,0.14118504524230957
330,8,streamlined,0.6518385410308838,0.0011505372822284698,0.6506880037486553
330,9,clamshell,0.6518385410308838,0.0005401307716965675,0.6512984102591872
330,10,doors,0.6518385410308838,0.6043750047683716,0.04746353626251221
330,11,when,0.6518385410308838,0.6839712262153625,-0.03213268518447876
330,12,in,0.6518385410308838,0.6475203633308411,0.004318177700042725
330,13,flight.,0.6518385410308838,0.4498099982738495,0.2020285427570343
405,0,When,0.26453518867492676,0.25919052958488464,0.005344659090042114
405,1,"interfering,",0.26453518867492676,0.11260375380516052,0.15193143486976624
405,2,two,0.26453518867492676,0.19863933324813843,0.06589585542678833
405,3,waves,0.26453518867492676,0.13222461938858032,0.13231056928634644
405,4,can,0.26453518867492676,0.2669996917247772,-0.002464503049850464
405,5,be,0.26453518867492676,0.2855411469936371,-0.021005958318710327
405,6,added,0.26453518867492676,0.08631796389818192,0.17821722477674484
405,7,together,0.26453518867492676,0.028434520587325096,0.23610066808760166
405,8,to,0.26453518867492676,0.28010186553001404,-0.01556667685508728
405,9,create,0.26453518867492676,0.26436367630958557,0.00017151236534118652
405,10,a,0.26453518867492676,0.2687239646911621,-0.0041887760162353516
405,11,wave,0.26453518867492676,0.2520490884780884,0.012486100196838379
405,12,of,0.26453518867492676,0.27372366189956665,-0.009188473224639893
405,13,greater,0.26453518867492676,0.2647940218448639,-0.0002588331699371338
405,14,amplitude,0.26453518867492676,0.255198210477829,0.009336978197097778
405,15,than,0.26453518867492676,0.27377617359161377,-0.009240984916687012
405,16,either,0.26453518867492676,0.2873271107673645,-0.022791922092437744
405,17,one.,0.26453518867492676,0.2460596114397049,0.018475577235221863
295,0,The,0.6388937830924988,0.47517305612564087,0.1637207269668579
295,1,boy,0.6388937830924988,0.13187921047210693,0.5070145726203918
295,2,prodded,0.6388937830924988,0.3800663650035858,0.25882741808891296
295,3,"them,",0.6388937830924988,0.6462664008140564,-0.007372617721557617
295,4,one,0.6388937830924988,0.6607799530029297,-0.021886169910430908
295,5,by,0.6388937830924988,0.6366992592811584,0.002194523811340332
295,6,"one,",0.6388937830924988,0.6721035242080688,-0.03320974111557007
295,7,with,0.6388937830924988,0.19419759511947632,0.44469618797302246
295,8,his,0.6388937830924988,0.2748028337955475,0.3640909492969513
295,9,"crook,",0.6388937830924988,3.209737769793719e-05,0.6388616857148008
295,10,calling,0.6388937830924988,0.6293401718139648,0.009553611278533936
295,11,each,0.6388937830924988,0.6583812832832336,-0.019487500190734863
295,12,by,0.6388937830924988,0.6414644718170166,-0.0025706887245178223
295,13,name.,0.6388937830924988,0.12464748322963715,0.5142462998628616
119,0,He,0.4036047160625458,0.16048912703990936,0.2431155890226364
119,1,stood,0.4036047160625458,0.04176903888583183,0.36183567717671394
119,2,irresolute,0.4036047160625458,0.03539842739701271,0.36820628866553307
119,3,for,0.4036047160625458,0.3488071858882904,0.05479753017425537
119,4,a,0.4036047160625458,0.3868674635887146,0.016737252473831177
119,5,moment,0.4036047160625458,0.20372717082500458,0.1998775452375412
119,6,and,0.4036047160625458,0.48846909403800964,-0.08486437797546387
119,7,then,0.4036047160625458,0.39091646671295166,0.012688249349594116
119,8,scrambled,0.4036047160625458,0.0009916018461808562,0.4026131142163649
119,9,out,0.4036047160625458,0.41095784306526184,-0.0073531270027160645
119,10,of,0.4036047160625458,0.5139346122741699,-0.11032989621162415
119,11,the,0.4036047160625458,0.472393661737442,-0.06878894567489624
119,12,pit.,0.4036047160625458,0.34345415234565735,0.06015056371688843
78,0,"Eggs,",0.8264683485031128,0.3896311819553375,0.43683716654777527
78,1,milk,0.8264683485031128,0.5535799264907837,0.2728884220123291
78,2,and,0.8264683485031128,0.7510280609130859,0.07544028759002686
78,3,flour,0.8264683485031128,0.6807218790054321,0.14574646949768066
78,4,are,0.8264683485031128,0.7924759387969971,0.03399240970611572
78,5,the,0.8264683485031128,0.8262736201286316,0.00019472837448120117
78,6,main,0.8264683485031128,0.8247223496437073,0.0017459988594055176
78,7,ingredients,0.8264683485031128,0.79206782579422,0.03440052270889282
78,8,of,0.8264683485031128,0.7216532826423645,0.10481506586074829
78,9,pancakes.,0.8264683485031128,0.018832964822649956,0.8076353836804628
277,0,Strawberry,0.7784835696220398,0.06176220253109932,0.7167213670909405
277,1,"curd,",0.7784835696220398,0.7520202398300171,0.026463329792022705
277,2,yummy!,0.7784835696220398,0.7682289481163025,0.010254621505737305
16,0,A,0.6563204526901245,0.6936593651771545,-0.03733891248703003
16,1,zyzzyva,0.6563204526901245,0.09551122784614563,0.5608092248439789
16,2,is,0.6563204526901245,0.4757154583930969,0.1806049942970276
16,3,an,0.6563204526901245,0.6344622373580933,0.02185821533203125
16,4,American,0.6563204526901245,0.05017588287591934,0.6061445698142052
16,5,weevil.,0.6563204526901245,0.00021302586537785828,0.6561074268247467
393,0,To,0.8412737846374512,0.7897545099258423,0.05151927471160889
393,1,be,0.8412737846374512,0.8069026470184326,0.034371137619018555
393,2,the,0.8412737846374512,0.8769991397857666,-0.03572535514831543
393,3,cock,0.8412737846374512,0.24201597273349762,0.5992578119039536
393,4,in,0.8412737846374512,0.7127019762992859,0.12857180833816528
393,5,the,0.8412737846374512,0.8556045293807983,-0.014330744743347168
393,6,basket,0.8412737846374512,0.016902780160307884,0.8243710044771433
393,7,to,0.8412737846374512,0.8502854108810425,-0.009011626243591309
393,8,be,0.8412737846374512,0.8497388362884521,-0.008465051651000977
393,9,cock,0.8412737846374512,0.7628979086875916,0.07837587594985962
393,10,of,0.8412737846374512,0.8497886061668396,-0.008514821529388428
393,11,the,0.8412737846374512,0.7988965511322021,0.04237723350524902
393,12,company.,0.8412737846374512,0.546739935874939,0.2945338487625122
395,0,Toulet,0.3103982210159302,0.032840706408023834,0.27755751460790634
395,1,engaged,0.3103982210159302,0.3357480764389038,-0.025349855422973633
395,2,a,0.3103982210159302,0.3300902843475342,-0.019692063331604004
395,3,correspondence,0.3103982210159302,0.3165600895881653,-0.006161868572235107
395,4,with,0.3103982210159302,0.293842077255249,0.016556143760681152
395,5,Machen,0.3103982210159302,0.0006545642972923815,0.3097436567186378
395,6,and,0.3103982210159302,0.3186597526073456,-0.008261531591415405
395,7,visited,0.3103982210159302,0.3378537893295288,-0.027455568313598633
395,8,him,0.3103982210159302,0.3473890423774719,-0.03699082136154175
395,9,in,0.3103982210159302,0.31106579303741455,-0.000667572021484375
395,10,London.,0.3103982210159302,0.3452850580215454,-0.034886837005615234
437,0,"Zora,",0.2186202108860016,0.013843939639627934,0.20477627124637365
437,1,can,0.2186202108860016,0.18500760197639465,0.033612608909606934
437,2,you,0.2186202108860016,0.24995726346969604,-0.03133705258369446
437,3,teach,0.2186202108860016,0.19899849593639374,0.01962171494960785
437,4,me,0.2186202108860016,0.28533774614334106,-0.06671753525733948
437,5,how,0.2186202108860016,0.10984086245298386,0.10877934843301773
437,6,to,0.2186202108860016,0.20052634179592133,0.01809386909008026
437,7,yodel?,0.2186202108860016,5.6985347328009084e-05,0.21856322553867358
85,0,Following,0.9125602841377258,0.8962165117263794,0.016343772411346436
85,1,Portsmouth's,0.9125602841377258,0.02087576314806938,0.8916845209896564
85,2,"relegation,",0.9125602841377258,0.9347935318946838,-0.022233247756958008
85,3,Diop,0.9125602841377258,0.9172424674034119,-0.004682183265686035
85,4,was,0.9125602841377258,0.9141471982002258,-0.0015869140625
85,5,considered,0.9125602841377258,0.91766357421875,-0.00510329008102417
85,6,likely,0.9125602841377258,0.9066229462623596,0.005937337875366211
85,7,to,0.9125602841377258,0.9198384284973145,-0.007278144359588623
85,8,be,0.9125602841377258,0.9116826057434082,0.000877678394317627
85,9,released.,0.9125602841377258,0.8910952806472778,0.021465003490447998
112,0,He,0.1361585259437561,0.04978390038013458,0.08637462556362152
112,1,mashed,0.1361585259437561,0.0032052285969257355,0.13295329734683037
112,2,in,0.1361585259437561,0.10630616545677185,0.029852360486984253
112,3,the,0.1361585259437561,0.16745638847351074,-0.03129786252975464
112,4,controller,0.1361585259437561,0.120808906853199,0.015349619090557098
112,5,"buttons,",0.1361585259437561,0.08957698941230774,0.046581536531448364
112,6,hoping,0.1361585259437561,0.1210135743021965,0.0151449516415596
112,7,for,0.1361585259437561,0.14052064716815948,-0.004362121224403381
112,8,some,0.1361585259437561,0.13163185119628906,0.004526674747467041
112,9,extra,0.1361585259437561,0.14427287876605988,-0.008114352822303772
112,10,speed.,0.1361585259437561,0.034451454877853394,0.10170707106590271
240,0,Pencils,0.8289220333099365,0.0001339421869488433,0.8287880911229877
240,1,"down,",0.8289220333099365,0.1588277667760849,0.6700942665338516
240,2,time,0.8289220333099365,0.8168656826019287,0.012056350708007812
240,3,is,0.8289220333099365,0.8013607859611511,0.0275612473487854
240,4,over.,0.8289220333099365,0.6152671575546265,0.21365487575531006
388,0,This,0.9673749208450317,0.9627199769020081,0.004654943943023682
388,1,version,0.9673749208450317,0.7612051963806152,0.2061697244644165
388,2,of,0.9673749208450317,0.9269131422042847,0.04046177864074707
388,3,adamantium,0.9673749208450317,0.00020883293473161757,0.9671660879103001
388,4,is,0.9673749208450317,0.937481164932251,0.02989375591278076
388,5,not,0.9673749208450317,0.9695039987564087,-0.002129077911376953
388,6,unbreakable.,0.9673749208450317,0.9529592990875244,0.014415621757507324
104,0,He,0.7989826202392578,0.8265958428382874,-0.02761322259902954
104,1,disappeared,0.7989826202392578,0.7326302528381348,0.06635236740112305
104,2,into,0.7989826202392578,0.8050926327705383,-0.006110012531280518
104,3,the,0.7989826202392578,0.7645591497421265,0.03442347049713135
104,4,tent.,0.7989826202392578,0.017474336549639702,0.7815082836896181
147,0,I,0.7061030864715576,0.778099536895752,-0.07199645042419434
147,1,don't,0.7061030864715576,0.547221839427948,0.15888124704360962
147,2,like,0.7061030864715576,0.6208491921424866,0.08525389432907104
147,3,coconuts.,0.7061030864715576,7.994885527295992e-05,0.7060231376162847
344,0,The,0.6595783829689026,0.621599555015564,0.03797882795333862
344,1,point,0.6595783829689026,0.205833300948143,0.4537450820207596
344,2,of,0.6595783829689026,0.6420843005180359,0.0174940824508667
344,3,the,0.6595783829689026,0.6369922161102295,0.022586166858673096
344,4,steel,0.6595783829689026,0.5351759791374207,0.12440240383148193
344,5,pen,0.6595783829689026,0.5004095435142517,0.15916883945465088
344,6,was,0.6595783829689026,0.47296980023384094,0.18660858273506165
344,7,bent,0.6595783829689026,0.003867867635563016,0.6557105153333396
344,8,and,0.6595783829689026,0.3492613732814789,0.3103170096874237
344,9,twisted.,0.6595783829689026,0.5356847047805786,0.12389367818832397
141,0,I,0.7561026811599731,0.6795820593833923,0.07652062177658081
141,1,am,0.7561026811599731,0.5899850130081177,0.16611766815185547
141,2,not,0.7561026811599731,0.5719178915023804,0.18418478965759277
141,3,surprised.,0.7561026811599731,0.055935826152563095,0.70016685500741
282,0,Tea,0.33955955505371094,0.3112717568874359,0.028287798166275024
282,1,in,0.33955955505371094,0.2187989205121994,0.12076063454151154
282,2,thin,0.33955955505371094,0.00039678250323049724,0.33916277255048044
282,3,china,0.33955955505371094,0.0037833303213119507,0.335776224732399
282,4,has,0.33955955505371094,0.25415417551994324,0.0854053795337677
282,5,a,0.33955955505371094,0.33349624276161194,0.006063312292098999
282,6,sweet,0.33955955505371094,0.3011068105697632,0.038452744483947754
282,7,taste.,0.33955955505371094,0.10132243484258652,0.23823712021112442
139,0,How,0.8605966567993164,0.7663716673851013,0.09422498941421509
139,1,many,0.8605966567993164,0.8232178688049316,0.037378787994384766
139,2,layers,0.8605966567993164,0.7106974124908447,0.14989924430847168
139,3,of,0.8605966567993164,0.8423476815223694,0.01824897527694702
139,4,irony,0.8605966567993164,0.0005221105529926717,0.8600745462463237
139,5,are,0.8605966567993164,0.849342405796051,0.01125425100326538
139,6,you,0.8605966567993164,0.7353700995445251,0.12522655725479126
139,7,on?,0.8605966567993164,0.5097390413284302,0.35085761547088623
201,0,Lifeguards,0.19237060844898224,0.004050198942422867,0.18832040950655937
201,1,were,0.19237060844898224,0.04843612760305405,0.1439344808459282
201,2,standing,0.19237060844898224,0.11011925339698792,0.08225135505199432
201,3,on,0.19237060844898224,0.22446054220199585,-0.03208993375301361
201,4,a,0.19237060844898224,0.23349422216415405,-0.041123613715171814
201,5,"tower,",0.19237060844898224,0.02813350223004818,0.16423710621893406
201,6,staring,0.19237060844898224,0.000261712062638253,0.19210889638634399
201,7,at,0.19237060844898224,0.2027621865272522,-0.010391578078269958
201,8,the,0.19237060844898224,0.14793381094932556,0.04443679749965668
201,9,water.,0.19237060844898224,0.012657823041081429,0.1797127854079008
365,0,Their,0.37392666935920715,0.17924359440803528,0.19468307495117188
365,1,eggs,0.37392666935920715,0.051004406064748764,0.3229222632944584
365,2,were,0.37392666935920715,0.3761252760887146,-0.0021986067295074463
365,3,particularly,0.37392666935920715,0.36114853620529175,0.012778133153915405
365,4,vulnerable,0.37392666935920715,0.3447195589542389,0.02920711040496826
365,5,to,0.37392666935920715,0.3794804513454437,-0.005553781986236572
365,6,crows,0.37392666935920715,0.40997570753097534,-0.03604903817176819
365,7,and,0.37392666935920715,0.37466761469841003,-0.0007409453392028809
365,8,other,0.37392666935920715,0.3842776119709015,-0.010350942611694336
365,9,natural,0.37392666935920715,0.36154016852378845,0.012386500835418701
365,10,predators.,0.37392666935920715,0.3387477993965149,0.03517886996269226
321,0,The,0.8878512382507324,0.8965528607368469,-0.008701622486114502
321,1,grim,0.8878512382507324,0.8950310945510864,-0.007179856300354004
321,2,reaper,0.8878512382507324,0.8310189247131348,0.056832313537597656
321,3,is,0.8878512382507324,0.8800061941146851,0.007845044136047363
321,4,waiting,0.8878512382507324,0.869163990020752,0.01868724822998047
321,5,for,0.8878512382507324,0.8854950070381165,0.002356231212615967
321,6,"you,",0.8878512382507324,0.833906888961792,0.05394434928894043
321,7,reckless,0.8878512382507324,0.01604020595550537,0.871811032295227
321,8,driver!,0.8878512382507324,0.8206614851951599,0.06718975305557251
404,0,When,0.5987728238105774,0.6043266654014587,-0.005553841590881348
404,1,he,0.5987728238105774,0.5718636512756348,0.026909172534942627
404,2,saw,0.5987728238105774,0.5571524500846863,0.04162037372589111
404,3,the,0.5987728238105774,0.5974335670471191,0.001339256763458252
404,4,storm,0.5987728238105774,0.598004937171936,0.0007678866386413574
404,5,clouds,0.5987728238105774,0.5951135754585266,0.0036592483520507812
404,6,in,0.5987728238105774,0.5800022482872009,0.018770575523376465
404,7,the,0.5987728238105774,0.5908122658729553,0.00796055793762207
404,8,"sky,",0.5987728238105774,0.5327410697937012,0.06603175401687622
404,9,Jaka,0.5987728238105774,0.47010162472724915,0.12867119908332825
404,10,wished,0.5987728238105774,0.5830766558647156,0.015696167945861816
404,11,he,0.5987728238105774,0.5954716801643372,0.0033011436462402344
404,12,would,0.5987728238105774,0.5802661180496216,0.01850670576095581
404,13,have,0.5987728238105774,0.5970125198364258,0.0017603039741516113
404,14,remembered,0.5987728238105774,0.5972643494606018,0.001508474349975586
404,15,his,0.5987728238105774,0.5986543297767639,0.00011849403381347656
404,16,umbrella.,0.5987728238105774,0.0025052709970623255,0.5962675528135151
71,0,Don't,0.8898425102233887,0.7904501557350159,0.0993923544883728
71,1,knock,0.8898425102233887,0.8772817254066467,0.012560784816741943
71,2,on,0.8898425102233887,0.8919035792350769,-0.0020610690116882324
71,3,death's,0.8898425102233887,0.6130771636962891,0.2767653465270996
71,4,"door,",0.8898425102233887,0.8768998384475708,0.012942671775817871
71,5,ring,0.8898425102233887,0.8735417127609253,0.01630079746246338
71,6,the,0.8898425102233887,0.8946133255958557,-0.004770815372467041
71,7,doorbell,0.8898425102233887,0.0008145611500367522,0.8890279490733519
71,8,and,0.8898425102233887,0.8657355904579163,0.024106919765472412
71,9,run.,0.8898425102233887,0.7739792466163635,0.11586326360702515
226,0,Nothing,0.680738091468811,0.5623165965080261,0.11842149496078491
226,1,dries,0.680738091468811,0.7153488993644714,-0.0346108078956604
226,2,sooner,0.680738091468811,0.6303037405014038,0.05043435096740723
226,3,than,0.680738091468811,0.5601582527160645,0.12057983875274658
226,4,a,0.680738091468811,0.5625469088554382,0.1181911826133728
226,5,tear.,0.680738091468811,0.029973400756716728,0.6507646907120943
242,0,Pitch,0.2579132318496704,0.21003858745098114,0.04787464439868927
242,1,the,0.2579132318496704,0.1804330199956894,0.07748021185398102
242,2,straw,0.2579132318496704,0.0028037375304847956,0.2551094943191856
242,3,through,0.2579132318496704,0.23694559931755066,0.02096763253211975
242,4,the,0.2579132318496704,0.24678553640842438,0.011127695441246033
242,5,door,0.2579132318496704,0.190689355134964,0.06722387671470642
242,6,of,0.2579132318496704,0.21081086993217468,0.04710236191749573
242,7,the,0.2579132318496704,0.223873108625412,0.03404012322425842
242,8,stable.,0.2579132318496704,0.06768796592950821,0.1902252659201622
245,0,Please,0.5850622653961182,0.492178350687027,0.09288391470909119
245,1,don't,0.5850622653961182,0.15629182755947113,0.42877043783664703
245,2,be,0.5850622653961182,0.6037493944168091,-0.018687129020690918
245,3,lazy.,0.5850622653961182,0.00032397586619481444,0.5847382895299233
397,0,Use,0.5446447730064392,0.2740979790687561,0.2705467939376831
397,1,a,0.5446447730064392,0.5988859534263611,-0.054241180419921875
397,2,pencil,0.5446447730064392,0.00037191377487033606,0.5442728592315689
397,3,to,0.5446447730064392,0.5018858909606934,0.04275888204574585
397,4,write,0.5446447730064392,0.45071542263031006,0.09392935037612915
397,5,the,0.5446447730064392,0.53718501329422,0.007459759712219238
397,6,first,0.5446447730064392,0.5899950265884399,-0.04535025358200073
397,7,draft.,0.5446447730064392,0.2264825701713562,0.318162202835083
24,0,All,0.5340386033058167,0.1224668100476265,0.41157179325819016
24,1,work,0.5340386033058167,0.05639638379216194,0.4776422195136547
24,2,and,0.5340386033058167,0.09012328833341599,0.44391531497240067
24,3,no,0.5340386033058167,0.010151064023375511,0.5238875392824411
24,4,play,0.5340386033058167,0.007401804905384779,0.5266367984004319
24,5,makes,0.5340386033058167,0.3744482398033142,0.15959036350250244
24,6,Jack,0.5340386033058167,0.1519036889076233,0.38213491439819336
24,7,a,0.5340386033058167,0.5902213454246521,-0.05618274211883545
24,8,dull,0.5340386033058167,0.5743436813354492,-0.04030507802963257
24,9,boy.,0.5340386033058167,0.37911033630371094,0.1549282670021057
229,0,"Oh,",0.5592538714408875,0.0010806022910401225,0.5581732691498473
229,1,I,0.5592538714408875,0.5353583693504333,0.0238955020904541
229,2,beg,0.5592538714408875,0.44583722949028015,0.1134166419506073
229,3,your,0.5592538714408875,0.5920659899711609,-0.03281211853027344
229,4,pardon!,0.5592538714408875,0.3415422737598419,0.21771159768104553
342,0,The,0.6625279188156128,0.5972782969474792,0.06524962186813354
342,1,penguin,0.6625279188156128,0.012745808809995651,0.6497821100056171
342,2,waddles,0.6625279188156128,0.5268124938011169,0.13571542501449585
342,3,across,0.6625279188156128,0.6615338921546936,0.0009940266609191895
342,4,the,0.6625279188156128,0.6321620941162109,0.030365824699401855
342,5,"ice,",0.6625279188156128,0.6635500192642212,-0.0010221004486083984
342,6,joining,0.6625279188156128,0.6115525364875793,0.05097538232803345
342,7,her,0.6625279188156128,0.6451744437217712,0.017353475093841553
342,8,companions.,0.6625279188156128,0.569491982460022,0.09303593635559082
254,0,Samuel,0.8307285904884338,0.0005024381680414081,0.8302261523203924
254,1,wrote,0.8307285904884338,0.7525314092636108,0.078197181224823
254,2,in,0.8307285904884338,0.8272209167480469,0.003507673740386963
254,3,his,0.8307285904884338,0.8391814231872559,-0.008452832698822021
254,4,testament,0.8307285904884338,0.7877431511878967,0.04298543930053711
254,5,that,0.8307285904884338,0.8235988020896912,0.007129788398742676
254,6,his,0.8307285904884338,0.8306413888931274,8.720159530639648e-05
254,7,grandchildren,0.8307285904884338,0.8088422417640686,0.021886348724365234
254,8,should,0.8307285904884338,0.8338838219642639,-0.003155231475830078
254,9,inherit,0.8307285904884338,0.8223133087158203,0.008415281772613525
254,10,all,0.8307285904884338,0.8207505345344543,0.009978055953979492
254,11,his,0.8307285904884338,0.814829409122467,0.015899181365966797
254,12,money.,0.8307285904884338,0.7184625267982483,0.11226606369018555
148,0,I,0.6714991927146912,0.6535807847976685,0.017918407917022705
148,1,guess,0.6714991927146912,0.12992651760578156,0.5415726751089096
148,2,I,0.6714991927146912,0.6329976916313171,0.03850150108337402
148,3,used,0.6714991927146912,0.4964970052242279,0.17500218749046326
148,4,all,0.6714991927146912,0.2686082720756531,0.4028909206390381
148,5,the,0.6714991927146912,0.5593535304069519,0.11214566230773926
148,6,shells.,0.6714991927146912,0.02469015307724476,0.6468090396374464
13,0,A,0.3749830424785614,0.32746124267578125,0.04752179980278015
13,1,"trill,",0.3749830424785614,0.0029427839908748865,0.3720402584876865
13,2,or,0.3749830424785614,0.3247309625148773,0.05025207996368408
13,3,shake,0.3749830424785614,0.14375066757202148,0.23123237490653992
13,4,A,0.3749830424785614,0.5111626386642456,-0.1361795961856842
13,5,triplet.,0.3749830424785614,0.2584993243217468,0.11648371815681458
166,0,If,0.2810038626194,0.25916987657546997,0.021833986043930054
166,1,one,0.2810038626194,0.24629957973957062,0.03470428287982941
166,2,illuminates,0.2810038626194,0.03192886337637901,0.249074999243021
166,3,"""two""",0.2810038626194,0.09838980436325073,0.1826140582561493
166,4,parallel,0.2810038626194,0.0055299666710197926,0.27547389594838023
166,5,"slits,",0.2810038626194,0.00016074738232418895,0.28084311523707584
166,6,the,0.2810038626194,0.26696500182151794,0.01403886079788208
166,7,light,0.2810038626194,0.25975295901298523,0.021250903606414795
166,8,from,0.2810038626194,0.25826483964920044,0.022739022970199585
166,9,the,0.2810038626194,0.2790846526622772,0.0019192099571228027
166,10,two,0.2810038626194,0.2739959955215454,0.007007867097854614
166,11,slits,0.2810038626194,0.29713478684425354,-0.016130924224853516
166,12,again,0.2810038626194,0.286540687084198,-0.005536824464797974
166,13,interferes.,0.2810038626194,0.20313067734241486,0.07787318527698517
286,0,The,0.9430066347122192,0.9399450421333313,0.0030615925788879395
286,1,Girl,0.9430066347122192,0.8637605905532837,0.07924604415893555
286,2,Guide,0.9430066347122192,0.6296624541282654,0.31334418058395386
286,3,emblem,0.9430066347122192,0.9109833836555481,0.03202325105667114
286,4,is,0.9430066347122192,0.9226059913635254,0.020400643348693848
286,5,set,0.9430066347122192,0.7476290464401245,0.19537758827209473
286,6,upon,0.9430066347122192,0.9459973573684692,-0.00299072265625
286,7,a,0.9430066347122192,0.9429354071617126,7.12275505065918e-05
286,8,banner,0.9430066347122192,0.8227124214172363,0.12029421329498291
286,9,of,0.9430066347122192,0.9421072602272034,0.0008993744850158691
286,10,the,0.9430066347122192,0.9512752294540405,-0.008268594741821289
286,11,flag,0.9430066347122192,0.9290134310722351,0.01399320363998413
286,12,of,0.9430066347122192,0.9432482719421387,-0.0002416372299194336
286,13,Estonia.,0.9430066347122192,0.9214689135551453,0.021537721157073975
331,0,The,0.9555649757385254,0.963269054889679,-0.0077040791511535645
331,1,matter,0.9555649757385254,0.9496594071388245,0.005905568599700928
331,2,of,0.9555649757385254,0.9611582159996033,-0.005593240261077881
331,3,the,0.9555649757385254,0.9594385027885437,-0.0038735270500183105
331,4,overall,0.9555649757385254,0.6059209108352661,0.3496440649032593
331,5,pennant,0.9555649757385254,0.04465724900364876,0.9109077267348766
331,6,was,0.9555649757385254,0.9549781680107117,0.0005868077278137207
331,7,apparently,0.9555649757385254,0.9545850157737732,0.0009799599647521973
331,8,never,0.9555649757385254,0.9643035531044006,-0.008738577365875244
331,9,decided.,0.9555649757385254,0.9147374629974365,0.04082751274108887
150,0,I,0.8025081753730774,0.7723131775856018,0.030194997787475586
150,1,had,0.8025081753730774,0.6973893642425537,0.10511881113052368
150,2,to,0.8025081753730774,0.7957054972648621,0.006802678108215332
150,3,teach,0.8025081753730774,0.7481988072395325,0.05430936813354492
150,4,my,0.8025081753730774,0.7831695079803467,0.019338667392730713
150,5,nephew,0.8025081753730774,5.210556264501065e-05,0.8024560698104324
150,6,the,0.8025081753730774,0.8107536435127258,-0.008245468139648438
150,7,facts,0.8025081753730774,0.7883633375167847,0.014144837856292725
150,8,of,0.8025081753730774,0.8054292798042297,-0.0029211044311523438
150,9,"life,",0.8025081753730774,0.7884112000465393,0.014096975326538086
150,10,because,0.8025081753730774,0.779482901096344,0.0230252742767334
150,11,his,0.8025081753730774,0.7932494282722473,0.009258747100830078
150,12,parents,0.8025081753730774,0.784745991230011,0.017762184143066406
150,13,are,0.8025081753730774,0.8011218309402466,0.0013863444328308105
150,14,prudes.,0.8025081753730774,0.6360637545585632,0.16644442081451416
428,0,You,0.8753505945205688,0.8220022320747375,0.0533483624458313
428,1,mean,0.8753505945205688,0.7750481367111206,0.10030245780944824
428,2,spies,0.8753505945205688,0.0149675402790308,0.860383054241538
428,3,and,0.8753505945205688,0.861823320388794,0.013527274131774902
428,4,things,0.8753505945205688,0.8600305318832397,0.015320062637329102
428,5,like,0.8753505945205688,0.8566676378250122,0.01868295669555664
428,6,that?,0.8753505945205688,0.7780089378356934,0.09734165668487549
403,0,When,0.45623335242271423,0.43262651562690735,0.023606836795806885
403,1,he,0.45623335242271423,0.3955311179161072,0.060702234506607056
403,2,saw,0.45623335242271423,0.3760739266872406,0.08015942573547363
403,3,Henderson,0.45623335242271423,0.058927230536937714,0.3973061218857765
403,4,in,0.45623335242271423,0.3903738558292389,0.06585949659347534
403,5,his,0.45623335242271423,0.1710289716720581,0.28520438075065613
403,6,"garden,",0.45623335242271423,0.2974141538143158,0.15881919860839844
403,7,he,0.45623335242271423,0.4127243459224701,0.04350900650024414
403,8,called,0.45623335242271423,0.16922129690647125,0.287012055516243
403,9,over,0.45623335242271423,0.033733151853084564,0.42250020056962967
403,10,the,0.45623335242271423,0.3778039813041687,0.07842937111854553
403,11,fence,0.45623335242271423,7.597479270771146e-05,0.4561573776300065
403,12,and,0.45623335242271423,0.41214191913604736,0.04409143328666687
403,13,made,0.45623335242271423,0.4455920159816742,0.010641336441040039
403,14,himself,0.45623335242271423,0.43047380447387695,0.02575954794883728
403,15,understood.,0.45623335242271423,0.35396066308021545,0.10227268934249878
410,0,Who,0.7458860874176025,0.6411586403846741,0.10472744703292847
410,1,is,0.7458860874176025,0.70622318983078,0.03966289758682251
410,2,responsible,0.7458860874176025,0.6931086182594299,0.05277746915817261
410,3,for,0.7458860874176025,0.7334598302841187,0.012426257133483887
410,4,these,0.7458860874176025,0.6729608178138733,0.07292526960372925
410,5,parrots?,0.7458860874176025,5.260006582830101e-05,0.7458334873517742
205,0,Little,0.4273420572280884,0.3582095503807068,0.06913250684738159
205,1,fluffy,0.4273420572280884,0.007815462537109852,0.4195265946909785
205,2,clouds,0.4273420572280884,0.3694033622741699,0.05793869495391846
205,3,that,0.4273420572280884,0.49268943071365356,-0.06534737348556519
205,4,seemed,0.4273420572280884,0.40360525250434875,0.023736804723739624
205,5,to,0.4273420572280884,0.40405985713005066,0.02328220009803772
205,6,have,0.4273420572280884,0.41897374391555786,0.008368313312530518
205,7,come,0.4273420572280884,0.4162558615207672,0.011086195707321167
205,8,straight,0.4273420572280884,0.41403505206108093,0.013307005167007446
205,9,from,0.4273420572280884,0.39444997906684875,0.032892078161239624
205,10,a,0.4273420572280884,0.4203528165817261,0.006989240646362305
205,11,child’s,0.4273420572280884,0.37936583161354065,0.04797622561454773
205,12,painting.,0.4273420572280884,0.19163095951080322,0.23571109771728516
65,0,Do,0.5290586948394775,0.5227727890014648,0.006285905838012695
65,1,the,0.5290586948394775,0.5650604367256165,-0.036001741886138916
65,2,roses,0.5290586948394775,0.0001541195815661922,0.5289045752579113
65,3,compete,0.5290586948394775,0.3203352689743042,0.20872342586517334
65,4,in,0.5290586948394775,0.47502025961875916,0.054038435220718384
65,5,athletic,0.5290586948394775,0.46818193793296814,0.0608767569065094
65,6,events?,0.5290586948394775,0.26819583773612976,0.2608628571033478
303,0,The,0.6546927094459534,0.6351126432418823,0.019580066204071045
303,1,concrete,0.6546927094459534,0.2674426734447479,0.38725003600120544
303,2,was,0.6546927094459534,0.6176304817199707,0.037062227725982666
303,3,covered,0.6546927094459534,0.4373633563518524,0.21732935309410095
303,4,in,0.6546927094459534,0.6247478723526001,0.02994483709335327
303,5,moss.,0.6546927094459534,0.0035626222379505634,0.6511300872080028
429,0,You,0.2803365886211395,0.20714505016803741,0.07319153845310211
429,1,should've,0.2803365886211395,0.13986168801784515,0.14047490060329437
429,2,learned,0.2803365886211395,0.24863427877426147,0.03170230984687805
429,3,that,0.2803365886211395,0.24694031476974487,0.03339627385139465
429,4,thumbnails,0.2803365886211395,0.19539055228233337,0.08494603633880615
429,5,with,0.2803365886211395,0.22268058359622955,0.05765600502490997
429,6,women,0.2803365886211395,0.15367300808429718,0.12666358053684235
429,7,wearing,0.2803365886211395,0.12816351652145386,0.15217307209968567
429,8,plunging,0.2803365886211395,0.14030693471431732,0.1400296539068222
429,9,necklines,0.2803365886211395,0.144400492310524,0.13593609631061554
429,10,are,0.2803365886211395,0.2616846263408661,0.018651962280273438
429,11,just,0.2803365886211395,0.2730991542339325,0.007237434387207031
429,12,click,0.2803365886211395,0.28549790382385254,-0.005161315202713013
429,13,bait.,0.2803365886211395,0.10402192175388336,0.17631466686725616
323,0,The,0.5358229279518127,0.46568042039871216,0.07014250755310059
323,1,homeless,0.5358229279518127,0.09242390096187592,0.44339902698993683
323,2,seem,0.5358229279518127,0.13959988951683044,0.3962230384349823
323,3,to,0.5358229279518127,0.4621191918849945,0.07370373606681824
323,4,like,0.5358229279518127,0.22242896258831024,0.3133939653635025
323,5,soup.,0.5358229279518127,3.320258838357404e-05,0.5357897253634292
131,0,"Hey,",0.7012032270431519,0.0010380796156823635,0.7001651474274695
131,1,stop,0.7012032270431519,0.5654891729354858,0.13571405410766602
131,2,staring,0.7012032270431519,0.6637762784957886,0.03742694854736328
131,3,at,0.7012032270431519,0.6688011288642883,0.032402098178863525
131,4,my,0.7012032270431519,0.6606927514076233,0.040510475635528564
131,5,decollete!,0.7012032270431519,0.3083575963973999,0.39284563064575195
155,0,I,0.5158044695854187,0.4670571982860565,0.04874727129936218
155,1,saw,0.5158044695854187,0.3942323327064514,0.12157213687896729
155,2,astonishment,0.5158044695854187,0.0489407442510128,0.4668637253344059
155,3,and,0.5158044695854187,0.3513161242008209,0.16448834538459778
155,4,horror,0.5158044695854187,0.49856024980545044,0.01724421977996826
155,5,on,0.5158044695854187,0.4530942440032959,0.0627102255821228
155,6,the,0.5158044695854187,0.5033918023109436,0.012412667274475098
155,7,faces,0.5158044695854187,0.2807363271713257,0.23506814241409302
155,8,of,0.5158044695854187,0.5001541376113892,0.01565033197402954
155,9,the,0.5158044695854187,0.5072087645530701,0.008595705032348633
155,10,people,0.5158044695854187,0.46421754360198975,0.051586925983428955
155,11,around,0.5158044695854187,0.17747639119625092,0.3383280783891678
155,12,me.,0.5158044695854187,0.22192242741584778,0.2938820421695709
346,0,The,0.4102497100830078,0.3351579010486603,0.07509180903434753
346,1,river,0.4102497100830078,0.13784383237361908,0.27240587770938873
346,2,is,0.4102497100830078,0.28049376606941223,0.12975594401359558
346,3,tidal,0.4102497100830078,0.005247350316494703,0.4050023597665131
346,4,when,0.4102497100830078,0.053536057472229004,0.3567136526107788
346,5,it,0.4102497100830078,0.400788277387619,0.009461432695388794
346,6,passes,0.4102497100830078,0.343904972076416,0.0663447380065918
346,7,through,0.4102497100830078,0.3888217508792877,0.021427959203720093
346,8,Dargaville.,0.4102497100830078,0.05219629406929016,0.35805341601371765
248,0,Pull,0.42616385221481323,0.008031894452869892,0.41813195776194334
248,1,the,0.42616385221481323,0.4296833872795105,-0.0035195350646972656
248,2,hook,0.42616385221481323,0.016185017302632332,0.4099788349121809
248,3,to,0.42616385221481323,0.366594135761261,0.059569716453552246
248,4,toggle,0.42616385221481323,0.01478653121739626,0.411377320997417
248,5,the,0.42616385221481323,0.4696662425994873,-0.04350239038467407
248,6,jukebox.,0.42616385221481323,0.42133447527885437,0.004829376935958862
47,0,But,0.5677880644798279,0.3930448889732361,0.1747431755065918
47,1,horses,0.5677880644798279,0.31640714406967163,0.25138092041015625
47,2,tire,0.5677880644798279,0.12528489530086517,0.4425031691789627
47,3,bit,0.5677880644798279,0.5417110919952393,0.026076972484588623
47,4,by,0.5677880644798279,0.43949028849601746,0.12829777598381042
47,5,bit.,0.5677880644798279,0.38296598196029663,0.18482208251953125
261,0,She,0.6899251937866211,0.6332830190658569,0.05664217472076416
261,1,got,0.6899251937866211,0.6613995432853699,0.02852565050125122
261,2,the,0.6899251937866211,0.6276676654815674,0.06225752830505371
261,3,Congressional,0.6899251937866211,0.150834321975708,0.5390908718109131
261,4,Medal,0.6899251937866211,0.005349841434508562,0.6845753523521125
261,5,of,0.6899251937866211,0.7025889754295349,-0.012663781642913818
261,6,Honor!,0.6899251937866211,0.037688978016376495,0.6522362157702446
168,0,If,0.9029179811477661,0.8972406387329102,0.005677342414855957
168,1,you,0.9029179811477661,0.8973585963249207,0.005559384822845459
168,2,want,0.9029179811477661,0.8664809465408325,0.036437034606933594
168,3,a,0.9029179811477661,0.9005897045135498,0.0023282766342163086
168,4,"sandwich,",0.9029179811477661,0.7882328629493713,0.11468511819839478
168,5,don't,0.9029179811477661,0.8527596592903137,0.05015832185745239
168,6,hesitate,0.9029179811477661,0.4147108197212219,0.4882071614265442
168,7,grabbing,0.9029179811477661,0.8985216021537781,0.004396378993988037
168,8,one.,0.9029179811477661,0.830253005027771,0.07266497611999512
115,0,He,0.44453293085098267,0.43926891684532166,0.005264014005661011
115,1,once,0.44453293085098267,0.40710878372192383,0.03742414712905884
115,2,lent,0.44453293085098267,0.3946336805820465,0.04989925026893616
115,3,his,0.44453293085098267,0.44202813506126404,0.002504795789718628
115,4,distinctive,0.44453293085098267,0.22555376589298248,0.21897916495800018
115,5,voice,0.44453293085098267,0.3827020525932312,0.061830878257751465
115,6,to,0.44453293085098267,0.4147554636001587,0.029777467250823975
115,7,an,0.44453293085098267,0.40904977917671204,0.03548315167427063
115,8,advert,0.44453293085098267,0.39362937211990356,0.0509035587310791
115,9,for,0.44453293085098267,0.43989601731300354,0.004636913537979126
115,10,the,0.44453293085098267,0.43881717324256897,0.005715757608413696
115,11,blackcurrant,0.44453293085098267,0.022746607661247253,0.4217863231897354
115,12,drink,0.44453293085098267,0.5624592304229736,-0.11792629957199097
115,13,Ribena.,0.44453293085098267,0.333461731672287,0.11107119917869568
128,0,Hey,0.5134577751159668,0.019248872995376587,0.4942089021205902
128,1,"Lucy,",0.5134577751159668,0.06316608190536499,0.4502916932106018
128,2,have,0.5134577751159668,0.5091937184333801,0.00426405668258667
128,3,you,0.5134577751159668,0.4724777936935425,0.040979981422424316
128,4,remembered,0.5134577751159668,0.5045065879821777,0.008951187133789062
128,5,the,0.5134577751159668,0.511669933795929,0.0017878413200378418
128,6,lyrics,0.5134577751159668,0.4520539939403534,0.0614037811756134
128,7,for,0.5134577751159668,0.4942244291305542,0.019233345985412598
128,8,the,0.5134577751159668,0.48513978719711304,0.02831798791885376
128,9,anthem,0.5134577751159668,0.3204818665981293,0.19297590851783752
128,10,yet?,0.5134577751159668,0.19644781947135925,0.31700995564460754
187,0,It,0.8589784502983093,0.8280649781227112,0.030913472175598145
187,1,was,0.8589784502983093,0.8256078958511353,0.03337055444717407
187,2,"steel,",0.8589784502983093,0.6771292090415955,0.18184924125671387
187,3,a,0.8589784502983093,0.8411030173301697,0.01787543296813965
187,4,fisher,0.8589784502983093,0.6654548048973083,0.19352364540100098
187,5,trap.,0.8589784502983093,0.0019661805126816034,0.8570122697856277
186,0,It,0.8454964756965637,0.8338772058486938,0.011619269847869873
186,1,was,0.8454964756965637,0.845969021320343,-0.0004725456237792969
186,2,replaced,0.8454964756965637,0.808988630771637,0.03650784492492676
186,3,by,0.8454964756965637,0.8284410834312439,0.017055392265319824
186,4,Mowinckel's,0.8454964756965637,0.7778668403625488,0.06762963533401489
186,5,Third,0.8454964756965637,0.8356686234474182,0.009827852249145508
186,6,Cabinet.,0.8454964756965637,0.055624742060899734,0.789871733635664
246,0,Please,0.8072939515113831,0.8511818051338196,-0.04388785362243652
246,1,stop,0.8072939515113831,0.80474454164505,0.002549409866333008
246,2,the,0.8072939515113831,0.824987530708313,-0.01769357919692993
246,3,recording,0.8072939515113831,0.8074000477790833,-0.00010609626770019531
246,4,by,0.8072939515113831,0.8023275136947632,0.004966437816619873
246,5,pressing,0.8072939515113831,0.7628118395805359,0.04448211193084717
246,6,the,0.8072939515113831,0.8415151834487915,-0.03422123193740845
246,7,button,0.8072939515113831,0.521922767162323,0.28537118434906006
246,8,"again,",0.8072939515113831,0.7496792078018188,0.05761474370956421
246,9,when,0.8072939515113831,0.763260543346405,0.04403340816497803
246,10,you,0.8072939515113831,0.7850525975227356,0.02224135398864746
246,11,have,0.8072939515113831,0.8022961020469666,0.004997849464416504
246,12,finished,0.8072939515113831,0.7894406318664551,0.01785331964492798
246,13,reading,0.8072939515113831,0.8073863387107849,-9.238719940185547e-05
246,14,this,0.8072939515113831,0.794094979763031,0.01319897174835205
246,15,sentence.,0.8072939515113831,0.7427056431770325,0.06458830833435059
23,0,All,0.22903554141521454,0.24306711554527283,-0.014031574130058289
23,1,of,0.22903554141521454,0.23183025419712067,-0.002794712781906128
23,2,the,0.22903554141521454,0.23131170868873596,-0.0022761672735214233
23,3,species,0.22903554141521454,0.21822582185268402,0.010809719562530518
23,4,from,0.22903554141521454,0.23202189803123474,-0.0029863566160202026
23,5,this,0.22903554141521454,0.22039112448692322,0.00864441692829132
23,6,family,0.22903554141521454,0.15415909886360168,0.07487644255161285
23,7,have,0.22903554141521454,0.12373120337724686,0.10530433803796768
23,8,"free-living,",0.22903554141521454,0.12111523747444153,0.10792030394077301
23,9,aquatic,0.22903554141521454,0.37626025080680847,-0.14722470939159393
23,10,tadpoles.,0.22903554141521454,0.0018422044813632965,0.22719333693385124
372,0,There,0.2683820128440857,0.27506589889526367,-0.0066838860511779785
372,1,were,0.2683820128440857,0.270696222782135,-0.0023142099380493164
372,2,raised,0.2683820128440857,2.2683252609567717e-05,0.2683593295914761
372,3,"voices,and",0.2683820128440857,0.016143085435032845,0.25223892740905285
372,4,some,0.2683820128440857,0.24155709147453308,0.026824921369552612
372,5,sort,0.2683820128440857,0.232320174574852,0.036061838269233704
372,6,of,0.2683820128440857,0.2558767795562744,0.01250523328781128
372,7,struggle,0.2683820128440857,0.15401647984981537,0.11436553299427032
372,8,appeared,0.2683820128440857,0.2707826793193817,-0.0024006664752960205
372,9,to,0.2683820128440857,0.2629369795322418,0.005445033311843872
372,10,be,0.2683820128440857,0.25143375992774963,0.01694825291633606
372,11,going,0.2683820128440857,0.24336197972297668,0.02502003312110901
372,12,on.,0.2683820128440857,0.16200894117355347,0.10637307167053223
372,13,.,0.2683820128440857,0.23070673644542694,0.03767527639865875
426,0,You,0.6715158820152283,0.6932199597358704,-0.02170407772064209
426,1,have,0.6715158820152283,0.6389752626419067,0.03254061937332153
426,2,enough,0.6715158820152283,0.6157351136207581,0.055780768394470215
426,3,gold,0.6715158820152283,0.3770624101161957,0.2944534718990326
426,4,to,0.6715158820152283,0.6395780444145203,0.03193783760070801
426,5,buy,0.6715158820152283,0.5602945685386658,0.1112213134765625
426,6,many,0.6715158820152283,0.6893748044967651,-0.017858922481536865
426,7,sheep,0.6715158820152283,0.2608359754085541,0.4106799066066742
426,8,and,0.6715158820152283,0.6758346557617188,-0.0043187737464904785
426,9,many,0.6715158820152283,0.4487391710281372,0.22277671098709106
426,10,camels.,0.6715158820152283,9.95186492218636e-05,0.6714163633660064
348,0,The,0.554810106754303,0.5803073644638062,-0.025497257709503174
348,1,school's,0.554810106754303,0.49138975143432617,0.0634203553199768
348,2,mascot,0.554810106754303,0.2717611789703369,0.28304892778396606
348,3,is,0.554810106754303,0.5383468866348267,0.01646322011947632
348,4,the,0.554810106754303,0.5206390023231506,0.034171104431152344
348,5,golden,0.554810106754303,0.5146617889404297,0.04014831781387329
348,6,eagle,0.554810106754303,0.00042225237120874226,0.5543878543830942
348,7,and,0.554810106754303,0.552493155002594,0.0023169517517089844
348,8,their,0.554810106754303,0.5631697773933411,-0.008359670639038086
348,9,colors,0.554810106754303,0.5541448593139648,0.0006652474403381348
348,10,are,0.554810106754303,0.554997980594635,-0.00018787384033203125
348,11,gold,0.554810106754303,0.5567976236343384,-0.0019875168800354004
348,12,and,0.554810106754303,0.5363429188728333,0.018467187881469727
348,13,green.,0.554810106754303,0.4732252061367035,0.08158490061759949
432,0,You,0.4243276119232178,0.3874000310897827,0.03692758083343506
432,1,will,0.4243276119232178,0.4883503317832947,-0.0640227198600769
432,2,need,0.4243276119232178,0.4236135482788086,0.0007140636444091797
432,3,some,0.4243276119232178,0.31628841161727905,0.10803920030593872
432,4,rubber,0.4243276119232178,0.0019523599185049534,0.4223752520047128
432,5,boots.,0.4243276119232178,0.47188180685043335,-0.047554194927215576
259,0,She,0.8911318182945251,0.9032290577888489,-0.01209723949432373
259,1,danced,0.8911318182945251,0.8778077960014343,0.01332402229309082
259,2,like,0.8911318182945251,0.8516167998313904,0.039515018463134766
259,3,a,0.8911318182945251,0.8543829321861267,0.03674888610839844
259,4,"swan,",0.8911318182945251,0.011995842680335045,0.8791359756141901
259,5,tall,0.8911318182945251,0.9041173458099365,-0.012985527515411377
259,6,and,0.8911318182945251,0.8708781599998474,0.020253658294677734
259,7,graceful.,0.8911318182945251,0.7849760055541992,0.10615581274032593
169,0,If,0.6205134987831116,0.5293905735015869,0.09112292528152466
169,1,you,0.6205134987831116,0.5814781188964844,0.0390353798866272
169,2,want,0.6205134987831116,0.5471757650375366,0.07333773374557495
169,3,to,0.6205134987831116,0.580843985080719,0.03966951370239258
169,4,send,0.6205134987831116,0.5685239434242249,0.05198955535888672
169,5,me,0.6205134987831116,0.5300177931785583,0.09049570560455322
169,6,private,0.6205134987831116,0.27072879672050476,0.3497847020626068
169,7,"feedback,",0.6205134987831116,0.0004730026994366199,0.620040496083675
169,8,please,0.6205134987831116,0.6117964386940002,0.008717060089111328
169,9,fill,0.6205134987831116,0.5677345395088196,0.05277895927429199
169,10,out,0.6205134987831116,0.6067608594894409,0.013752639293670654
169,11,the,0.6205134987831116,0.597629964351654,0.02288353443145752
169,12,following,0.6205134987831116,0.6252175569534302,-0.0047040581703186035
169,13,form.,0.6205134987831116,0.5867566466331482,0.03375685214996338
233,0,"Oh,",0.6586838960647583,0.00013785719056613743,0.6585460388741922
233,1,you,0.6586838960647583,0.6516843438148499,0.006999552249908447
233,2,"are,",0.6586838960647583,0.8326025009155273,-0.17391860485076904
233,3,eh?,0.6586838960647583,0.575244128704071,0.08343976736068726
374,0,"There,",0.8531942367553711,0.7751619219779968,0.07803231477737427
374,1,he,0.8531942367553711,0.8570091128349304,-0.003814876079559326
374,2,awards,0.8531942367553711,0.8277373313903809,0.025456905364990234
374,3,both,0.8531942367553711,0.8269526362419128,0.026241600513458252
374,4,Ziwei,0.8531942367553711,0.22380678355693817,0.6293874531984329
374,5,and,0.8531942367553711,0.8443922996520996,0.008801937103271484
374,6,Xiaoyanzi,0.8531942367553711,0.014660264365375042,0.838533972389996
374,7,with,0.8531942367553711,0.8557653427124023,-0.00257110595703125
374,8,a,0.8531942367553711,0.8534554839134216,-0.0002612471580505371
374,9,gold,0.8531942367553711,0.8432101607322693,0.009984076023101807
374,10,insignia.,0.8531942367553711,0.7590947151184082,0.09409952163696289
7,0,A,0.4561942219734192,0.7189673185348511,-0.2627730965614319
7,1,mother,0.4561942219734192,0.43016836047172546,0.026025861501693726
7,2,and,0.4561942219734192,0.5217037200927734,-0.06550949811935425
7,3,son,0.4561942219734192,0.5505228638648987,-0.09432864189147949
7,4,walk,0.4561942219734192,0.22507664561271667,0.23111757636070251
7,5,together,0.4561942219734192,0.35286813974380493,0.10332608222961426
7,6,while,0.4561942219734192,0.5449778437614441,-0.0887836217880249
7,7,the,0.4561942219734192,0.4853823781013489,-0.029188156127929688
7,8,son,0.4561942219734192,0.33096057176589966,0.12523365020751953
7,9,carries,0.4561942219734192,0.21187534928321838,0.2443188726902008
7,10,a,0.4561942219734192,0.5471484661102295,-0.0909542441368103
7,11,flag.,0.4561942219734192,0.09344913065433502,0.36274509131908417
264,0,She,0.7291606664657593,0.19518139958381653,0.5339792668819427
264,1,stared,0.7291606664657593,0.0002595199039205909,0.7289011465618387
264,2,at,0.7291606664657593,0.7441293001174927,-0.014968633651733398
264,3,him.,0.7291606664657593,0.12428241968154907,0.6048782467842102
422,0,Yesterday,0.22825181484222412,0.012552722357213497,0.21569909248501062
422,1,he,0.22825181484222412,0.19894345104694366,0.029308363795280457
422,2,felt,0.22825181484222412,0.029820192605257034,0.1984316222369671
422,3,"invincible,",0.22825181484222412,0.020500415936112404,0.20775139890611172
422,4,now,0.22825181484222412,0.20761840045452118,0.020633414387702942
422,5,he,0.22825181484222412,0.23333998024463654,-0.0050881654024124146
422,6,has,0.22825181484222412,0.16457831859588623,0.06367349624633789
422,7,a,0.22825181484222412,0.2094179391860962,0.01883387565612793
422,8,hangover.,0.22825181484222412,4.027708564535715e-05,0.22821153775657876
111,0,He,0.5706520676612854,0.4213530421257019,0.1492990255355835
111,1,kept,0.5706520676612854,0.17518480122089386,0.39546726644039154
111,2,driving,0.5706520676612854,0.4359535574913025,0.1346985101699829
111,3,at,0.5706520676612854,0.520530641078949,0.050121426582336426
111,4,full,0.5706520676612854,0.28941357135772705,0.28123849630355835
111,5,"speed,",0.5706520676612854,0.47827038168907166,0.09238168597221375
111,6,totally,0.5706520676612854,0.398478627204895,0.17217344045639038
111,7,unfazed,0.5706520676612854,0.038089320063591,0.5325627475976944
111,8,by,0.5706520676612854,0.44829604029655457,0.12235602736473083
111,9,the,0.5706520676612854,0.4228695333003998,0.14778253436088562
111,10,"flap,",0.5706520676612854,0.5633015036582947,0.007350564002990723
111,11,"flap,",0.5706520676612854,0.5633015036582947,0.007350564002990723
111,12,flap,0.5706520676612854,0.578083872795105,-0.00743180513381958
111,13,of,0.5706520676612854,0.37796056270599365,0.19269150495529175
111,14,the,0.5706520676612854,0.5571020245552063,0.013550043106079102
111,15,burst,0.5706520676612854,0.022568535059690475,0.5480835326015949
111,16,tyre.,0.5706520676612854,0.016611561179161072,0.5540405064821243
124,0,He,0.43180182576179504,0.5083211660385132,-0.07651934027671814
124,1,who,0.43180182576179504,0.15053579211235046,0.2812660336494446
124,2,rises,0.43180182576179504,0.06870847195386887,0.3630933538079262
124,3,late,0.43180182576179504,0.01737700030207634,0.4144248254597187
124,4,must,0.43180182576179504,0.12789668142795563,0.3039051443338394
124,5,trot,0.43180182576179504,0.008861652575433254,0.4229401731863618
124,6,all,0.43180182576179504,0.06092415750026703,0.370877668261528
124,7,day.,0.43180182576179504,0.019749276340007782,0.41205254942178726
0,0,A,0.7692540287971497,0.8274408578872681,-0.05818682909011841
0,1,chink,0.7692540287971497,0.001310299034230411,0.7679437297629192
0,2,in,0.7692540287971497,0.7865234017372131,-0.017269372940063477
0,3,the,0.7692540287971497,0.7019557952880859,0.06729823350906372
0,4,wall,0.7692540287971497,0.5460124015808105,0.2232416272163391
0,5,allowed,0.7692540287971497,0.7307840585708618,0.03846997022628784
0,6,a,0.7692540287971497,0.7686796188354492,0.0005744099617004395
0,7,draft,0.7692540287971497,0.6920604705810547,0.07719355821609497
0,8,to,0.7692540287971497,0.773286759853363,-0.004032731056213379
0,9,blow.,0.7692540287971497,0.560651957988739,0.20860207080841064
157,0,I,0.9500355124473572,0.9466619491577148,0.003373563289642334
157,1,want,0.9500355124473572,0.9386138916015625,0.011421620845794678
157,2,my,0.9500355124473572,0.9305828809738159,0.01945263147354126
157,3,garden,0.9500355124473572,0.923947811126709,0.026087701320648193
157,4,to,0.9500355124473572,0.9433929920196533,0.006642520427703857
157,5,be,0.9500355124473572,0.9229175448417664,0.02711796760559082
157,6,filled,0.9500355124473572,0.9468803405761719,0.0031551718711853027
157,7,with,0.9500355124473572,0.9393883347511292,0.010647177696228027
157,8,"roses,",0.9500355124473572,0.5117496252059937,0.4382858872413635
157,9,petunias,0.9500355124473572,0.939433217048645,0.010602295398712158
157,10,and,0.9500355124473572,0.938959002494812,0.011076509952545166
157,11,passion,0.9500355124473572,0.9449436068534851,0.00509190559387207
157,12,flowers.,0.9500355124473572,0.8469790816307068,0.10305643081665039
438,0,the,0.46642056107521057,0.43173277378082275,0.03468778729438782
438,1,camel,0.46642056107521057,0.001851626206189394,0.4645689348690212
438,2,drivers,0.46642056107521057,0.48916488885879517,-0.022744327783584595
438,3,exchanged,0.46642056107521057,0.22340072691440582,0.24301983416080475
438,4,information,0.46642056107521057,0.5765390396118164,-0.11011847853660583
438,5,about,0.46642056107521057,0.6027025580406189,-0.13628199696540833
438,6,"windstorms,",0.46642056107521057,0.2741585671901703,0.19226199388504028
438,7,and,0.46642056107521057,0.435363233089447,0.03105732798576355
438,8,told,0.46642056107521057,0.40392792224884033,0.06249263882637024
438,9,stories,0.46642056107521057,0.6186776757240295,-0.15225711464881897
438,10,about,0.46642056107521057,0.6136907935142517,-0.14727023243904114
438,11,the,0.46642056107521057,0.4955529570579529,-0.02913239598274231
438,12,desert.,0.46642056107521057,0.4923950433731079,-0.02597448229789734
317,0,The,0.44863468408584595,0.4640094041824341,-0.015374720096588135
317,1,flock,0.44863468408584595,0.4200378954410553,0.02859678864479065
317,2,of,0.44863468408584595,0.5038264989852905,-0.05519181489944458
317,3,flamingos,0.44863468408584595,0.20552217960357666,0.2431125044822693
317,4,landed,0.44863468408584595,0.34233441948890686,0.10630026459693909
317,5,gracefully,0.44863468408584595,0.4637380838394165,-0.015103399753570557
317,6,on,0.44863468408584595,0.43034207820892334,0.018292605876922607
317,7,their,0.44863468408584595,0.44368141889572144,0.004953265190124512
317,8,awkward,0.44863468408584595,0.4500151574611664,-0.0013804733753204346
317,9,looking,0.44863468408584595,0.4519122540950775,-0.0032775700092315674
317,10,legs.,0.44863468408584595,0.37173786759376526,0.07689681649208069
298,0,The,0.7635573148727417,0.823255717754364,-0.059698402881622314
298,1,boy,0.7635573148727417,0.7711517214775085,-0.007594406604766846
298,2,was,0.7635573148727417,0.7915857434272766,-0.028028428554534912
298,3,"surprised,",0.7635573148727417,0.5545840263366699,0.20897328853607178
298,4,and,0.7635573148727417,0.7721567749977112,-0.008599460124969482
298,5,then,0.7635573148727417,0.7737323641777039,-0.010175049304962158
298,6,irritated.,0.7635573148727417,0.586280107498169,0.17727720737457275
80,0,Every,0.6976942420005798,0.14166580140590668,0.5560284405946732
80,1,cock,0.6976942420005798,0.05416971445083618,0.6435245275497437
80,2,crows,0.6976942420005798,0.8303841352462769,-0.13268989324569702
80,3,loud,0.6976942420005798,0.7356345653533936,-0.03794032335281372
80,4,on,0.6976942420005798,0.6502653360366821,0.047428905963897705
80,5,his,0.6976942420005798,0.6785481572151184,0.019146084785461426
80,6,own,0.6976942420005798,0.7115486264228821,-0.013854384422302246
80,7,dunghill.,0.6976942420005798,0.45909804105758667,0.23859620094299316
339,0,The,0.22378866374492645,0.16619467735290527,0.05759398639202118
339,1,original,0.22378866374492645,0.1014217957854271,0.12236686795949936
339,2,trim,0.22378866374492645,0.0734168216586113,0.15037184208631516
339,3,lines,0.22378866374492645,0.18474775552749634,0.039040908217430115
339,4,were,0.22378866374492645,0.24293021857738495,-0.019141554832458496
339,5,replaced,0.22378866374492645,0.1695369929075241,0.054251670837402344
339,6,with,0.22378866374492645,0.22848494350910187,-0.004696279764175415
339,7,gray,0.22378866374492645,0.24036580324172974,-0.016577139496803284
339,8,and,0.22378866374492645,0.21663516759872437,0.007153496146202087
339,9,blue,0.22378866374492645,0.12065751105546951,0.10313115268945694
339,10,cinderblock,0.22378866374492645,0.48177024722099304,-0.2579815834760666
339,11,tiles.,0.22378866374492645,0.15116752684116364,0.07262113690376282
406,0,When,0.6892367601394653,0.6184431314468384,0.07079362869262695
406,1,the,0.6892367601394653,0.6784775853157043,0.010759174823760986
406,2,carpet,0.6892367601394653,0.46119654178619385,0.22804021835327148
406,3,and,0.6892367601394653,0.6635891199111938,0.025647640228271484
406,4,the,0.6892367601394653,0.7145707011222839,-0.025333940982818604
406,5,curtains,0.6892367601394653,0.05385495349764824,0.6353818066418171
406,6,caught,0.6892367601394653,0.6987054347991943,-0.009468674659729004
406,7,"fire,",0.6892367601394653,0.6165783405303955,0.07265841960906982
406,8,it,0.6892367601394653,0.6234367489814758,0.0658000111579895
406,9,was,0.6892367601394653,0.6735101342201233,0.01572662591934204
406,10,getting,0.6892367601394653,0.6750499606132507,0.0141867995262146
406,11,warm.,0.6892367601394653,0.42939749360084534,0.25983926653862
255,0,Save,0.5040161609649658,0.10762183368206024,0.3963943272829056
255,1,a,0.5040161609649658,0.5444082617759705,-0.04039210081100464
255,2,thief,0.5040161609649658,0.1948876529932022,0.3091285079717636
255,3,from,0.5040161609649658,0.5119476318359375,-0.00793147087097168
255,4,the,0.5040161609649658,0.4749104678630829,0.029105693101882935
255,5,gallows,0.5040161609649658,2.804324685712345e-05,0.5039881177181087
255,6,and,0.5040161609649658,0.48057588934898376,0.023440271615982056
255,7,he,0.5040161609649658,0.47772639989852905,0.026289761066436768
255,8,will,0.5040161609649658,0.4830044209957123,0.02101173996925354
255,9,cut,0.5040161609649658,0.5111101269721985,-0.007093966007232666
255,10,your,0.5040161609649658,0.47959741950035095,0.024418741464614868
255,11,throat.,0.5040161609649658,0.3580959439277649,0.14592021703720093
423,0,Ying,0.5187432765960693,4.218818503431976e-05,0.518701088411035
423,1,told,0.5187432765960693,0.002586294896900654,0.5161569816991687
423,2,us,0.5187432765960693,0.5061064958572388,0.012636780738830566
423,3,to,0.5187432765960693,0.5327944159507751,-0.01405113935470581
423,4,bring,0.5187432765960693,0.5342196226119995,-0.015476346015930176
423,5,extra,0.5187432765960693,0.5413947105407715,-0.02265143394470215
423,6,strawberries.,0.5187432765960693,0.23047436773777008,0.28826890885829926
164,0,I'm,0.7562577128410339,0.7074560523033142,0.04880166053771973
164,1,planning,0.7562577128410339,0.7535996437072754,0.002658069133758545
164,2,to,0.7562577128410339,0.7669716477394104,-0.010713934898376465
164,3,buy,0.7562577128410339,0.7514862418174744,0.00477147102355957
164,4,some,0.7562577128410339,0.7169614434242249,0.03929626941680908
164,5,topological,0.7562577128410339,0.008980010636150837,0.7472777022048831
164,6,maps,0.7562577128410339,0.7522861361503601,0.003971576690673828
164,7,for,0.7562577128410339,0.7268182635307312,0.029439449310302734
164,8,my,0.7562577128410339,0.6497692465782166,0.10648846626281738
164,9,research.,0.7562577128410339,0.5464341640472412,0.20982354879379272
135,0,His,0.8012229204177856,0.7711514234542847,0.030071496963500977
135,1,hands,0.8012229204177856,0.7280988693237305,0.07312405109405518
135,2,were,0.8012229204177856,0.7537574172019958,0.047465503215789795
135,3,abraded,0.8012229204177856,0.5366060137748718,0.2646169066429138
135,4,and,0.8012229204177856,0.5889573693275452,0.21226555109024048
135,5,"exhausted,",0.8012229204177856,0.07613782584667206,0.7250850945711136
135,6,but,0.8012229204177856,0.8352968096733093,-0.03407388925552368
135,7,he,0.8012229204177856,0.7890777587890625,0.012145161628723145
135,8,listened,0.8012229204177856,0.7639085054397583,0.037314414978027344
135,9,to,0.8012229204177856,0.7945836186408997,0.006639301776885986
135,10,his,0.8012229204177856,0.808759868144989,-0.007536947727203369
135,11,heart.,0.8012229204177856,0.6712558269500732,0.1299670934677124
190,0,It's,0.09435229748487473,0.054785702377557755,0.03956659510731697
190,1,"ok,",0.09435229748487473,0.017371250316500664,0.07698104716837406
190,2,don't,0.09435229748487473,0.0026435304898768663,0.09170876699499786
190,3,hold,0.09435229748487473,6.057745122234337e-05,0.09429172003365238
190,4,back!.,0.09435229748487473,0.025011956691741943,0.06934034079313278
53,0,Capsella,0.227044939994812,0.09429190307855606,0.13275303691625595
53,1,rubella,0.227044939994812,0.08318217098712921,0.1438627690076828
53,2,is,0.227044939994812,0.27223798632621765,-0.04519304633140564
53,3,studied,0.227044939994812,0.24099543690681458,-0.013950496912002563
53,4,as,0.227044939994812,0.2267894446849823,0.0002554953098297119
53,5,a,0.227044939994812,0.22930312156677246,-0.0022581815719604492
53,6,model,0.227044939994812,0.1895575374364853,0.03748740255832672
53,7,for,0.227044939994812,0.2009991705417633,0.026045769453048706
53,8,understanding,0.227044939994812,0.2477812021970749,-0.02073626220226288
53,9,the,0.227044939994812,0.2325705736875534,-0.005525633692741394
53,10,evolution,0.227044939994812,0.20809373259544373,0.018951207399368286
53,11,of,0.227044939994812,0.23909854888916016,-0.012053608894348145
53,12,self-fertilization.,0.227044939994812,0.17006605863571167,0.05697888135910034
384,0,This,0.6877154111862183,0.644766092300415,0.04294931888580322
384,1,beer,0.6877154111862183,0.17331676185131073,0.5143986493349075
384,2,has,0.6877154111862183,0.6720899939537048,0.015625417232513428
384,3,been,0.6877154111862183,0.675953209400177,0.01176220178604126
384,4,brewed,0.6877154111862183,0.6158073544502258,0.07190805673599243
384,5,in,0.6877154111862183,0.6819822192192078,0.005733191967010498
384,6,"Germany,",0.6877154111862183,0.7188363671302795,-0.03112095594406128
384,7,more,0.6877154111862183,0.6789621114730835,0.008753299713134766
384,8,specifically,0.6877154111862183,0.6648139953613281,0.022901415824890137
384,9,in,0.6877154111862183,0.6806763410568237,0.007039070129394531
384,10,Bavaria.,0.6877154111862183,0.677760660648346,0.009954750537872314
300,0,The,0.7983871698379517,0.8160530924797058,-0.01766592264175415
300,1,camel,0.7983871698379517,0.0005392453167587519,0.7978479245211929
300,2,"driver,",0.7983871698379517,0.736102283000946,0.062284886837005615
300,3,"though,",0.7983871698379517,0.17978915572166443,0.6185980141162872
300,4,seemed,0.7983871698379517,0.8465965390205383,-0.04820936918258667
300,5,not,0.7983871698379517,0.8192583322525024,-0.02087116241455078
300,6,to,0.7983871698379517,0.8054559230804443,-0.007068753242492676
300,7,be,0.7983871698379517,0.8557813167572021,-0.05739414691925049
300,8,very,0.7983871698379517,0.7845780849456787,0.01380908489227295
300,9,concerned,0.7983871698379517,0.8538509607315063,-0.05546379089355469
300,10,with,0.7983871698379517,0.8320745825767517,-0.03368741273880005
300,11,the,0.7983871698379517,0.8197102546691895,-0.021323084831237793
300,12,threat,0.7983871698379517,0.8378139734268188,-0.03942680358886719
300,13,of,0.7983871698379517,0.8575334548950195,-0.05914628505706787
300,14,war.,0.7983871698379517,0.46325770020484924,0.3351294696331024
302,0,The,0.3047812283039093,0.3029700815677643,0.0018111467361450195
302,1,cliffs,0.3047812283039093,0.07784556597471237,0.22693566232919693
302,2,are,0.3047812283039093,0.2790738344192505,0.025707393884658813
302,3,made,0.3047812283039093,0.31874802708625793,-0.013966798782348633
302,4,of,0.3047812283039093,0.33593443036079407,-0.031153202056884766
302,5,soft,0.3047812283039093,0.05952220782637596,0.24525902047753334
302,6,marl,0.3047812283039093,0.01356714777648449,0.2912140805274248
302,7,clay,0.3047812283039093,0.4101000428199768,-0.1053188145160675
302,8,and,0.3047812283039093,0.2843858301639557,0.020395398139953613
302,9,are,0.3047812283039093,0.30827733874320984,-0.003496110439300537
302,10,subject,0.3047812283039093,0.3210689127445221,-0.016287684440612793
302,11,to,0.3047812283039093,0.3060707449913025,-0.0012895166873931885
302,12,erosion.,0.3047812283039093,0.23550444841384888,0.06927677989006042
134,0,His,0.5620480179786682,0.48008057475090027,0.08196744322776794
134,1,hands,0.5620480179786682,0.2521970272064209,0.3098509907722473
134,2,began,0.5620480179786682,0.5265712738037109,0.035476744174957275
134,3,to,0.5620480179786682,0.5394044518470764,0.022643566131591797
134,4,"tremble,",0.5620480179786682,0.02231023646891117,0.539737781509757
134,5,and,0.5620480179786682,0.4805736541748047,0.08147436380386353
134,6,the,0.5620480179786682,0.46274709701538086,0.09930092096328735
134,7,woman,0.5620480179786682,0.49668434262275696,0.06536367535591125
134,8,sensed,0.5620480179786682,0.43809768557548523,0.12395033240318298
134,9,it.,0.5620480179786682,0.25091615319252014,0.31113186478614807
2,0,A,0.11892274022102356,0.1816013753414154,-0.06267863512039185
2,1,group,0.11892274022102356,0.1298765391111374,-0.01095379889011383
2,2,of,0.11892274022102356,0.11181119829416275,0.007111541926860809
2,3,men,0.11892274022102356,0.06020965054631233,0.05871308967471123
2,4,play,0.11892274022102356,0.06237248331308365,0.05655025690793991
2,5,xylophones,0.11892274022102356,0.00014203698083292693,0.11878070324019063
2,6,in,0.11892274022102356,0.10369941592216492,0.015223324298858643
2,7,a,0.11892274022102356,0.1210353896021843,-0.002112649381160736
2,8,concert,0.11892274022102356,0.04894830659031868,0.06997443363070488
2,9,space,0.11892274022102356,0.1426575481891632,-0.02373480796813965
2,10,filled,0.11892274022102356,0.09409232437610626,0.024830415844917297
2,11,with,0.11892274022102356,0.13614627718925476,-0.0172235369682312
2,12,percussion,0.11892274022102356,0.05559426173567772,0.06332847848534584
2,13,instruments.,0.11892274022102356,0.08873110264539719,0.030191637575626373
223,0,"No,",0.7894386053085327,0.7312449812889099,0.0581936240196228
223,1,this,0.7894386053085327,0.728950023651123,0.06048858165740967
223,2,does,0.7894386053085327,0.7203236818313599,0.06911492347717285
223,3,not,0.7894386053085327,0.6259866952896118,0.1634519100189209
223,4,come,0.7894386053085327,0.6231416463851929,0.16629695892333984
223,5,as,0.7894386053085327,0.7350431084632874,0.05439549684524536
223,6,a,0.7894386053085327,0.7530224323272705,0.03641617298126221
223,7,surprise.,0.7894386053085327,0.5209705233573914,0.26846808195114136
212,0,Meyenberg,0.6143617033958435,0.4060758352279663,0.2082858681678772
212,1,became,0.6143617033958435,0.6791068911552429,-0.06474518775939941
212,2,a,0.6143617033958435,0.6218380928039551,-0.007476389408111572
212,3,very,0.6143617033958435,0.4859338402748108,0.12842786312103271
212,4,profitable,0.6143617033958435,0.004447313491255045,0.6099143899045885
212,5,company,0.6143617033958435,0.6671104431152344,-0.05274873971939087
212,6,because,0.6143617033958435,0.5307802557945251,0.08358144760131836
212,7,of,0.6143617033958435,0.6429628133773804,-0.028601109981536865
212,8,its,0.6143617033958435,0.5918576717376709,0.022504031658172607
212,9,government,0.6143617033958435,0.3461877703666687,0.2681739330291748
212,10,contracts.,0.6143617033958435,0.25600627064704895,0.35835543274879456
6,0,A,0.5484790802001953,0.5301369428634644,0.018342137336730957
6,1,missing,0.5484790802001953,0.020893530920147896,0.5275855492800474
6,2,parrot,0.5484790802001953,2.5189487132593058e-05,0.5484538907130627
6,3,is,0.5484790802001953,0.3927514851093292,0.1557275950908661
6,4,called,0.5484790802001953,0.5305997133255005,0.017879366874694824
6,5,a,0.5484790802001953,0.5475711226463318,0.0009079575538635254
6,6,polygon.,0.5484790802001953,0.3616911768913269,0.1867879033088684
160,0,I,0.6174660921096802,0.6708874106407166,-0.05342131853103638
160,1,woke,0.6174660921096802,0.44046229124069214,0.17700380086898804
160,2,up,0.6174660921096802,0.6062594056129456,0.01120668649673462
160,3,to,0.6174660921096802,0.5898817777633667,0.027584314346313477
160,4,the,0.6174660921096802,0.6175246834754944,-5.8591365814208984e-05
160,5,screech,0.6174660921096802,0.6319028735160828,-0.014436781406402588
160,6,of,0.6174660921096802,0.603400707244873,0.014065384864807129
160,7,my,0.6174660921096802,0.624159574508667,-0.006693482398986816
160,8,neighbor,0.6174660921096802,0.3158245384693146,0.3016415536403656
160,9,practicing,0.6174660921096802,0.35508084297180176,0.2623852491378784
160,10,trumpet.,0.6174660921096802,0.007840276695787907,0.6096258154138923
292,0,The,0.667688250541687,0.6504603028297424,0.01722794771194458
292,1,blond,0.667688250541687,0.642029881477356,0.025658369064331055
292,2,woman,0.667688250541687,0.6907303333282471,-0.02304208278656006
292,3,in,0.667688250541687,0.6447421312332153,0.02294611930847168
292,4,the,0.667688250541687,0.6932493448257446,-0.025561094284057617
292,5,jean,0.667688250541687,0.13246653974056244,0.5352217108011246
292,6,jacket,0.667688250541687,0.1976758986711502,0.4700123518705368
292,7,clenched,0.667688250541687,0.6179929971694946,0.04969525337219238
292,8,her,0.667688250541687,0.6718306541442871,-0.004142403602600098
292,9,fists,0.667688250541687,0.6853216886520386,-0.017633438110351562
292,10,as,0.667688250541687,0.6254768967628479,0.04221135377883911
292,11,she,0.667688250541687,0.6415055990219116,0.02618265151977539
292,12,walked,0.667688250541687,0.6409834027290344,0.026704847812652588
292,13,away.,0.667688250541687,0.4510916769504547,0.2165965735912323
352,0,The,0.37396132946014404,0.3916519284248352,-0.017690598964691162
352,1,students,0.37396132946014404,0.09524433314800262,0.2787169963121414
352,2,colored,0.37396132946014404,0.19788198173046112,0.17607934772968292
352,3,with,0.37396132946014404,0.09769757837057114,0.2762637510895729
352,4,their,0.37396132946014404,0.5036895275115967,-0.12972819805145264
352,5,crayons.,0.37396132946014404,0.00023417267948389053,0.37372715678066015
308,0,The,0.4822978675365448,0.4526815116405487,0.029616355895996094
308,1,crowd,0.4822978675365448,0.43443524837493896,0.047862619161605835
308,2,swayed,0.4822978675365448,0.5241023302078247,-0.04180446267127991
308,3,a,0.4822978675365448,0.5059148073196411,-0.023616939783096313
308,4,little,0.4822978675365448,0.37960612773895264,0.10269173979759216
308,5,as,0.4822978675365448,0.011674829758703709,0.4706230377778411
308,6,I,0.4822978675365448,0.17991045117378235,0.30238741636276245
308,7,elbowed,0.4822978675365448,0.001154211931861937,0.48114365560468286
308,8,my,0.4822978675365448,0.44158920645713806,0.04070866107940674
308,9,way,0.4822978675365448,0.4582552909851074,0.024042576551437378
308,10,through.,0.4822978675365448,0.17058220505714417,0.31171566247940063
34,0,As,0.8839277625083923,0.8488627076148987,0.03506505489349365
34,1,they,0.8839277625083923,0.8902553915977478,-0.006327629089355469
34,2,packed,0.8839277625083923,0.8174238204956055,0.06650394201278687
34,3,their,0.8839277625083923,0.8778489232063293,0.006078839302062988
34,4,"bags,",0.8839277625083923,0.8113929033279419,0.07253485918045044
34,5,the,0.8839277625083923,0.8651431202888489,0.018784642219543457
34,6,tsunami,0.8839277625083923,0.5526150465011597,0.33131271600723267
34,7,sirens,0.8839277625083923,0.8380641937255859,0.045863568782806396
34,8,sounded,0.8839277625083923,0.8395333886146545,0.04439437389373779
34,9,once,0.8839277625083923,0.8819757699966431,0.0019519925117492676
34,10,more,0.8839277625083923,0.8911864161491394,-0.00725865364074707
34,11,across,0.8839277625083923,0.8534071445465088,0.030520617961883545
34,12,the,0.8839277625083923,0.8780847191810608,0.005843043327331543
34,13,bleak,0.8839277625083923,0.903452455997467,-0.019524693489074707
34,14,shores.,0.8839277625083923,0.7503037452697754,0.13362401723861694
61,0,Crack,0.805683970451355,0.7897558808326721,0.01592808961868286
61,1,the,0.805683970451355,0.8691996932029724,-0.06351572275161743
61,2,walnut,0.805683970451355,0.7547347545623779,0.05094921588897705
61,3,with,0.805683970451355,0.8177206516265869,-0.012036681175231934
61,4,your,0.805683970451355,0.49549227952957153,0.31019169092178345
61,5,sharp,0.805683970451355,0.014619101770222187,0.7910648686811328
61,6,side,0.805683970451355,0.6644461154937744,0.14123785495758057
61,7,teeth.,0.805683970451355,0.05319701507687569,0.7524869553744793
386,0,This,0.6296475529670715,0.6445472836494446,-0.014899730682373047
386,1,is,0.6296475529670715,0.6332446932792664,-0.0035971403121948242
386,2,why,0.6296475529670715,0.2533383071422577,0.37630924582481384
386,3,oral,0.6296475529670715,0.33714011311531067,0.29250743985176086
386,4,rehydration,0.6296475529670715,0.3896467089653015,0.24000084400177002
386,5,salts,0.6296475529670715,0.3558889925479889,0.27375856041908264
386,6,include,0.6296475529670715,0.3870539963245392,0.24259355664253235
386,7,both,0.6296475529670715,0.6201258897781372,0.009521663188934326
386,8,sodium,0.6296475529670715,0.04213126376271248,0.587516289204359
386,9,and,0.6296475529670715,0.43529012799263,0.19435742497444153
386,10,glucose.,0.6296475529670715,0.40958380699157715,0.22006374597549438
37,0,"Bacardi,",0.22238068282604218,0.03984320908784866,0.1825374737381935
37,1,"rye,",0.22238068282604218,0.09951093792915344,0.12286974489688873
37,2,vodka,0.22238068282604218,0.3247744143009186,-0.1023937314748764
37,3,–,0.22238068282604218,0.21797789633274078,0.004402786493301392
37,4,what,0.22238068282604218,0.20643532276153564,0.01594536006450653
37,5,do,0.22238068282604218,0.20724409818649292,0.015136584639549255
37,6,you,0.22238068282604218,0.2177116721868515,0.004669010639190674
37,7,"want?,",0.22238068282604218,0.24848119914531708,-0.026100516319274902
37,8,asked,0.22238068282604218,0.190399169921875,0.031981512904167175
37,9,the,0.22238068282604218,0.20469215512275696,0.017688527703285217
37,10,barkeeper.,0.22238068282604218,0.08820810168981552,0.13417258113622665
93,0,Glass,0.7104127407073975,0.2853792905807495,0.42503345012664795
93,1,eel,0.7104127407073975,0.0005535349482670426,0.7098592057591304
93,2,is,0.7104127407073975,0.7118930220603943,-0.0014802813529968262
93,3,on,0.7104127407073975,0.6858105063438416,0.024602234363555908
93,4,the,0.7104127407073975,0.7073329091072083,0.003079831600189209
93,5,menu,0.7104127407073975,0.6656419634819031,0.044770777225494385
93,6,"today,",0.7104127407073975,0.6841883659362793,0.026224374771118164
93,7,but,0.7104127407073975,0.6873654723167419,0.023047268390655518
93,8,it's,0.7104127407073975,0.6799152493476868,0.030497491359710693
93,9,too,0.7104127407073975,0.7025547027587891,0.007858037948608398
93,10,expensive.,0.7104127407073975,0.46408379077911377,0.2463289499282837
183,0,It,0.8306900262832642,0.824068009853363,0.006622016429901123
183,1,produces,0.8306900262832642,0.769092321395874,0.06159770488739014
183,2,principally,0.8306900262832642,0.7588267922401428,0.07186323404312134
183,3,"maize,",0.8306900262832642,0.8041073679924011,0.026582658290863037
183,4,"potatoes,",0.8306900262832642,0.31932103633880615,0.511368989944458
183,5,"apples,",0.8306900262832642,0.03555266931653023,0.7951373569667339
183,6,pear,0.8306900262832642,0.8175035715103149,0.013186454772949219
183,7,and,0.8306900262832642,0.8404942154884338,-0.009804189205169678
183,8,plum.,0.8306900262832642,0.7764297723770142,0.05426025390625
433,0,You've,0.36940938234329224,0.1773347705602646,0.19207461178302765
433,1,got,0.36940938234329224,0.4155673384666443,-0.04615795612335205
433,2,the,0.36940938234329224,0.1284184753894806,0.24099090695381165
433,3,brain,0.36940938234329224,0.25256723165512085,0.11684215068817139
433,4,of,0.36940938234329224,0.011220776475965977,0.35818860586732626
433,5,a,0.36940938234329224,0.429324746131897,-0.059915363788604736
433,6,pancake.,0.36940938234329224,0.0018350789323449135,0.3675743034109473
162,0,I'm,0.8147554397583008,0.7663846611976624,0.04837077856063843
162,1,an,0.8147554397583008,0.8107999563217163,0.003955483436584473
162,2,"old,",0.8147554397583008,0.48017820715904236,0.3345772325992584
162,3,superstitious,0.8147554397583008,0.5592097640037537,0.2555456757545471
162,4,"Arab,",0.8147554397583008,0.5988452434539795,0.2159101963043213
162,5,and,0.8147554397583008,0.8153830170631409,-0.0006275773048400879
162,6,I,0.8147554397583008,0.8250429034233093,-0.010287463665008545
162,7,believe,0.8147554397583008,0.7312549948692322,0.0835004448890686
162,8,in,0.8147554397583008,0.8342223167419434,-0.019466876983642578
162,9,our,0.8147554397583008,0.3528442978858948,0.461911141872406
162,10,proverbs.,0.8147554397583008,2.4999955712701194e-05,0.8147304398025881
161,0,I'd,0.8604535460472107,0.8277405500411987,0.03271299600601196
161,1,like,0.8604535460472107,0.8456865549087524,0.014766991138458252
161,2,to,0.8604535460472107,0.8602162003517151,0.00023734569549560547
161,3,order,0.8604535460472107,0.8131983876228333,0.04725515842437744
161,4,some,0.8604535460472107,0.8573334217071533,0.003120124340057373
161,5,cinnamon,0.8604535460472107,0.18366660177707672,0.676786944270134
161,6,"pretzels,",0.8604535460472107,0.8464186787605286,0.014034867286682129
161,7,please.,0.8604535460472107,0.7975907921791077,0.06286275386810303
252,0,Roll,0.6964492201805115,0.6255018711090088,0.07094734907150269
252,1,the,0.6964492201805115,0.6930724382400513,0.003376781940460205
252,2,"dice,",0.6964492201805115,0.16600002348423004,0.5304491966962814
252,3,please.,0.6964492201805115,0.7846168875694275,-0.08816766738891602
266,0,Simon,0.21586443483829498,0.09549323469400406,0.12037120014429092
266,1,tried,0.21586443483829498,0.21735060214996338,-0.001486167311668396
266,2,to,0.21586443483829498,0.2182483971118927,-0.0023839622735977173
266,3,"evade,",0.21586443483829498,0.05586889013648033,0.15999554470181465
266,4,but,0.21586443483829498,0.19725364446640015,0.018610790371894836
266,5,Timmy,0.21586443483829498,0.008579789660871029,0.20728464517742395
266,6,restrained,0.21586443483829498,0.003082052106037736,0.21278238273225725
266,7,him.,0.21586443483829498,0.17052552103996277,0.045338913798332214
174,0,Is,0.7211650013923645,0.6631535291671753,0.05801147222518921
174,1,that,0.7211650013923645,0.6768221855163574,0.04434281587600708
174,2,how,0.7211650013923645,0.5878469347953796,0.13331806659698486
174,3,your,0.7211650013923645,0.6792818903923035,0.041883111000061035
174,4,niece,0.7211650013923645,0.0006366755696944892,0.72052832582267
174,5,began?,0.7211650013923645,0.4750211834907532,0.24614381790161133
391,0,Tiffany,0.3431476354598999,0.006039561238139868,0.33710807422176003
391,1,told,0.3431476354598999,0.2812819480895996,0.06186568737030029
391,2,"us,",0.3431476354598999,0.32893526554107666,0.014212369918823242
391,3,the,0.3431476354598999,0.33922725915908813,0.003920376300811768
391,4,bench,0.3431476354598999,0.3258816599845886,0.01726597547531128
391,5,is,0.3431476354598999,0.31775760650634766,0.025390028953552246
391,6,made,0.3431476354598999,0.3345402181148529,0.008607417345046997
391,7,of,0.3431476354598999,0.33997949957847595,0.00316813588142395
391,8,beech,0.3431476354598999,0.2916257083415985,0.05152192711830139
391,9,wood.,0.3431476354598999,0.28011494874954224,0.06303268671035767
311,0,The,0.6675032377243042,0.682111382484436,-0.014608144760131836
311,1,diver,0.6675032377243042,0.09827243536710739,0.5692308023571968
311,2,forced,0.6675032377243042,0.08426028490066528,0.5832429528236389
311,3,open,0.6675032377243042,0.6042564511299133,0.06324678659439087
311,4,the,0.6675032377243042,0.7037146091461182,-0.036211371421813965
311,5,"oyster,",0.6675032377243042,0.01993841491639614,0.6475648228079081
311,6,revealing,0.6675032377243042,0.9127622842788696,-0.24525904655456543
311,7,a,0.6675032377243042,0.6561062932014465,0.011396944522857666
311,8,shimmering,0.6675032377243042,0.6743865013122559,-0.00688326358795166
311,9,pearl.,0.6675032377243042,0.48658186197280884,0.18092137575149536
371,0,There,0.653903067111969,0.5832403302192688,0.0706627368927002
371,1,was,0.653903067111969,0.6424469351768494,0.011456131935119629
371,2,also,0.653903067111969,0.6128342747688293,0.04106879234313965
371,3,a,0.653903067111969,0.6355580687522888,0.018344998359680176
371,4,"sequel,",0.653903067111969,0.313557505607605,0.340345561504364
371,5,"""Pet",0.653903067111969,0.001628718338906765,0.6522743487730622
371,6,Sematary,0.653903067111969,0.620255172252655,0.033647894859313965
371,7,"Two"".",0.653903067111969,0.3458963632583618,0.3080067038536072
359,0,The,0.42361027002334595,0.43144285678863525,-0.007832586765289307
359,1,two,0.42361027002334595,0.4256402850151062,-0.002030014991760254
359,2,halves,0.42361027002334595,0.13254205882549286,0.2910682111978531
359,3,were,0.42361027002334595,0.434175044298172,-0.01056477427482605
359,4,joined,0.42361027002334595,0.4025588035583496,0.021051466464996338
359,5,together,0.42361027002334595,0.4335096478462219,-0.009899377822875977
359,6,by,0.42361027002334595,0.4270402193069458,-0.0034299492835998535
359,7,a,0.42361027002334595,0.40397241711616516,0.019637852907180786
359,8,narrow,0.42361027002334595,0.0660678818821907,0.35754238814115524
359,9,tendril,0.42361027002334595,0.018441732972860336,0.4051685370504856
359,10,in,0.42361027002334595,0.44064104557037354,-0.017030775547027588
359,11,Waller,0.42361027002334595,0.07133321464061737,0.3522770553827286
359,12,County.,0.42361027002334595,0.18162330985069275,0.2419869601726532
43,0,Best,0.5268300771713257,0.04833938553929329,0.4784906916320324
43,1,to,0.5268300771713257,0.7288621068000793,-0.20203202962875366
43,2,bend,0.5268300771713257,0.000383276172215119,0.5264468009991106
43,3,it,0.5268300771713257,0.6168720722198486,-0.09004199504852295
43,4,while,0.5268300771713257,0.04372881352901459,0.4831012636423111
43,5,it's,0.5268300771713257,0.3300880491733551,0.19674202799797058
43,6,a,0.5268300771713257,0.47196507453918457,0.05486500263214111
43,7,twig.,0.5268300771713257,0.0241547878831625,0.5026752892881632
152,0,I,0.7082021832466125,0.6918794512748718,0.016322731971740723
152,1,like,0.7082021832466125,0.7230127453804016,-0.014810562133789062
152,2,"apples,",0.7082021832466125,0.03391854465007782,0.6742836385965347
152,3,"pears,",0.7082021832466125,0.6817744970321655,0.02642768621444702
152,4,and,0.7082021832466125,0.6857199668884277,0.022482216358184814
152,5,"pomegranate,",0.7082021832466125,0.6399334073066711,0.0682687759399414
152,6,but,0.7082021832466125,0.6766349077224731,0.031567275524139404
152,7,I,0.7082021832466125,0.6999388337135315,0.008263349533081055
152,8,do,0.7082021832466125,0.7058873772621155,0.0023148059844970703
152,9,like,0.7082021832466125,0.7476502060890198,-0.03944802284240723
152,10,strawberries,0.7082021832466125,0.6947190165519714,0.013483166694641113
152,11,or,0.7082021832466125,0.6953268647193909,0.01287531852722168
152,12,grapes.,0.7082021832466125,0.4478019177913666,0.26040026545524597
195,0,"Jeez,",0.8062426447868347,0.20495794713497162,0.6012846976518631
195,1,you,0.8062426447868347,0.7623766660690308,0.043865978717803955
195,2,look,0.8062426447868347,0.7250968813896179,0.0811457633972168
195,3,stoned!,0.8062426447868347,0.0036130910739302635,0.8026295537129045
81,0,Everyone,0.6784724593162537,0.07817979902029037,0.6002926602959633
81,1,has,0.6784724593162537,0.6611675024032593,0.017304956912994385
81,2,heard,0.6784724593162537,0.0662359967827797,0.612236462533474
81,3,of,0.6784724593162537,0.6716955304145813,0.006776928901672363
81,4,the,0.6784724593162537,0.6286377906799316,0.04983466863632202
81,5,chicken,0.6784724593162537,0.46945205330848694,0.20902040600776672
81,6,and,0.6784724593162537,0.5680831074714661,0.1103893518447876
81,7,egg,0.6784724593162537,0.6751696467399597,0.0033028125762939453
81,8,problem.,0.6784724593162537,0.24888445436954498,0.4295880049467087
338,0,The,0.17758212983608246,0.14756397902965546,0.030018150806427002
338,1,opium,0.17758212983608246,0.15400344133377075,0.023578688502311707
338,2,poppy,0.17758212983608246,0.12958665192127228,0.04799547791481018
338,3,continues,0.17758212983608246,0.18922707438468933,-0.011644944548606873
338,4,to,0.17758212983608246,0.17841684818267822,-0.0008347183465957642
338,5,be,0.17758212983608246,0.17306241393089294,0.004519715905189514
338,6,a,0.17758212983608246,0.17849744856357574,-0.0009153187274932861
338,7,major,0.17758212983608246,0.1694158911705017,0.00816623866558075
338,8,industrial,0.17758212983608246,0.1732003539800644,0.004381775856018066
338,9,source,0.17758212983608246,0.16396717727184296,0.013614952564239502
338,10,of,0.17758212983608246,0.16343948245048523,0.014142647385597229
338,11,"opiates,",0.17758212983608246,0.16519713401794434,0.012384995818138123
338,12,including,0.17758212983608246,0.29589614272117615,-0.11831401288509369
338,13,morphine.,0.17758212983608246,0.08304229378700256,0.0945398360490799
407,0,When,0.25032857060432434,0.0014624912291765213,0.24886607937514782
407,1,the,0.25032857060432434,0.20181012153625488,0.04851844906806946
407,2,frost,0.25032857060432434,0.0021367582958191633,0.24819181230850518
407,3,has,0.25032857060432434,0.24470001459121704,0.0056285560131073
407,4,come,0.25032857060432434,0.25223711133003235,-0.0019085407257080078
407,5,it,0.25032857060432434,0.24171428382396698,0.00861428678035736
407,6,is,0.25032857060432434,0.2235404998064041,0.026788070797920227
407,7,time,0.25032857060432434,0.24429570138454437,0.006032869219779968
407,8,for,0.25032857060432434,0.2629348635673523,-0.012606292963027954
407,9,turkey.,0.25032857060432434,0.11518720537424088,0.13514136523008347
279,0,Sunburns,0.6271319389343262,0.48054376244544983,0.14658817648887634
279,1,can,0.6271319389343262,0.6021102666854858,0.025021672248840332
279,2,be,0.6271319389343262,0.614472508430481,0.012659430503845215
279,3,avoided,0.6271319389343262,0.5804591178894043,0.046672821044921875
279,4,by,0.6271319389343262,0.5619584321975708,0.06517350673675537
279,5,applying,0.6271319389343262,0.4051557779312134,0.2219761610031128
279,6,sunscreen,0.6271319389343262,0.07338451594114304,0.5537474229931831
279,7,or,0.6271319389343262,0.4946489930152893,0.13248294591903687
279,8,by,0.6271319389343262,0.6310818195343018,-0.003949880599975586
279,9,staying,0.6271319389343262,0.6217536926269531,0.005378246307373047
279,10,in,0.6271319389343262,0.5961503982543945,0.03098154067993164
279,11,the,0.6271319389343262,0.6151910424232483,0.01194089651107788
279,12,shadows.,0.6271319389343262,0.5919557213783264,0.035176217555999756
30,0,And,0.5257975459098816,0.46553701162338257,0.06026053428649902
30,1,you,0.5257975459098816,0.4286562204360962,0.0971413254737854
30,2,preferred,0.5257975459098816,0.21197864413261414,0.31381890177726746
30,3,a,0.5257975459098816,0.4953358471393585,0.03046169877052307
30,4,cannibal,0.5257975459098816,0.28293099999427795,0.24286654591560364
30,5,isle,0.5257975459098816,0.2590227425098419,0.2667748034000397
30,6,and,0.5257975459098816,0.3969465494155884,0.1288509964942932
30,7,a,0.5257975459098816,0.5440722107887268,-0.018274664878845215
30,8,cartridge,0.5257975459098816,0.386000394821167,0.1397971510887146
30,9,belt.,0.5257975459098816,0.4047366678714752,0.12106087803840637
69,0,Don't,0.7132132053375244,0.6471633911132812,0.06604981422424316
69,1,count,0.7132132053375244,0.6318671703338623,0.08134603500366211
69,2,your,0.7132132053375244,0.7323214411735535,-0.019108235836029053
69,3,chickens,0.7132132053375244,0.03014080412685871,0.6830724012106657
69,4,before,0.7132132053375244,0.11120719462633133,0.6020060107111931
69,5,they,0.7132132053375244,0.6170477867126465,0.09616541862487793
69,6,hatch.,0.7132132053375244,0.006576319690793753,0.7066368856467307
170,0,Imagined,0.7787044644355774,0.8230209946632385,-0.04431653022766113
170,1,monstrosities,0.7787044644355774,0.5844441652297974,0.19426029920578003
170,2,capered,0.7787044644355774,0.7093992829322815,0.0693051815032959
170,3,and,0.7787044644355774,0.7617103457450867,0.016994118690490723
170,4,gibbered,0.7787044644355774,0.43819817900657654,0.34050628542900085
170,5,in,0.7787044644355774,0.7151878476142883,0.06351661682128906
170,6,his,0.7787044644355774,0.8400904536247253,-0.06138598918914795
170,7,imagination,0.7787044644355774,0.6455945372581482,0.1331099271774292
170,8,as,0.7787044644355774,0.771623432636261,0.007081031799316406
170,9,he,0.7787044644355774,0.7319839000701904,0.04672056436538696
170,10,tried,0.7787044644355774,0.6736271381378174,0.10507732629776001
170,11,not,0.7787044644355774,0.7915563583374023,-0.012851893901824951
170,12,to,0.7787044644355774,0.7740717530250549,0.004632711410522461
170,13,look,0.7787044644355774,0.75078284740448,0.027921617031097412
170,14,behind,0.7787044644355774,0.7636705040931702,0.015033960342407227
170,15,him.,0.7787044644355774,0.5665122270584106,0.21219223737716675
353,0,The,0.6362107396125793,0.6190637946128845,0.017146944999694824
353,1,swimming,0.6362107396125793,0.6766054630279541,-0.040394723415374756
353,2,pool,0.6362107396125793,0.5508310198783875,0.0853797197341919
353,3,was,0.6362107396125793,0.5766492486000061,0.05956149101257324
353,4,full,0.6362107396125793,0.5352132320404053,0.10099750757217407
353,5,of,0.6362107396125793,0.6900789141654968,-0.05386817455291748
353,6,chlorine.,0.6362107396125793,0.00039455160731449723,0.6358161880052648
42,0,"Besides,",0.6063938736915588,0.4121212959289551,0.19427257776260376
42,1,had,0.6063938736915588,0.40134748816490173,0.2050463855266571
42,2,he,0.6063938736915588,0.44083333015441895,0.1655605435371399
42,3,not,0.6063938736915588,0.6089674830436707,-0.0025736093521118164
42,4,whipped,0.6063938736915588,0.22841660678386688,0.37797726690769196
42,5,the,0.6063938736915588,0.6266717314720154,-0.020277857780456543
42,6,big,0.6063938736915588,0.5164051651954651,0.08998870849609375
42,7,owl,0.6063938736915588,0.1789584457874298,0.42743542790412903
42,8,in,0.6063938736915588,0.6117172241210938,-0.005323350429534912
42,9,the,0.6063938736915588,0.6092661023139954,-0.0028722286224365234
42,10,forest.,0.6063938736915588,0.27788245677948,0.32851141691207886
355,0,The,0.29467594623565674,0.4417401850223541,-0.1470642387866974
355,1,thaw,0.29467594623565674,0.05466233566403389,0.24001361057162285
355,2,came,0.29467594623565674,0.08079083263874054,0.2138851135969162
355,3,early,0.29467594623565674,0.4303613305091858,-0.13568538427352905
355,4,and,0.29467594623565674,0.27015024423599243,0.024525701999664307
355,5,freed,0.29467594623565674,0.2507581412792206,0.04391780495643616
355,6,the,0.29467594623565674,0.2619032859802246,0.03277266025543213
355,7,stream.,0.29467594623565674,0.2342514991760254,0.06042444705963135
120,0,He,0.4192584156990051,0.4323491156101227,-0.013090699911117554
120,1,studied,0.4192584156990051,0.4654182195663452,-0.04615980386734009
120,2,Theatre,0.4192584156990051,0.39905232191085815,0.020206093788146973
120,3,Arts,0.4192584156990051,0.4231187403202057,-0.0038603246212005615
120,4,and,0.4192584156990051,0.42372962832450867,-0.00447121262550354
120,5,English,0.4192584156990051,0.4276677668094635,-0.008409351110458374
120,6,at,0.4192584156990051,0.4278389513492584,-0.008580535650253296
120,7,Western,0.4192584156990051,0.4148367643356323,0.004421651363372803
120,8,Kentucky,0.4192584156990051,0.46325260400772095,-0.04399418830871582
120,9,University,0.4192584156990051,0.41351327300071716,0.005745142698287964
120,10,in,0.4192584156990051,0.08817429095506668,0.33108412474393845
120,11,Bowling,0.4192584156990051,3.903348988387734e-05,0.41921938220912125
120,12,"Green,",0.4192584156990051,0.462740957736969,-0.04348254203796387
120,13,Kentucky.,0.4192584156990051,0.0421152301132679,0.37714318558573723
145,0,I,0.4884238541126251,0.33019548654556274,0.15822836756706238
145,1,can't,0.4884238541126251,0.4211180508136749,0.0673058032989502
145,2,find,0.4884238541126251,0.08982411026954651,0.3985997438430786
145,3,the,0.4884238541126251,0.5965141654014587,-0.10809031128883362
145,4,ruler,0.4884238541126251,0.5639244318008423,-0.07550057768821716
145,5,in,0.4884238541126251,0.22916126251220703,0.2592625916004181
145,6,my,0.4884238541126251,0.03258490562438965,0.4558389484882355
145,7,pencil,0.4884238541126251,0.0016024268697947264,0.4868214272428304
145,8,case.,0.4884238541126251,0.3322193920612335,0.1562044620513916
126,0,Her,0.8090354800224304,0.7075662612915039,0.10146921873092651
126,1,ankles,0.8090354800224304,0.00445608189329505,0.8045793981291354
126,2,were,0.8090354800224304,0.7809543609619141,0.028081119060516357
126,3,free.,0.8090354800224304,0.7236608862876892,0.08537459373474121
270,0,Soak,0.7108765840530396,0.4603073298931122,0.25056925415992737
270,1,the,0.7108765840530396,0.722224771976471,-0.011348187923431396
270,2,cloth,0.7108765840530396,0.6345052719116211,0.07637131214141846
270,3,and,0.7108765840530396,0.6982007622718811,0.012675821781158447
270,4,drown,0.7108765840530396,0.4377020299434662,0.27317455410957336
270,5,the,0.7108765840530396,0.7255294919013977,-0.014652907848358154
270,6,sharp,0.7108765840530396,0.05576810613274574,0.6551084779202938
270,7,odor.,0.7108765840530396,0.6565455198287964,0.054331064224243164
398,0,Used,0.6873494982719421,0.6313181519508362,0.05603134632110596
398,1,to,0.6873494982719421,0.5885829329490662,0.09876656532287598
398,2,hunt,0.6873494982719421,0.29969871044158936,0.3876507878303528
398,3,rabbits,0.6873494982719421,0.004174251575022936,0.6831752466969192
398,4,there,0.6873494982719421,0.5697808265686035,0.11756867170333862
398,5,myself.,0.6873494982719421,0.3856329023838043,0.3017165958881378
221,0,My,0.7784639000892639,0.42023804783821106,0.35822585225105286
221,1,shampoo,0.7784639000892639,0.42133912444114685,0.35712477564811707
221,2,is,0.7784639000892639,0.6486756801605225,0.12978821992874146
221,3,made,0.7784639000892639,0.7369751334190369,0.04148876667022705
221,4,from,0.7784639000892639,0.7855256199836731,-0.00706171989440918
221,5,coconut,0.7784639000892639,0.03313465416431427,0.7453292459249496
221,6,and,0.7784639000892639,0.6492856740951538,0.1291782259941101
221,7,sweet,0.7784639000892639,0.7884522080421448,-0.00998830795288086
221,8,almond.,0.7784639000892639,0.4948703348636627,0.2835935652256012
5,0,A,0.44660139083862305,0.4230506718158722,0.023550719022750854
5,1,man,0.44660139083862305,0.4073878824710846,0.03921350836753845
5,2,of,0.44660139083862305,0.4353511333465576,0.01125025749206543
5,3,straw,0.44660139083862305,0.001273185946047306,0.44532820489257574
5,4,needs,0.44660139083862305,0.19907796382904053,0.24752342700958252
5,5,a,0.44660139083862305,0.4199959337711334,0.026605457067489624
5,6,woman,0.44660139083862305,0.3210439085960388,0.12555748224258423
5,7,of,0.44660139083862305,0.4346300959587097,0.01197129487991333
5,8,gold.,0.44660139083862305,0.11459653079509735,0.3320048600435257
21,0,After,0.8001309037208557,0.7656812071800232,0.03444969654083252
21,1,playing,0.8001309037208557,0.7941179871559143,0.006012916564941406
21,2,tennis,0.8001309037208557,0.6061791777610779,0.19395172595977783
21,3,in,0.8001309037208557,0.7692619562149048,0.030868947505950928
21,4,virtual,0.8001309037208557,0.7365750074386597,0.06355589628219604
21,5,"reality,",0.8001309037208557,0.7634046077728271,0.036726295948028564
21,6,he,0.8001309037208557,0.7480535507202148,0.05207735300064087
21,7,felt,0.8001309037208557,0.7014896273612976,0.0986412763595581
21,8,dizzy.,0.8001309037208557,0.005321025848388672,0.794809877872467
315,0,The,0.4626331627368927,0.43818241357803345,0.024450749158859253
315,1,fin,0.4626331627368927,0.19104520976543427,0.27158795297145844
315,2,was,0.4626331627368927,0.39992886781692505,0.06270429491996765
315,3,sharp,0.4626331627368927,0.1536744087934494,0.3089587539434433
315,4,and,0.4626331627368927,0.4549884498119354,0.007644712924957275
315,5,cut,0.4626331627368927,0.010608784854412079,0.4520243778824806
315,6,the,0.4626331627368927,0.3481296896934509,0.11450347304344177
315,7,clear,0.4626331627368927,0.0032931503374129534,0.45934001239947975
315,8,water.,0.4626331627368927,0.014040376991033554,0.44859278574585915
425,0,You,0.48511165380477905,0.4882752001285553,-0.003163546323776245
425,1,can't,0.48511165380477905,0.05077456682920456,0.4343370869755745
425,2,offer,0.48511165380477905,0.3606555163860321,0.12445613741874695
425,3,me,0.48511165380477905,0.45607975125312805,0.029031902551651
425,4,something,0.48511165380477905,0.28336116671562195,0.2017504870891571
425,5,that,0.48511165380477905,0.4088955819606781,0.07621607184410095
425,6,is,0.48511165380477905,0.4403993785381317,0.04471227526664734
425,7,already,0.48511165380477905,0.06581972539424896,0.4192919284105301
425,8,"mine,",0.48511165380477905,0.14920318126678467,0.3359084725379944
425,9,the,0.48511165380477905,0.36453092098236084,0.12058073282241821
425,10,chief,0.48511165380477905,0.009622740559279919,0.47548891324549913
425,11,"said,",0.48511165380477905,0.2617971897125244,0.22331446409225464
425,12,arrogantly.,0.48511165380477905,0.35114139318466187,0.1339702606201172
206,0,"Look,",0.4185970425605774,0.014748647809028625,0.40384839475154877
206,1,fireflies!,0.4185970425605774,6.446414045058191e-05,0.4185325784201268
304,0,The,0.48690637946128845,0.6038562059402466,-0.11694982647895813
304,1,conical,0.48690637946128845,0.17448236048221588,0.31242401897907257
304,2,eggs,0.48690637946128845,0.5294570326805115,-0.04255065321922302
304,3,are,0.48690637946128845,0.5004625916481018,-0.013556212186813354
304,4,blue,0.48690637946128845,0.4960007965564728,-0.009094417095184326
304,5,green,0.48690637946128845,0.4733121693134308,0.013594210147857666
304,6,when,0.48690637946128845,0.4153413474559784,0.07156503200531006
304,7,"fresh,",0.48690637946128845,0.4111705720424652,0.07573580741882324
304,8,then,0.48690637946128845,0.5579515099525452,-0.07104513049125671
304,9,turn,0.48690637946128845,0.5142199397087097,-0.027313560247421265
304,10,orange.,0.48690637946128845,0.3290037214756012,0.15790265798568726
216,0,Mud,0.557606041431427,0.4733332097530365,0.0842728316783905
216,1,was,0.557606041431427,0.537398099899292,0.02020794153213501
216,2,spattered,0.557606041431427,0.4928284287452698,0.06477761268615723
216,3,on,0.557606041431427,0.5192609429359436,0.0383450984954834
216,4,the,0.557606041431427,0.537600576877594,0.020005464553833008
216,5,front,0.557606041431427,0.38892224431037903,0.16868379712104797
216,6,of,0.557606041431427,0.449122816324234,0.108483225107193
216,7,his,0.557606041431427,0.4106128513813019,0.14699319005012512
216,8,white,0.557606041431427,0.07180707156658173,0.4857989698648453
216,9,shirt.,0.557606041431427,0.00220106216147542,0.5554049792699516
64,0,Dirt,0.5865217447280884,0.4135552644729614,0.17296648025512695
64,1,and,0.5865217447280884,0.5253767967224121,0.06114494800567627
64,2,dust,0.5865217447280884,0.5272973775863647,0.05922436714172363
64,3,"everywhere,",0.5865217447280884,0.1224663257598877,0.4640554189682007
64,4,give,0.5865217447280884,0.4727717339992523,0.11375001072883606
64,5,me,0.5865217447280884,0.5769926309585571,0.00952911376953125
64,6,the,0.5865217447280884,0.5434403419494629,0.04308140277862549
64,7,broom!,0.5865217447280884,0.0017437901115044951,0.5847779546165839
351,0,The,0.5351739525794983,0.5238591432571411,0.011314809322357178
351,1,streets,0.5351739525794983,0.3622063100337982,0.17296764254570007
351,2,are,0.5351739525794983,0.48541536927223206,0.049758583307266235
351,3,narrow,0.5351739525794983,0.05918170511722565,0.47599224746227264
351,4,and,0.5351739525794983,0.44217222929000854,0.09300172328948975
351,5,full,0.5351739525794983,0.5883983373641968,-0.053224384784698486
351,6,of,0.5351739525794983,0.4555186331272125,0.07965531945228577
351,7,sharp,0.5351739525794983,0.2471403032541275,0.2880336493253708
351,8,turns.,0.5351739525794983,0.007819149643182755,0.5273548029363155
173,0,"Instead,",0.3625582754611969,0.2677285671234131,0.09482970833778381
173,1,the,0.3625582754611969,0.37435802817344666,-0.011799752712249756
173,2,stranger,0.3625582754611969,0.12190001457929611,0.2406582608819008
173,3,lowered,0.3625582754611969,0.5955439209938049,-0.23298564553260803
173,4,it,0.3625582754611969,0.7013311982154846,-0.3387729227542877
173,5,"slowly,",0.3625582754611969,0.29239410161972046,0.07016417384147644
173,6,until,0.3625582754611969,0.6796823143959045,-0.31712403893470764
173,7,the,0.3625582754611969,0.7089942693710327,-0.3464359939098358
173,8,point,0.3625582754611969,0.15214231610298157,0.21041595935821533
173,9,touched,0.3625582754611969,0.07852711528539658,0.2840311601758003
173,10,the,0.3625582754611969,0.3588142693042755,0.0037440061569213867
173,11,boy's,0.3625582754611969,0.22513169050216675,0.13742658495903015
173,12,forehead.,0.3625582754611969,0.14370118081569672,0.21885709464550018
127,0,Her,0.15036214888095856,0.046142227947711945,0.10421992093324661
127,1,polo,0.15036214888095856,0.03501228988170624,0.11534985899925232
127,2,neck,0.15036214888095856,0.05780548229813576,0.0925566665828228
127,3,jumper,0.15036214888095856,0.0005300254561007023,0.14983212342485785
127,4,is,0.15036214888095856,0.12051072716712952,0.02985142171382904
127,5,very,0.15036214888095856,0.13129045069217682,0.01907169818878174
127,6,stylish,0.15036214888095856,0.081992506980896,0.06836964190006256
227,0,Oak,0.606351375579834,0.0008679271559230983,0.6054834484239109
227,1,is,0.606351375579834,0.5821760296821594,0.02417534589767456
227,2,strong,0.606351375579834,0.5569876432418823,0.04936373233795166
227,3,and,0.606351375579834,0.4422793388366699,0.16407203674316406
227,4,also,0.606351375579834,0.5502417683601379,0.056109607219696045
227,5,gives,0.606351375579834,0.5133234858512878,0.09302788972854614
227,6,shade.,0.606351375579834,0.6013402342796326,0.005011141300201416
129,0,Hey,0.4667303264141083,0.0010723081650212407,0.46565801824908704
129,1,"look,",0.4667303264141083,0.08307857811450958,0.3836517482995987
129,2,a,0.4667303264141083,0.41160720586776733,0.05512312054634094
129,3,flying,0.4667303264141083,0.509885847568512,-0.043155521154403687
129,4,pig!,0.4667303264141083,0.26814004778862,0.19859027862548828
35,0,At,0.37144187092781067,0.3767150938510895,-0.005273222923278809
35,1,her,0.37144187092781067,0.37597814202308655,-0.004536271095275879
35,2,death,0.37144187092781067,0.21233196556568146,0.1591099053621292
35,3,she,0.37144187092781067,0.3819822669029236,-0.010540395975112915
35,4,was,0.37144187092781067,0.37528929114341736,-0.0038474202156066895
35,5,the,0.37144187092781067,0.36141878366470337,0.0100230872631073
35,6,Dowager,0.37144187092781067,0.3811216652393341,-0.009679794311523438
35,7,Countess,0.37144187092781067,0.3789285719394684,-0.007486701011657715
35,8,of,0.37144187092781067,0.38636162877082825,-0.014919757843017578
35,9,"Dorset,",0.37144187092781067,0.04683541879057884,0.3246064521372318
35,10,"Pembroke,",0.37144187092781067,0.0021988854277879,0.36924298550002277
35,11,and,0.37144187092781067,0.391520231962204,-0.02007836103439331
35,12,Montgomery.,0.37144187092781067,0.37068790197372437,0.0007539689540863037
163,0,I'm,0.8639253377914429,0.8263483643531799,0.03757697343826294
163,1,not,0.8639253377914429,0.8357093930244446,0.02821594476699829
163,2,so,0.8639253377914429,0.869206428527832,-0.00528109073638916
163,3,much,0.8639253377914429,0.8652511239051819,-0.0013257861137390137
163,4,into,0.8639253377914429,0.8428270816802979,0.02109825611114502
163,5,"anatomy,",0.8639253377914429,0.6172535419464111,0.24667179584503174
163,6,where's,0.8639253377914429,0.8058810830116272,0.058044254779815674
163,7,the,0.8639253377914429,0.8665484189987183,-0.0026230812072753906
163,8,bladder,0.8639253377914429,0.17518414556980133,0.6887411922216415
163,9,again?,0.8639253377914429,0.7685264348983765,0.0953989028930664
431,0,You,0.7527296543121338,0.6705471277236938,0.08218252658843994
431,1,weren't,0.7527296543121338,0.7375889420509338,0.015140712261199951
431,2,kidding,0.7527296543121338,0.35890287160873413,0.39382678270339966
431,3,about,0.7527296543121338,0.6831479072570801,0.06958174705505371
431,4,the,0.7527296543121338,0.7354200482368469,0.017309606075286865
431,5,bait,0.7527296543121338,0.004289489239454269,0.7484401650726795
431,6,part.,0.7527296543121338,0.6908186078071594,0.061911046504974365
88,0,Fresh,0.5184297561645508,0.48735344409942627,0.03107631206512451
88,1,as,0.5184297561645508,0.0033876358065754175,0.5150421203579754
88,2,a,0.5184297561645508,0.5861886143684387,-0.06775885820388794
88,3,daisy.,0.5184297561645508,0.009684125892817974,0.5087456302717328
328,0,The,0.6467668414115906,0.6588715314865112,-0.012104690074920654
328,1,loafers,0.6467668414115906,0.4357112944126129,0.21105554699897766
328,2,and,0.6467668414115906,0.35613417625427246,0.2906326651573181
328,3,golf,0.6467668414115906,0.3903225362300873,0.2564443051815033
328,4,caddies,0.6467668414115906,0.6440008878707886,0.002765953540802002
328,5,were,0.6467668414115906,0.6432569026947021,0.0035099387168884277
328,6,used,0.6467668414115906,0.28716593980789185,0.35960090160369873
328,7,to,0.6467668414115906,0.42362192273139954,0.22314491868019104
328,8,hanging,0.6467668414115906,0.011777977459132671,0.6349888639524579
328,9,out,0.6467668414115906,0.30620506405830383,0.34056177735328674
328,10,near,0.6467668414115906,0.6988670825958252,-0.05210024118423462
328,11,the,0.6467668414115906,0.6368275880813599,0.009939253330230713
328,12,railway,0.6467668414115906,0.622074544429779,0.024692296981811523
328,13,station.,0.6467668414115906,0.4138096570968628,0.23295718431472778
356,0,The,0.848084032535553,0.8266782164573669,0.021405816078186035
356,1,thief,0.848084032535553,0.01272287406027317,0.8353611584752798
356,2,wasn't,0.848084032535553,0.7583085298538208,0.08977550268173218
356,3,"there,",0.848084032535553,0.9057150483131409,-0.05763101577758789
356,4,and,0.848084032535553,0.8419396877288818,0.006144344806671143
356,5,the,0.848084032535553,0.8443470001220703,0.003737032413482666
356,6,owner,0.848084032535553,0.7793475389480591,0.0687364935874939
356,7,brought,0.848084032535553,0.8549046516418457,-0.006820619106292725
356,8,him,0.848084032535553,0.8655806183815002,-0.017496585845947266
356,9,a,0.848084032535553,0.8545761108398438,-0.0064920783042907715
356,10,cup,0.848084032535553,0.8362051248550415,0.011878907680511475
356,11,of,0.848084032535553,0.8463093042373657,0.0017747282981872559
356,12,tea.,0.848084032535553,0.6502935290336609,0.1977905035018921
73,0,Doughnuts,0.8119468092918396,0.6861569285392761,0.12578988075256348
73,1,are,0.8119468092918396,0.8048908710479736,0.007055938243865967
73,2,best,0.8119468092918396,0.7354624271392822,0.07648438215255737
73,3,with,0.8119468092918396,0.7843562960624695,0.027590513229370117
73,4,strawberry,0.8119468092918396,0.7874600291252136,0.024486780166625977
73,5,sprinkles,0.8119468092918396,0.7722603678703308,0.03968644142150879
73,6,and,0.8119468092918396,0.7718650102615356,0.040081799030303955
73,7,coffee.,0.8119468092918396,0.7776305079460144,0.034316301345825195
369,0,There,0.49560827016830444,0.40473029017448425,0.09087797999382019
369,1,is,0.49560827016830444,0.4863361120223999,0.009272158145904541
369,2,that,0.49560827016830444,0.4467918872833252,0.04881638288497925
369,3,magnificent,0.49560827016830444,0.051713380962610245,0.4438948892056942
369,4,"Bob,",0.49560827016830444,0.0030869347974658012,0.49252133537083864
369,5,eating,0.49560827016830444,0.4713248908519745,0.024283379316329956
369,6,his,0.49560827016830444,0.5043833255767822,-0.008775055408477783
369,7,head,0.49560827016830444,0.4999227523803711,-0.00431448221206665
369,8,off,0.49560827016830444,0.5067251324653625,-0.011116862297058105
369,9,in,0.49560827016830444,0.48784902691841125,0.0077592432498931885
369,10,the,0.49560827016830444,0.468826025724411,0.026782244443893433
369,11,stable.,0.49560827016830444,0.12723886966705322,0.3683694005012512
337,0,The,0.1859225630760193,0.08197469264268875,0.10394787043333054
337,1,one,0.1859225630760193,0.01564962789416313,0.17027293518185616
337,2,time,0.1859225630760193,0.01865704357624054,0.16726551949977875
337,3,pad,0.1859225630760193,5.4456722864415497e-05,0.18586810635315487
337,4,is,0.1859225630760193,0.17112189531326294,0.014800667762756348
337,5,an,0.1859225630760193,0.1927180290222168,-0.00679546594619751
337,6,ultimate,0.1859225630760193,0.22633862495422363,-0.040416061878204346
337,7,encryption,0.1859225630760193,0.07368922233581543,0.11223334074020386
337,8,if,0.1859225630760193,0.124653659760952,0.06126890331506729
337,9,applied,0.1859225630760193,0.07159239798784256,0.11433016508817673
337,10,correctly.,0.1859225630760193,0.026970459148287773,0.15895210392773151
309,0,The,0.25089532136917114,0.19178664684295654,0.0591086745262146
309,1,curtain,0.25089532136917114,0.0028791523072868586,0.24801616906188428
309,2,rose,0.25089532136917114,0.16425582766532898,0.08663949370384216
309,3,and,0.25089532136917114,0.1071036085486412,0.14379171282052994
309,4,the,0.25089532136917114,0.2700093984603882,-0.01911407709121704
309,5,show,0.25089532136917114,0.19728133082389832,0.05361399054527283
309,6,was,0.25089532136917114,0.29851436614990234,-0.0476190447807312
309,7,on.,0.25089532136917114,0.10525981336832047,0.14563550800085068
394,0,To,0.5952664613723755,0.570985734462738,0.02428072690963745
394,1,find,0.5952664613723755,0.44114986062049866,0.15411660075187683
394,2,out,0.5952664613723755,0.5817697644233704,0.013496696949005127
394,3,the,0.5952664613723755,0.6098343133926392,-0.014567852020263672
394,4,exact,0.5952664613723755,0.08884827792644501,0.5064181834459305
394,5,"threshold,",0.5952664613723755,4.272262231097557e-06,0.5952621891101444
394,6,we,0.5952664613723755,0.5688631534576416,0.026403307914733887
394,7,need,0.5952664613723755,0.5257778763771057,0.06948858499526978
394,8,to,0.5952664613723755,0.5811118483543396,0.014154613018035889
394,9,repeat,0.5952664613723755,0.5465183854103088,0.04874807596206665
394,10,this,0.5952664613723755,0.6035504341125488,-0.00828397274017334
394,11,in,0.5952664613723755,0.5858426094055176,0.00942385196685791
394,12,a,0.5952664613723755,0.5913741588592529,0.0038923025131225586
394,13,reproducible,0.5952664613723755,0.5112369060516357,0.08402955532073975
394,14,manner.,0.5952664613723755,0.5356733202934265,0.059593141078948975
14,0,A,0.9664395451545715,0.9559852480888367,0.010454297065734863
14,1,white,0.9664395451545715,0.8765476942062378,0.08989185094833374
14,2,silk,0.9664395451545715,0.399726539850235,0.5667130053043365
14,3,jacket,0.9664395451545715,0.8821210861206055,0.08431845903396606
14,4,goes,0.9664395451545715,0.9456549882888794,0.02078455686569214
14,5,with,0.9664395451545715,0.9619380831718445,0.004501461982727051
14,6,any,0.9664395451545715,0.9586755633354187,0.007763981819152832
14,7,shoes.,0.9664395451545715,0.905449390411377,0.06099015474319458
314,0,The,0.3931005597114563,0.4325225055217743,-0.03942194581031799
314,1,family,0.3931005597114563,0.3575381636619568,0.03556239604949951
314,2,lived,0.3931005597114563,0.3954663872718811,-0.0023658275604248047
314,3,over,0.3931005597114563,0.42222803831100464,-0.02912747859954834
314,4,Staunton's,0.3931005597114563,0.0035693009849637747,0.3895312587264925
314,5,mother's,0.3931005597114563,0.39768725633621216,-0.004586696624755859
314,6,hair,0.3931005597114563,0.392017126083374,0.0010834336280822754
314,7,dressing,0.3931005597114563,0.38470521569252014,0.008395344018936157
314,8,salon.,0.3931005597114563,0.37771281599998474,0.015387743711471558
101,0,He,0.31487733125686646,0.3518112897872925,-0.036933958530426025
101,1,attended,0.31487733125686646,0.34912246465682983,-0.03424513339996338
101,2,primary,0.31487733125686646,0.3021698594093323,0.01270747184753418
101,3,school,0.31487733125686646,0.31246381998062134,0.002413511276245117
101,4,in,0.31487733125686646,0.30992329120635986,0.004954040050506592
101,5,"Waynesboro,",0.31487733125686646,0.07720085978507996,0.2376764714717865
101,6,Tennessee,0.31487733125686646,0.15712906420230865,0.1577482670545578
101,7,where,0.31487733125686646,0.3107929825782776,0.004084348678588867
101,8,his,0.31487733125686646,0.32677730917930603,-0.011899977922439575
101,9,father,0.31487733125686646,0.3274407386779785,-0.01256340742111206
101,10,ran,0.31487733125686646,0.29260730743408203,0.022270023822784424
101,11,a,0.31487733125686646,0.3785175681114197,-0.06364023685455322
101,12,sawmill.,0.31487733125686646,0.00020142582070548087,0.314675905436161
324,0,The,0.2827569544315338,0.23383647203445435,0.04892048239707947
324,1,horse,0.2827569544315338,0.018757464364171028,0.2639994900673628
324,2,balked,0.2827569544315338,0.003095573978498578,0.27966138045303524
324,3,and,0.2827569544315338,0.10511202365159988,0.17764493077993393
324,4,threw,0.2827569544315338,0.10431837290525436,0.17843858152627945
324,5,the,0.2827569544315338,0.23693616688251495,0.04582078754901886
324,6,tall,0.2827569544315338,0.256862610578537,0.025894343852996826
324,7,rider.,0.2827569544315338,0.07659237831830978,0.20616457611322403
74,0,Doves,0.6766995191574097,0.0022323213052004576,0.6744671978522092
74,1,"sprouted,",0.6766995191574097,0.084476038813591,0.5922234803438187
74,2,then,0.6766995191574097,0.6606175899505615,0.016081929206848145
74,3,escaped,0.6766995191574097,0.5364543199539185,0.1402451992034912
74,4,from,0.6766995191574097,0.7127876281738281,-0.03608810901641846
74,5,various,0.6766995191574097,0.7432839274406433,-0.06658440828323364
74,6,oversized,0.6766995191574097,0.7124085426330566,-0.03570902347564697
74,7,"pockets,",0.6766995191574097,0.6054357886314392,0.07126373052597046
74,8,some,0.6766995191574097,0.7251381278038025,-0.04843860864639282
74,9,trailing,0.6766995191574097,0.6490361094474792,0.02766340970993042
74,10,handkerchiefs,0.6766995191574097,0.6709691286087036,0.005730390548706055
74,11,or,0.6766995191574097,0.7231003046035767,-0.04640078544616699
74,12,bunting.,0.6766995191574097,0.43235209584236145,0.24434742331504822
390,0,Thus,0.7192547917366028,0.6458012461662292,0.07345354557037354
390,1,for,0.7192547917366028,0.7303677797317505,-0.011112987995147705
390,2,"singletons,",0.7192547917366028,0.5465465784072876,0.17270821332931519
390,3,topological,0.7192547917366028,0.03687990456819534,0.6823748871684074
390,4,distinguishability,0.7192547917366028,0.6428227424621582,0.07643204927444458
390,5,is,0.7192547917366028,0.7382786273956299,-0.0190238356590271
390,6,a,0.7192547917366028,0.7219959497451782,-0.0027411580085754395
390,7,condition,0.7192547917366028,0.7267677783966064,-0.007512986660003662
390,8,in,0.7192547917366028,0.7150219082832336,0.004232883453369141
390,9,between,0.7192547917366028,0.7199329137802124,-0.0006781220436096191
390,10,disjointness,0.7192547917366028,0.7216792106628418,-0.0024244189262390137
390,11,and,0.7192547917366028,0.714592695236206,0.0046620965003967285
390,12,separatedness.,0.7192547917366028,0.7178016304969788,0.0014531612396240234
108,0,He,0.7989888191223145,0.691351592540741,0.10763722658157349
108,1,had,0.7989888191223145,0.7943922281265259,0.004596590995788574
108,2,surprised,0.7989888191223145,0.6317475438117981,0.16724127531051636
108,3,himself,0.7989888191223145,0.66611248254776,0.13287633657455444
108,4,with,0.7989888191223145,0.7036161422729492,0.09537267684936523
108,5,the,0.7989888191223145,0.6403424739837646,0.1586463451385498
108,6,thought.,0.7989888191223145,0.48713037371635437,0.3118584454059601
49,0,But,0.7425323724746704,0.716744065284729,0.025788307189941406
49,1,to,0.7425323724746704,0.6527009606361389,0.0898314118385315
49,2,be,0.7425323724746704,0.722116231918335,0.02041614055633545
49,3,guarded,0.7425323724746704,0.15470385551452637,0.587828516960144
49,4,at,0.7425323724746704,0.7440311312675476,-0.0014987587928771973
49,5,such,0.7425323724746704,0.6922481060028076,0.05028426647186279
49,6,a,0.7425323724746704,0.7291821241378784,0.013350248336791992
49,7,time,0.7425323724746704,0.6960453391075134,0.04648703336715698
49,8,is,0.7425323724746704,0.7179158329963684,0.024616539478302002
49,9,very,0.7425323724746704,0.7448050379753113,-0.002272665500640869
49,10,difficult.,0.7425323724746704,0.5570467114448547,0.18548566102981567
46,0,Booth,0.823529064655304,0.5068395733833313,0.31668949127197266
46,1,is,0.823529064655304,0.8289244174957275,-0.005395352840423584
46,2,trying,0.823529064655304,0.792576014995575,0.030953049659729004
46,3,to,0.823529064655304,0.8286675810813904,-0.005138516426086426
46,4,become,0.823529064655304,0.7276414632797241,0.09588760137557983
46,5,a,0.823529064655304,0.7874204516410828,0.03610861301422119
46,6,"""card",0.823529064655304,0.03310586139559746,0.7904232032597065
46,7,"shark"",",0.823529064655304,1.531377165520098e-05,0.8235137508836488
46,8,but,0.823529064655304,0.8265716433525085,-0.00304257869720459
46,9,is,0.823529064655304,0.8218591809272766,0.0016698837280273438
46,10,not,0.823529064655304,0.8254817128181458,-0.0019526481628417969
46,11,successful.,0.823529064655304,0.7813541889190674,0.04217487573623657
293,0,The,0.8021312952041626,0.757599413394928,0.04453188180923462
293,1,boy,0.8021312952041626,0.5369377136230469,0.2651935815811157
293,2,and,0.8021312952041626,0.6146930456161499,0.1874382495880127
293,3,the,0.8021312952041626,0.7894101142883301,0.01272118091583252
293,4,Englishman,0.8021312952041626,0.6023224592208862,0.19980883598327637
293,5,had,0.8021312952041626,0.827332615852356,-0.02520132064819336
293,6,bought,0.8021312952041626,0.46935269236564636,0.33277860283851624
293,7,"camels,",0.8021312952041626,0.00029065465787425637,0.8018406405462883
293,8,and,0.8021312952041626,0.7808344960212708,0.021296799182891846
293,9,climbed,0.8021312952041626,0.7960812449455261,0.006050050258636475
293,10,uncertainly,0.8021312952041626,0.8282424807548523,-0.026111185550689697
293,11,onto,0.8021312952041626,0.7955928444862366,0.006538450717926025
293,12,their,0.8021312952041626,0.7843685746192932,0.017762720584869385
293,13,backs.,0.8021312952041626,0.35622119903564453,0.44591009616851807
156,0,I,0.6830207705497742,0.6681215167045593,0.014899253845214844
156,1,think,0.6830207705497742,0.7036181688308716,-0.020597398281097412
156,2,Tuppy,0.6830207705497742,0.3480810523033142,0.33493971824645996
156,3,was,0.6830207705497742,0.7312478423118591,-0.04822707176208496
156,4,surprised.,0.6830207705497742,0.09152650088071823,0.5914942696690559
408,0,Where,0.5678951144218445,0.34353378415107727,0.2243613302707672
408,1,did,0.5678951144218445,0.5773583054542542,-0.009463191032409668
408,2,you,0.5678951144218445,0.5131878852844238,0.054707229137420654
408,3,find,0.5678951144218445,0.5487827062606812,0.01911240816116333
408,4,that,0.5678951144218445,0.30846908688545227,0.2594260275363922
408,5,apple?,0.5678951144218445,4.124929182580672e-05,0.5678538651300187
396,0,Two,0.19942320883274078,0.1728363186120987,0.02658689022064209
396,1,spectators,0.19942320883274078,0.10396379977464676,0.09545940905809402
396,2,were,0.19942320883274078,0.21785956621170044,-0.018436357378959656
396,3,also,0.19942320883274078,0.176209956407547,0.023213252425193787
396,4,injured,0.19942320883274078,0.2158966213464737,-0.01647341251373291
396,5,by,0.19942320883274078,0.2490084022283554,-0.049585193395614624
396,6,flying,0.19942320883274078,0.1306983381509781,0.0687248706817627
396,7,debris.,0.19942320883274078,0.009840646758675575,0.1895825620740652
83,0,Fabian,0.7368777990341187,0.5913358330726624,0.1455419659614563
83,1,does,0.7368777990341187,0.7084260582923889,0.028451740741729736
83,2,not,0.7368777990341187,0.7226561903953552,0.014221608638763428
83,3,like,0.7368777990341187,0.7772351503372192,-0.040357351303100586
83,4,pepper.,0.7368777990341187,0.0008573318482376635,0.736020467185881
434,0,Youth,0.5440630912780762,0.29961585998535156,0.2444472312927246
434,1,had,0.5440630912780762,0.42707228660583496,0.11699080467224121
434,2,come,0.5440630912780762,0.5214599370956421,0.022603154182434082
434,3,back,0.5440630912780762,0.43884143233299255,0.10522165894508362
434,4,to,0.5440630912780762,0.523766040802002,0.02029705047607422
434,5,"her,",0.5440630912780762,0.3268751800060272,0.21718791127204895
434,6,freed,0.5440630912780762,0.46683865785598755,0.07722443342208862
434,7,from,0.5440630912780762,0.5373478531837463,0.006715238094329834
434,8,the,0.5440630912780762,0.52610182762146,0.01796126365661621
434,9,yoke,0.5440630912780762,0.007742532528936863,0.5363205587491393
434,10,of,0.5440630912780762,0.4118342697620392,0.132228821516037
434,11,oppression.,0.5440630912780762,0.12617166340351105,0.4178914278745651
50,0,Can,0.8930337429046631,0.848773181438446,0.04426056146621704
50,1,I,0.8930337429046631,0.8740453720092773,0.018988370895385742
50,2,at,0.8930337429046631,0.8927709460258484,0.00026279687881469727
50,3,least,0.8930337429046631,0.8776360154151917,0.015397727489471436
50,4,keep,0.8930337429046631,0.7742177248001099,0.11881601810455322
50,5,the,0.8930337429046631,0.8672704100608826,0.025763332843780518
50,6,onion,0.8930337429046631,0.5151482820510864,0.37788546085357666
50,7,soup?,0.8930337429046631,0.6898615956306458,0.20317214727401733
368,0,Then,0.8602392673492432,0.8303518295288086,0.02988743782043457
368,1,the,0.8602392673492432,0.8472856879234314,0.012953579425811768
368,2,old,0.8602392673492432,0.8428418636322021,0.017397403717041016
368,3,man,0.8602392673492432,0.8699412941932678,-0.009702026844024658
368,4,began,0.8602392673492432,0.8500486612319946,0.010190606117248535
368,5,to,0.8602392673492432,0.860968291759491,-0.0007290244102478027
368,6,inspect,0.8602392673492432,0.8355630040168762,0.024676263332366943
368,7,the,0.8602392673492432,0.8668531775474548,-0.00661391019821167
368,8,"sheep,",0.8602392673492432,0.8000402450561523,0.06019902229309082
368,9,and,0.8602392673492432,0.8515139818191528,0.008725285530090332
368,10,he,0.8602392673492432,0.8747931122779846,-0.014553844928741455
368,11,saw,0.8602392673492432,0.8387038707733154,0.021535396575927734
368,12,that,0.8602392673492432,0.8800591230392456,-0.01981985569000244
368,13,one,0.8602392673492432,0.9033791422843933,-0.043139874935150146
368,14,was,0.8602392673492432,0.7631484270095825,0.09709084033966064
368,15,lame.,0.8602392673492432,9.144472642219625e-06,0.8602301228766009
177,0,It,0.2671847939491272,0.19383493065834045,0.07334986329078674
177,1,habitually,0.2671847939491272,0.01839330419898033,0.24879148975014687
177,2,perches,0.2671847939491272,0.0014016968198120594,0.26578309712931514
177,3,in,0.2671847939491272,0.4080478847026825,-0.1408630907535553
177,4,"trees,",0.2671847939491272,0.32809874415397644,-0.06091395020484924
177,5,which,0.2671847939491272,0.2629752457141876,0.004209548234939575
177,6,gives,0.2671847939491272,0.2806001305580139,-0.013415336608886719
177,7,rise,0.2671847939491272,0.25220707058906555,0.014977723360061646
177,8,to,0.2671847939491272,0.28236040472984314,-0.015175610780715942
177,9,its,0.2671847939491272,0.26550841331481934,0.0016763806343078613
177,10,specific,0.2671847939491272,0.23015911877155304,0.03702567517757416
177,11,name.,0.2671847939491272,0.21878750622272491,0.04839728772640228
118,0,He,0.7884925007820129,0.7991815805435181,-0.010689079761505127
118,1,should,0.7884925007820129,0.8055171966552734,-0.017024695873260498
118,2,not,0.7884925007820129,0.4904659390449524,0.29802656173706055
118,3,be,0.7884925007820129,0.7999681234359741,-0.011475622653961182
118,4,confused,0.7884925007820129,0.002977379597723484,0.7855151211842895
118,5,with,0.7884925007820129,0.8139085173606873,-0.025416016578674316
118,6,the,0.7884925007820129,0.7963807582855225,-0.007888257503509521
118,7,post-bop,0.7884925007820129,0.44890403747558594,0.339588463306427
118,8,tuba,0.7884925007820129,0.42709213495254517,0.3614003658294678
118,9,"player,",0.7884925007820129,0.7591359615325928,0.029356539249420166
118,10,Howard,0.7884925007820129,0.5657404065132141,0.22275209426879883
118,11,Johnson.,0.7884925007820129,0.5367191433906555,0.2517733573913574
232,0,"Oh,",0.7596167325973511,3.257578646298498e-05,0.7595841568108881
232,1,what,0.7596167325973511,0.6099656820297241,0.14965105056762695
232,2,are,0.7596167325973511,0.6404259204864502,0.11919081211090088
232,3,you,0.7596167325973511,0.5420505404472351,0.21756619215011597
232,4,going,0.7596167325973511,0.5980997085571289,0.16151702404022217
232,5,to,0.7596167325973511,0.6950197219848633,0.06459701061248779
232,6,when,0.7596167325973511,0.5997928380966187,0.15982389450073242
232,7,he,0.7596167325973511,0.6243687868118286,0.13524794578552246
232,8,arrives?,0.7596167325973511,0.4366660714149475,0.32295066118240356
312,0,The,0.4181565046310425,0.3996564745903015,0.018500030040740967
312,1,erbium,0.4181565046310425,0.2276051640510559,0.19055134057998657
312,2,doped,0.4181565046310425,0.2288045734167099,0.18935193121433258
312,3,amplifier,0.4181565046310425,0.5552017688751221,-0.1370452642440796
312,4,is,0.4181565046310425,0.3875344395637512,0.03062206506729126
312,5,a,0.4181565046310425,0.4124210774898529,0.005735427141189575
312,6,high,0.4181565046310425,0.3842270076274872,0.0339294970035553
312,7,gain,0.4181565046310425,0.3958582580089569,0.02229824662208557
312,8,amplifier.,0.4181565046310425,0.1882636547088623,0.22989284992218018
1,0,A,0.2497507929801941,0.30291488766670227,-0.05316409468650818
1,1,gritting,0.2497507929801941,0.25221648812294006,-0.0024656951427459717
1,2,lorry,0.2497507929801941,0.2861335873603821,-0.03638279438018799
1,3,is,0.2497507929801941,0.19404469430446625,0.055706098675727844
1,4,used,0.2497507929801941,0.2371310293674469,0.012619763612747192
1,5,to,0.2497507929801941,0.2992500960826874,-0.049499303102493286
1,6,grit,0.2497507929801941,0.2786688804626465,-0.028918087482452393
1,7,the,0.2497507929801941,0.2464800775051117,0.0032707154750823975
1,8,roads,0.2497507929801941,0.37535014748573303,-0.12559935450553894
1,9,when,0.2497507929801941,0.03482356294989586,0.21492723003029823
1,10,frost,0.2497507929801941,0.010407751426100731,0.23934304155409336
1,11,is,0.2497507929801941,0.24435210227966309,0.005398690700531006
1,12,expected,0.2497507929801941,0.03193141520023346,0.21781937777996063
1,13,overnight,0.2497507929801941,0.028840217739343643,0.22091057524085045
63,0,Directed,0.6831470131874084,0.649941086769104,0.03320592641830444
63,1,by,0.6831470131874084,0.6802068948745728,0.0029401183128356934
63,2,Gaylene,0.6831470131874084,0.6800037026405334,0.003143310546875
63,3,"Preston,",0.6831470131874084,0.6604008078575134,0.02274620532989502
63,4,the,0.6831470131874084,0.6742093563079834,0.008937656879425049
63,5,film,0.6831470131874084,0.6705591678619385,0.01258784532546997
63,6,was,0.6831470131874084,0.6512740850448608,0.03187292814254761
63,7,also,0.6831470131874084,0.6364700198173523,0.04667699337005615
63,8,called,0.6831470131874084,0.6666398048400879,0.016507208347320557
63,9,"""Bread",0.6831470131874084,0.3231665790081024,0.35998043417930603
63,10,and,0.6831470131874084,0.5216286778450012,0.16151833534240723
63,11,"Roses"".",0.6831470131874084,0.0184498094022274,0.664697203785181
273,0,"Sports,",0.3303399384021759,0.01038450188934803,0.3199554365128279
273,1,"music,",0.3303399384021759,0.0033510623034089804,0.3269888760987669
273,2,cooking,0.3303399384021759,8.601552508480381e-06,0.3303313368496674
273,3,and,0.3303399384021759,0.3229747414588928,0.007365196943283081
273,4,other,0.3303399384021759,0.3672318756580353,-0.036891937255859375
273,5,topics,0.3303399384021759,0.35354170203208923,-0.02320176362991333
273,6,are,0.3303399384021759,0.3231455683708191,0.0071943700313568115
273,7,covered.,0.3303399384021759,0.22889335453510284,0.10144658386707306
27,0,And,0.5106335282325745,0.4757063388824463,0.034927189350128174
27,1,a,0.5106335282325745,0.546194314956665,-0.035560786724090576
27,2,whole,0.5106335282325745,0.5269832611083984,-0.016349732875823975
27,3,cold,0.5106335282325745,0.07834304124116898,0.4322904869914055
27,4,chicken,0.5106335282325745,0.014915487729012966,0.4957180405035615
27,5,staring,0.5106335282325745,0.5484985709190369,-0.0378650426864624
27,6,us,0.5106335282325745,0.4755041003227234,0.035129427909851074
27,7,right,0.5106335282325745,0.4901009500026703,0.020532578229904175
27,8,in,0.5106335282325745,0.5226942896842957,-0.012060761451721191
27,9,the,0.5106335282325745,0.5150505304336548,-0.004417002201080322
27,10,face.,0.5106335282325745,0.16937077045440674,0.3412627577781677
334,0,The,0.497405469417572,0.5217714905738831,-0.024366021156311035
334,1,next,0.497405469417572,0.3221137225627899,0.1752917468547821
334,2,edition,0.497405469417572,0.5290037989616394,-0.03159832954406738
334,3,of,0.497405469417572,0.5132010579109192,-0.015795588493347168
334,4,"Thunder,",0.497405469417572,6.554521678481251e-05,0.4973399242007872
334,5,Rick,0.497405469417572,0.5067419409751892,-0.009336471557617188
334,6,Steiner,0.497405469417572,0.4821779429912567,0.015227526426315308
334,7,defeated,0.497405469417572,0.5033985376358032,-0.005993068218231201
334,8,Jarrett,0.497405469417572,0.47393253445625305,0.02347293496131897
334,9,and,0.497405469417572,0.48277249932289124,0.014632970094680786
334,10,Totally,0.497405469417572,0.49169981479644775,0.005705654621124268
334,11,Buffed,0.497405469417572,0.5047280192375183,-0.007322549819946289
334,12,defeated,0.497405469417572,0.4975673258304596,-0.00016185641288757324
334,13,KroniK.,0.497405469417572,0.35649001598358154,0.14091545343399048
290,0,The,0.587388277053833,0.565833568572998,0.02155470848083496
290,1,alchemist,0.587388277053833,0.03914889320731163,0.5482393838465214
290,2,stopped,0.587388277053833,0.4088383615016937,0.17854991555213928
290,3,"abruptly,",0.587388277053833,0.14576750993728638,0.44162076711654663
290,4,and,0.587388277053833,0.6139097809791565,-0.026521503925323486
290,5,bent,0.587388277053833,0.05134102329611778,0.5360472537577152
290,6,to,0.587388277053833,0.5538278818130493,0.03356039524078369
290,7,the,0.587388277053833,0.6086931824684143,-0.0213049054145813
290,8,ground.,0.587388277053833,0.23969276249408722,0.3476955145597458
138,0,Holders,0.6929170489311218,0.5995306968688965,0.09338635206222534
138,1,of,0.6929170489311218,0.6955082416534424,-0.0025911927223205566
138,2,the,0.6929170489311218,0.6987353563308716,-0.005818307399749756
138,3,ranks,0.6929170489311218,0.42631685733795166,0.26660019159317017
138,4,were,0.6929170489311218,0.7195227742195129,-0.026605725288391113
138,5,given,0.6929170489311218,0.6707392930984497,0.02217775583267212
138,6,a,0.6929170489311218,0.6825333833694458,0.010383665561676025
138,7,smaller,0.6929170489311218,0.5746317505836487,0.11828529834747314
138,8,marshal's,0.6929170489311218,0.028850514441728592,0.6640665344893932
138,9,star,0.6929170489311218,0.8070206046104431,-0.11410355567932129
138,10,since,0.6929170489311218,0.5612190961837769,0.13169795274734497
138,11,then.,0.6929170489311218,0.6808898448944092,0.012027204036712646
12,0,A,0.20478034019470215,0.2620714604854584,-0.057291120290756226
12,1,sweater,0.20478034019470215,0.01369479950517416,0.191085540689528
12,2,is,0.20478034019470215,0.048540763556957245,0.1562395766377449
12,3,known,0.20478034019470215,0.04730357229709625,0.1574767678976059
12,4,as,0.20478034019470215,0.18848146498203278,0.016298875212669373
12,5,a,0.20478034019470215,0.19484467804431915,0.009935662150382996
12,6,jumper,0.20478034019470215,0.0060869487933814526,0.1986933914013207
12,7,in,0.20478034019470215,0.15915963053703308,0.04562070965766907
12,8,England.,0.20478034019470215,0.05078411474823952,0.15399622544646263
