row_index,primary_accent,sample_id,sentence,reference_translation_zh,direct_translation,direct_unk_count,reference_tokenizer_unk_count,reference_tokens
1,England English,spk_1385,"However, after persistent calls, Hall-Jones reluctantly accepted despite having no parliamentary ambitions.",然而，经过不断的电话，Hall-Jones 还是不情愿地接受了，尽管他在议会里毫无野心。,"然而,在持续的呼叫之后,霍尔-<unk>斯不情愿地接受了,尽管没有议会野心.",1,1,"['▁然而', ',', '经过', '不断', '的', '电话', ',', 'H', 'all', '-', 'J', 'ones', '▁', '还是', '不', '情', '愿', '地', '接受', '了', ',', '尽管', '他在', '议会', '里', '毫无', '野', '心', '<unk>', '<pad>']"
25,England English,spk_1516,He stood irresolute for a moment and then scrambled out of the pit.,他犹豫不决地站了一会儿，然后从坑里爬了出来。,"他站不住了一会儿,然后<unk>出坑.",1,1,"['▁他', '犹', '豫', '不', '决', '地', '站', '了一', '会', '儿', ',', '然后', '从', '坑', '里', '爬', '了', '出来', '<unk>', '<pad>']"
30,England English,spk_1122,The river is tidal when it passes through Dargaville.,这条河流经达格维尔时会涨潮。,"当河流经过达尔加维尔时, 河流是潮<unk>的.",1,1,"['▁这', '条', '河', '流', '经', '达', '格', '维', '尔', '时', '会', '涨', '潮', '<unk>']"
45,England English,spk_0383,The matter of the overall pennant was apparently never decided.,至于整面旗帜的问题，显然还没有决定。,整体旗<unk>的问题显然从来没有决定过.,1,1,"['▁至', '于', '整', '面', '旗', '帜', '的问题', ',', '显然', '还没有', '决定', '<unk>']"
76,England English,spk_0859,Stark naked. Under bare poles. In puris naturalibus.,一丝不挂。光着身子。赤裸。,"在裸体,裸体<unk>下,在""自然纯粹""中.",1,3,"['▁一', '丝', '不', '挂', '<unk>', '光', '着', '身', '子', '<unk>', '赤', '裸', '<unk>', '<pad>']"
85,England English,spk_0996,"Another reason why Apple is superior to Microsoft, the troll posted and grabbed some popcorn for the subsequent flame war.",“苹果优于微软的另一个原因”，网络喷子为随后的网络争论战，准备了爆米花。,"""<unk>果优于微软的另一个原因"", 巨人发布并抓住了一些爆米花为随后的火焰战争.",1,3,"['▁', '<unk>', '苹果', '优', '于', '微', '软', '的', '另一个', '原因', '<unk>', ',', '网络', '喷', '子', '为', '随', '后的', '网络', '争', '论', '战', ',', '准备', '了', '爆', '米', '花', '<unk>', '<pad>']"
88,England English,spk_0010,"Zora, can you teach me how to yodel?",Zora，你能教我约德尔唱法吗？,"佐拉,你能教我如何<unk>吗?",1,0,"['▁Z', 'ora', ',', '你', '能', '教', '我', '约', '德', '尔', '唱', '法', '吗', '?']"
89,England English,spk_1183,Restoration silver is characterized by embossed motifs for tulips and naturalistic fruit and leaves.,修复银的特点是压花图案表现的郁金香和自然的水果和树叶。,修复银的特点是<unk>花和自然的水果和叶子的雕刻图案.,1,1,"['▁', '修', '复', '银', '的特', '点', '是', '压', '花', '图', '案', '表现', '的', '郁', '金', '香', '和', '自然', '的', '水', '果', '和', '树', '叶', '<unk>', '<pad>']"
113,England English,spk_1149,I have blisters on my hands because I was bouldering yesterday.,我手上起了水泡，因为我昨天抱石了。,"我手上有水泡,因为我昨天在<unk>岩.",1,1,"['▁我', '手', '上', '起', '了', '水', '泡', ',', '因为', '我', '昨', '天', '抱', '石', '了', '<unk>']"
124,England English,spk_1097,Where did you find that apple?,你在哪里找到那个苹果的？,你在哪里找到那个<unk>果?,1,0,"['▁你', '在', '哪里', '找到', '那个', '苹果', '的', '?']"
126,England English,spk_0695,"At her death she was the Dowager Countess of Dorset, Pembroke, and Montgomery.",她去世时的身份为多塞特郡、彭布罗克郡和蒙哥马利郡的伯爵夫人。,"在她去世时,她是多塞特,<unk>布罗克和蒙哥马利的寡妇伯爵夫人.",1,2,"['▁她', '去世', '时的', '身份', '为', '多', '塞', '特', '郡', '<unk>', '彭', '布', '罗', '克', '郡', '和', '蒙', '哥', '马', '利', '郡', '的', '伯', '爵', '夫', '人', '<unk>', '<pad>']"
133,England English,spk_0516,The internal doors of the house would need to be replaced because they were very ugly.,房子的内门需要更换，因为它们很难看。,"房子的内部门需要更换, 因为它们非常丑<unk>.",1,1,"['▁', '房子', '的', '内', '门', '需要', '更', '换', ',', '因为', '它们', '很难', '看', '<unk>']"
143,England English,spk_1347,Chili powder blends are the primary flavor ingredient in chili con carne.,辣椒粉混合物是辣椒酱的主要味道成分。,<unk>粉混合物是<unk><unk><unk>的主要口味成分.,4,1,"['▁', '辣', '椒', '粉', '混合', '物', '是', '辣', '椒', '酱', '的主要', '味道', '成', '分', '<unk>', '<pad>']"
147,England English,spk_1221,I guess I used all the shells.,我想我用了所有的贝壳。,我想我用了所有的弹<unk>.,1,1,"['▁我想', '我', '用', '了', '所有的', '贝', '壳', '<unk>']"
149,England English,spk_0597,"There were really, I think, two or three hundred people elbowing one another.",我想，真的有两三百人互相推搡。,"我认为,实际上有两百到三百人互相<unk>肘.",1,1,"['▁我想', ',', '真的', '有', '两', '三', '百', '人', '互', '相', '推', '<unk>']"
150,England English,spk_1524,"Then the old man began to inspect the sheep, and he saw that one was lame.",然后老人开始检查羊，他看到一只是跛脚的。,"然后这位老人开始检查羊, 他看到一个是<unk>的.",1,1,"['▁然后', '老人', '开始', '检查', '羊', ',', '他', '看到', '一', '只是', '跛', '脚', '的', '<unk>']"
153,England English,spk_0544,"Some people like sea gulls, others don't.",有些人喜欢海鸥，有些人不喜欢。,"有些人喜欢海<unk>,有些人不喜欢.",1,1,"['▁有些', '人', '喜欢', '海', '鸥', ',', '有些', '人', '不', '喜欢', '<unk>', '<pad>']"
157,England English,spk_1521,Boffer weapons are commonly used as props in live action role-playing games.,人们通常将 Boffer 武器当做真人角色扮演游戏中的道具使用。,弹<unk>武器通常被用作现场角色扮演游戏的道具.,1,1,"['▁人们', '通常', '将', '▁Bo', 'ffer', '▁', '武器', '当', '做', '真人', '角色', '扮演', '游戏', '中的', '道', '具', '使用', '<unk>']"
159,England English,spk_0327,Caution and adjustment of dosage as necessary are warranted when combining fluvoxamine and mirtazapine.,当将氟伏沙明与米氮平合用时，应谨慎使用并调整剂量。,"在结合<unk>氨酸和米尔塔扎<unk>时,需要谨慎和调整剂量.",2,1,"['▁当', '将', '氟', '伏', '沙', '明', '与', '米', '氮', '平', '合', '用', '时', ',', '应', '谨', '慎', '使用', '并', '调整', '剂', '量', '<unk>', '<pad>']"
164,England English,spk_0032,Do you ever doodle things on a piece of paper when you're bored?,你无聊的时候会在纸上涂鸦吗？,你有没有在无聊的时候在纸上涂<unk>东西?,1,0,"['▁你', '无', '聊', '的时候', '会在', '纸', '上', '涂', '鸦', '吗', '?', '<pad>']"
172,England English,spk_1047,A man of straw needs a woman of gold.,一个草包男人需要一个黄金女人。,一个<unk>草的男人需要一个金色的女人.,1,1,"['▁一个', '草', '包', '男人', '需要', '一个', '黄金', '女人', '<unk>', '<pad>']"
174,England English,spk_0976,You have enough gold to buy many sheep and many camels.,你有足够的黄金去买许多羊和骆驼。,你有足够的黄金来买很多羊和很多<unk>驼.,1,1,"['▁你', '有', '足够的', '黄金', '去', '买', '许多', '羊', '和', '骆', '驼', '<unk>']"
177,England English,spk_0219,"the camel drivers exchanged information about windstorms, and told stories about the desert.",骆驼司机们交换了有关风暴的信息，并讲述了沙漠的故事。,"<unk>驼司机交换关于风暴的信息, 讲述关于沙漠的故事.",1,1,"['▁', '骆', '驼', '司', '机', '们', '交换', '了', '有关', '风', '暴', '的信息', ',', '并', '讲', '述', '了', '沙', '漠', '的故事', '<unk>', '<pad>']"
180,England English,spk_1282,"Daily Telegraph journalist Toby Harnden described Yon's commentary as ""excoriating"".",《每日电讯报》记者托比·哈登称杨的评论非常严厉。,"""每日电报""记者托比·哈伦登将<unk>的评论描述为""令人<unk>丧"".",2,3,"['▁', '<unk>', '每日', '电', '讯', '报', '<unk>', '记者', '托', '比', '·', '哈', '登', '称', '杨', '的', '评论', '非常', '严', '厉', '<unk>', '<pad>']"
182,England English,spk_1316,Keep your shirt on.,穿上你的衬衫。,保持你的<unk>衫上.,1,1,"['▁', '穿', '上', '你的', '衬', '衫', '<unk>', '<pad>']"
192,England English,spk_0873,"Take shelter in this tent, but keep still.",躲在帐篷里，但要保持不动。,"在这个帐<unk>里避难,但保持安静.",1,1,"['▁', '躲', '在', '帐', '篷', '里', ',', '但', '要', '保持', '不', '动', '<unk>', '<pad>']"
197,England English,spk_1079,Football is often confused with soccer.,人们常把Football（橄榄球）和soccer（英式足球）搞混。,足球经常与足球混<unk>.,1,1,"['▁人们', '常', '把', 'Fo', 'otball', '(', '橄', '榄', '球', ')', '和', 's', 'oc', 'cer', '(', '英', '式', '足球', ')', '搞', '混', '<unk>']"
200,England English,spk_0857,And a whole cold chicken staring us right in the face.,一只冰冷的鸡正对着我们的脸。,一个冷冷的<unk>正<unk>着我们的脸.,2,1,"['▁一', '只', '冰', '冷', '的', '鸡', '正', '对', '着', '我们的', '脸', '<unk>']"
208,England English,spk_0076,"The flag is red, blue, and yellow.",旗子是红、蓝、黄三色的。,"旗<unk>是红色的,蓝色的和黄色的.",1,3,"['▁', '旗', '子', '是', '红', '<unk>', '蓝', '<unk>', '黄', '三', '色的', '<unk>']"
220,England English,spk_1435,Who is the blonde girl with the red skirt?,那个穿红裙子的金发女孩是谁?,那个穿着红色<unk>子的金发女孩是谁?,1,0,"['▁那', '个', '穿', '红', '裙', '子的', '金', '发', '女孩', '是', '谁', '?']"
221,England English,spk_1520,Don't go off half-cocked.,不要管窥蠡测。,不要过于<unk>忙.,1,2,"['▁不要', '管', '窥', '<unk>', '测', '<unk>']"
232,England English,spk_0303,"Yeah, I had a bit of a poke at that and failed to work out what was wrong.",是啊，我想了一下，但没弄清楚是怎么回事。,"是的,我有点<unk>在那儿,并未能弄清楚什么是错的.",1,1,"['▁是', '啊', ',', '我想', '了一', '下', ',', '但', '没', '弄', '清楚', '是', '怎么', '回', '事', '<unk>']"
234,England English,spk_0391,"When he saw Henderson in his garden, he called over the fence and made himself understood.",当他看见 Henderson 在他的花园里时，他隔着篱笆喊了一声，对方明白了他的意思。,"当他看到亨德森在他的花园,他叫过<unk>,并让自己理解.",1,1,"['▁当', '他', '看', '见', '▁Henderson', '▁在', '他的', '花', '园', '里', '时', ',', '他', '隔', '着', '篱', '笆', '喊', '了一', '声', ',', '对', '方', '明白', '了他的', '意思', '<unk>', '<pad>']"
237,England English,spk_0478,"He also has a daughter, Amaiya Samuel.",他还有一个女儿，名叫阿马亚·塞缪尔。,"他还有一个女儿,阿玛雅·塞<unk>尔.",1,1,"['▁他', '还有', '一个', '女儿', ',', '名', '叫', '阿', '马', '亚', '·', '塞', '缪', '尔', '<unk>', '<pad>']"
248,England English,spk_0011,"Without haste, yet without rest unhasting, yet unresting.",不慌不忙，不思休息，并不不劳而获。,"没有<unk>忙,但没有休息不<unk>忙,但不休息.",2,1,"['▁不', '慌', '不', '忙', ',', '不', '思', '休息', ',', '并不', '不', '劳', '而', '获', '<unk>', '<pad>']"
255,England English,spk_0058,It's a homogeneous city.,这是一个同类的城市。,这是一个均<unk>的城市.,1,1,"['▁这是一个', '同', '类', '的城市', '<unk>', '<pad>']"
258,England English,spk_0061,He noticed the unequal cooling of its surface.,他注意到它表面的不均匀冷却。,他注意到它的表面不均<unk>的冷却.,1,1,"['▁他', '注意到', '它', '表', '面的', '不', '均', '匀', '冷', '却', '<unk>', '<pad>']"
266,England English,spk_1357,I like ice-cream.,我喜欢吃冰淇淋。,我喜欢吃冰<unk>淋.,1,1,"['▁我', '喜欢', '吃', '冰', '淇', '淋', '<unk>', '<pad>']"
268,England English,spk_0163,The school's mascot is the golden eagle and their colors are gold and green.,学校的吉祥物是金鹰，它们的颜色是金色和绿色。,"学校的吉祥物是金<unk>,他们的颜色是金色和绿色.",1,1,"['▁学校', '的', '吉', '祥', '物', '是', '金', '鹰', ',', '它们的', '颜色', '是', '金', '色', '和', '绿色', '<unk>', '<pad>']"
281,England English,spk_0036,The hail pattered on the burnt brown grass.,冰雹拍打着烧焦的棕色草地。,冰雹在烧焦的棕色草地上<unk>.,1,1,"['▁', '冰', '雹', '拍', '打', '着', '烧', '焦', '的', '棕', '色', '草', '地', '<unk>']"
296,England English,spk_0558,Ying told us to bring extra strawberries.,她叫我们多带些草莓。,<unk>告诉我们带来额外的草<unk>.,2,1,"['▁她', '叫', '我们', '多', '带', '些', '草', '莓', '<unk>', '<pad>']"
301,England English,spk_1488,He once lent his distinctive voice to an advert for the blackcurrant drink Ribena.,他曾经用自己独特的声音为黑加仑饮料 Ribena 的广告配音。,他曾经在黑<unk>饮料Ribena的广告中借用了他的独特的声音.,1,1,"['▁他', '曾经', '用', '自己', '独', '特的', '声音', '为', '黑', '加', '仑', '饮', '料', '▁Rib', 'ena', '▁的', '广告', '配', '音', '<unk>']"
330,England English,spk_0840,It has also made watering holes inaccessible to the animals within this region.,这也使得该地区的动物无法进入水坑。,它还使得该地区动物无法进入灌<unk>坑.,1,1,"['▁这', '也', '使得', '该', '地区的', '动物', '无法', '进入', '水', '坑', '<unk>', '<pad>']"
335,England English,spk_0840,"Like other royal insignia, the crown was not worn by the sovereign.",和其他皇室标志一样，王冠不是由君主佩戴的。,"像其他皇家<unk>章一样,皇冠不是国王所戴的.",1,1,"['▁和', '其他', '皇', '室', '标志', '一样', ',', '王', '冠', '不是', '由', '君', '主', '佩', '戴', '的', '<unk>', '<pad>']"
368,England English,spk_1580,"From the railway station in the distance came the sound of trains, ringing and rumbling.",从远处的火车站传来火车的声音，清脆而隆隆。,"从远处的火车站听到火车的声音,<unk>和<unk>.",2,1,"['▁从', '远', '处', '的', '火', '车', '站', '传', '来', '火', '车', '的', '声音', ',', '清', '脆', '而', '隆', '隆', '<unk>']"
376,England English,spk_0939,This is why oral rehydration salts include both sodium and glucose.,所以口服补液盐中既含钠，也含葡萄糖。,这就是为什么口服再水化盐包括<unk>和葡萄糖.,1,1,"['▁所以', '口', '服', '补', '液', '盐', '中', '既', '含', '钠', ',', '也', '含', '葡萄', '糖', '<unk>']"
379,England English,spk_0950,I was hoping you might know a thing or two about my surly shadow?,我希望你能对我那粗暴的样子略知一二？,我希望你可能知道一两件事关于我的<unk>气的影子?,1,0,"['▁我希望', '你', '能', '对我', '那', '粗', '暴', '的', '样', '子', '略', '知', '一', '二', '?', '<pad>']"
392,England English,spk_1566,"The alchemist stopped abruptly, and bent to the ground.",炼金术士突然停了下来，俯身在地。,"这位炼金术士突然停下来,<unk>在地上.",1,1,"['▁', '炼', '金', '术', '士', '突然', '停', '了', '下来', ',', '俯', '身', '在', '地', '<unk>', '<pad>']"
398,England English,spk_1526,"I ate a dish with rice, spaghetti, hummus, and caramelized onions.",我吃了一盘米饭、意大利面、鹰嘴豆泥和焦糖洋葱。,"我吃了一道饭, 意大利面, 胡麻, 和焦糖洋<unk>.",1,3,"['▁我', '吃', '了一', '盘', '米', '饭', '<unk>', '意大利', '面', '<unk>', '鹰', '嘴', '豆', '泥', '和', '焦', '糖', '洋', '葱', '<unk>']"
409,England English,spk_1254,A steep trail is painful for our feet.,陡峭的小路走得我们脚痛。,一个<unk>的小径对我们的脚很痛苦.,1,1,"['▁', '陡', '峭', '的小', '路', '走', '得', '我们', '脚', '痛', '<unk>', '<pad>']"
410,England English,spk_0457,Seward proposes that ball lightning is a spinning plasma toroid or ring.,苏华德认为球状闪电是一个旋转的等离子圆环面或环。,塞沃德认为球闪电是一个旋转的等离子体<unk>体或环.,1,1,"['▁', '苏', '华', '德', '认为', '球', '状', '闪', '电', '是一个', '旋', '转', '的', '等', '离', '子', '圆', '环', '面', '或', '环', '<unk>']"
412,England English,spk_0448,I don't like coconuts.,我不喜欢椰子。,我不喜欢<unk>子.,1,1,"['▁我不', '喜欢', '椰', '子', '<unk>', '<pad>']"
420,England English,spk_0849,Pitch the straw through the door of the stable.,把稻草从门插进马厩。,把<unk>子扔进马<unk>的门.,2,1,"['▁把', '稻', '草', '从', '门', '插', '进', '马', '厩', '<unk>']"
427,England English,spk_0609,The river contains a large Salmon and Sea trout population.,这条河有大量的鲑鱼和海鳟。,这条河有大量的<unk>鱼和海<unk>鱼.,2,1,"['▁这', '条', '河', '有', '大量的', '鲑', '鱼', '和', '海', '<unk>']"
439,England English,spk_0069,He disappeared into the tent.,他消失在帐篷里。,他消失在帐<unk>里.,1,1,"['▁他', '消失', '在', '帐', '篷', '里', '<unk>', '<pad>']"
440,England English,spk_1294,"Roll the dice, please.",请掷骰子。,"投<unk>子,请.",1,1,"['▁请', '掷', '骰', '子', '<unk>', '<pad>']"
453,England English,spk_0201,"Bacardi, rye, vodka – what do you want?, asked the barkeeper.",“白家地朗姆、黑麦威士忌、伏特加——你选哪一种？”，酒保问道。,"""巴卡迪,<unk>,伏特加 - - 你想要什么?""酒吧老板问.",1,6,"['▁', '<unk>', '白', '家', '地', '朗', '姆', '<unk>', '黑', '麦', '威', '士', '忌', '<unk>', '伏', '特', '加', '<unk>', '你', '选', '哪', '一种', '?', '<unk>', ',', '酒', '保', '问', '道', '<unk>']"
454,England English,spk_0036,The point of the steel pen was bent and twisted.,钢笔的笔尖扭弯了。,钢笔的尖端被<unk>曲和扭曲了.,1,1,"['▁', '钢', '笔', '的', '笔', '尖', '扭', '弯', '了', '<unk>']"
457,England English,spk_1297,She got the Congressional Medal of Honor!,她获得了国会荣誉勋章！,她得到了国会的荣誉<unk>章!,1,0,"['▁她', '获得了', '国会', '荣', '誉', '勋', '章', '!']"
463,England English,spk_1163,"You can't offer me something that is already mine, the chief said, arrogantly.",“你不能给我一些已经属于我的东西，”酋长傲慢地说。,"""你不能给我已经是我的东西"", <unk>长傲慢地说.",1,3,"['▁', '<unk>', '你', '不能', '给我', '一些', '已经', '属于', '我的', '东西', ',', '<unk>', '酋', '长', '傲', '慢', '地', '说', '<unk>', '<pad>']"
469,England English,spk_0822,Pull the hook to toggle the jukebox.,拉动挂钩来切换点唱机。,拉动<unk>子来开启音乐盒.,1,1,"['▁拉', '动', '挂', '钩', '来', '切', '换', '点', '唱', '机', '<unk>', '<pad>']"
477,England English,spk_0654,They provided warnings about thieves and barbarian tribes.,他们警告要防小偷和野蛮部落。,他们提供了关于盗<unk>和野蛮人的警告.,1,1,"['▁他们', '警告', '要', '防', '小', '偷', '和', '野', '蛮', '部落', '<unk>', '<pad>']"
493,England English,spk_0973,Smaller ellipses create fewer reflections.,较小的椭圆产生较少的反射。,较小的<unk>圆会产生较少的反射.,1,1,"['▁', '较', '小的', '椭', '圆', '产生', '较', '少', '的', '反', '射', '<unk>']"
505,England English,spk_0873,Who is responsible for these parrots?,谁对这些鹦鹉负责？,这些<unk>是谁造成的?,1,0,"['▁', '谁', '对', '这些', '鹦', '鹉', '负责', '?']"
509,England English,spk_0258,The homeless seem to like soup.,无家可归者似乎喜欢喝汤。,无家可归的人似乎喜欢<unk>.,1,1,"['▁无', '家', '可', '归', '者', '似乎', '喜欢', '喝', '汤', '<unk>']"
517,England English,spk_0563,A gritting lorry is used to grit the roads when frost is expected overnight,如果隔夜会出现霜冻，则用铺沙砾的货车在路上铺沙砾。,"当夜间预计会有<unk>时, 一辆<unk>石卡车被用来<unk>石道路",3,1,"['▁如果', '隔', '夜', '会', '出现', '霜', '冻', ',', '则', '用', '铺', '沙', '砾', '的', '货', '车', '在', '路上', '铺', '沙', '砾', '<unk>']"
524,England English,spk_0695,"He studied Theatre Arts and English at Western Kentucky University in Bowling Green, Kentucky.",他在肯塔基州鲍灵格林市的西肯塔基大学学习戏剧艺术和英语。,他在肯塔基州<unk>林格林的西部肯塔基大学学习戏剧艺术和英语.,1,1,"['▁他在', '肯', '塔', '基', '州', '鲍', '灵', '格', '林', '市', '的', '西', '肯', '塔', '基', '大学', '学习', '戏', '剧', '艺术', '和', '英语', '<unk>', '<pad>']"
533,England English,spk_0324,Marcel Proust was said to suffer from neurasthenia.,据说 Marcel Proust 患有神经衰弱。,据说马塞尔·普鲁斯特患有神经<unk>.,1,1,"['▁据', '说', '▁Marcel', '▁Pro', 'ust', '▁', '患有', '神经', '衰', '弱', '<unk>', '<pad>']"
535,England English,spk_1148,"Genyo Takeda was born in Osaka, Japan.",武田健代（Genyo Takeda）出生于日本大阪。,詹永<unk>出生于日本大阪.,1,1,"['▁武', '田', '健', '代', '(', 'G', 'enyo', '▁Tak', 'eda', ')', '出生于', '日本', '大', '阪', '<unk>', '<pad>']"
546,England English,spk_0941,"He kept driving at full speed, totally unfazed by the flap, flap, flap of the burst tyre.",他一直全速行驶，完全没有被爆胎的拍打声吓到。,"他继续以全速行驶, 完全不受破裂轮胎的<unk>,<unk>,<unk>的影响.",3,1,"['▁他', '一直', '全', '速', '行', '驶', ',', '完全', '没有', '被', '爆', '胎', '的', '拍', '打', '声', '吓', '到', '<unk>', '<pad>']"
552,England English,spk_0510,"I like apples, pears, and pomegranate, but I do like strawberries or grapes.",我喜欢苹果、梨和石榴，也喜欢草莓或葡萄。,"我喜欢<unk>果,梨和石榴,但我确实喜欢草<unk>或葡萄.",2,2,"['▁我', '喜欢', '苹果', '<unk>', '梨', '和', '石', '榴', ',', '也', '喜欢', '草', '莓', '或', '葡萄', '<unk>']"
561,England English,spk_0322,"I'm an old, superstitious Arab, and I believe in our proverbs.",我是一个年迈而迷信的阿拉伯人，我相信我们的谚语。,"我是一个老,迷信的阿拉伯人, 我相信我们的<unk>语.",1,1,"['▁我', '是一个', '年', '迈', '而', '迷', '信', '的', '阿拉伯', '人', ',', '我', '相信', '我们的', '谚', '语', '<unk>', '<pad>']"
564,England English,spk_1524,The boy mumbled an answer that allowed him to avoid responding to her question.,这个男孩含糊地回答了一个问题，使得他避免回答她的问题。,"这个男孩<unk>着回答, 让他避免回答她的问题.",1,1,"['▁这个', '男孩', '含', '糊', '地', '回答', '了一个', '问题', ',', '使得', '他', '避免', '回答', '她', '的问题', '<unk>']"
565,England English,spk_0438,"The men climbed the hill, and they were tired when they reached the top.",男人们爬上了山，到达山顶时他们都累了。,"这些人爬上了山,到达山顶时他们已经疲<unk>不堪.",1,1,"['▁男', '人们', '爬', '上了', '山', ',', '到达', '山', '顶', '时', '他们', '都', '累', '了', '<unk>', '<pad>']"
567,England English,spk_1107,He stood irresolute for a moment and then scrambled out of the pit.,他犹豫不决地站了一会儿，然后从坑里爬了出来。,"他站了不决心的一刻,然后<unk>出坑.",1,1,"['▁他', '犹', '豫', '不', '决', '地', '站', '了一', '会', '儿', ',', '然后', '从', '坑', '里', '爬', '了', '出来', '<unk>', '<pad>']"
568,England English,spk_0810,"The alchemist removed the pan from the fire, and set it aside to cool.",炼金术士把锅从火上移开，放在一边冷却。,"这位炼金术士把<unk>从火中取出来,把它放在一边冷却.",1,1,"['▁', '炼', '金', '术', '士', '把', '锅', '从', '火', '上', '移', '开', ',', '放在', '一', '边', '冷', '却', '<unk>', '<pad>']"
570,England English,spk_1428,"I'm not so much into anatomy, where's the bladder again?",我对解剖学不太在行，我想再问一下膀胱在哪里来着？,"我对解剖学不太了解,膀<unk>又在哪里?",1,0,"['▁我', '对', '解', '剖', '学', '不太', '在', '行', ',', '我想', '再', '问', '一下', '膀', '胱', '在', '哪里', '来', '着', '?']"
572,England English,spk_0329,"The Englishman prodded him, and the boy asked her about the man who cured people's illnesses.",英国人戳了他一下，男孩就问她是谁治好了人们的病。,"这位英国人<unk>他,男孩问她关于治愈人们疾病的人.",1,1,"['▁英国', '人', '戳', '了他', '一下', ',', '男孩', '就', '问', '她', '是', '谁', '治', '好了', '人们', '的', '病', '<unk>']"
594,England English,spk_0266,"Like spinach, they contain mildly toxic oxalic acid, which is named after the genus.",和菠菜一样，它们也含有少量可能引发中毒的草酸，以草属命名。,"像<unk>菜一样,它们含有轻微有毒的<unk>酸,以该属命名.",2,2,"['▁和', '<unk>', '菜', '一样', ',', '它们', '也', '含有', '少', '量', '可能', '引发', '中', '毒', '的', '草', '酸', ',', '以', '草', '属', '命名', '<unk>', '<pad>']"
595,England English,spk_1294,"Sports, music, cooking and other topics are covered.",包括体育、音乐、烹饪和其他主题。,"体育,音乐,<unk>和其他主题都被涵盖.",1,3,"['▁包括', '体育', '<unk>', '音乐', '<unk>', '烹', '饪', '和其他', '主题', '<unk>']"
599,England English,spk_1183,The main and outrigger wheels were covered by streamlined clamshell doors when in flight.,主机轮和外伸轮在飞行时被流线型的蛤壳状门所覆盖。,主要的轮子和外<unk>轮在飞行时被流线的<unk>壳门覆盖.,2,1,"['▁主', '机', '轮', '和', '外', '伸', '轮', '在', '飞行', '时', '被', '流', '线', '型的', '蛤', '壳', '状', '门', '所', '覆盖', '<unk>', '<pad>']"
603,Filipino,spk_1280,"Go and speak to the tribal chieftains, said the camel driver.",“去和部落首领谈谈，”骆驼车夫说。,"""去和部落的首领说话"",<unk>驼司机说.",1,3,"['▁', '<unk>', '去', '和', '部落', '首', '领', '谈', '谈', ',', '<unk>', '骆', '驼', '车', '夫', '说', '<unk>', '<pad>']"
608,Filipino,spk_0375,"Oh, I know it!",喔，我知道！,"<unk>,我知道!",1,0,"['▁', '喔', ',', '我知道', '!', '<pad>']"
610,Filipino,spk_0375,"The flag is red, blue, and yellow.",旗子是红、蓝、黄三色的。,"旗<unk>是红色的,蓝色的和黄色的.",1,3,"['▁', '旗', '子', '是', '红', '<unk>', '蓝', '<unk>', '黄', '三', '色的', '<unk>']"
624,Filipino,spk_1497,He felt the role gave him the reputation of being a cad.,他觉得这个角色使他享有成为 Cad 的声誉。,他觉得这个角色给了他一个<unk>人的声誉.,1,1,"['▁他', '觉得', '这个', '角色', '使', '他', '享有', '成为', '▁Cad', '▁的', '声', '誉', '<unk>', '<pad>']"
632,Filipino,spk_0020,"Tiffany told us, the bench is made of beech wood.",Tiffany 告诉我们，长凳是由榉木制成的。,"蒂芬妮告诉我们,这张长凳是用<unk>木制成的.",1,2,"['▁Tiffany', '▁', '告诉', '我们', ',', '长', '凳', '是由', '<unk>', '木', '制', '成', '的', '<unk>']"
640,Filipino,spk_1561,Some sources differentiate bolt-on and bolt-in neck construction.,一些来源可区分螺栓连接和连接的颈部结构。,一些消息来源区分了螺栓式和螺栓式的<unk>部结构.,1,1,"['▁一些', '来源', '可', '区', '分', '螺', '栓', '连接', '和', '连接', '的', '颈', '部', '结构', '<unk>', '<pad>']"
647,Filipino,spk_0375,Don't advertise: Tell it to a gossip.,不登广告：去告诉八卦的人。,"不要广告,告诉一个八<unk>",1,1,"['▁不', '登', '广告', ':', '去', '告诉', '八', '卦', '的人', '<unk>']"
652,Filipino,spk_0825,"Grime, rust and residual particles polluted the air.",尘垢、铁锈和残留的微粒污染了空气。,"污垢,<unk>和残留的粒子污染了空气.",1,2,"['▁', '尘', '垢', '<unk>', '铁', '锈', '和', '残', '留', '的', '微', '粒', '污染', '了', '空气', '<unk>']"
653,Filipino,spk_0210,"Hey, don't go there!",嘿，别去那里！,"<unk>,不要去那里!",1,0,"['▁', '嘿', ',', '别', '去', '那里', '!', '<pad>']"
658,Filipino,spk_0979,"So he could not be hasty, nor impatient.",因此，他不能操之过急，也不能不耐烦。,"所以他不能<unk>忙,也不能不耐烦.",1,1,"['▁因此', ',', '他', '不能', '操', '之', '过', '急', ',', '也', '不能', '不', '耐', '烦', '<unk>', '<pad>']"
692,Filipino,spk_1002,Thomas was left paralyzed from the chest down.,托马斯从胸部以下瘫痪。,托马斯从胸部到下半身都<unk>了.,1,1,"['▁', '托', '马', '斯', '从', '胸', '部', '以下', '瘫', '痪', '<unk>', '<pad>']"
693,Filipino,spk_1170,Ribbonfish possess all the characteristics of fish living at very great depths.,fish鱼具有生活在非常深处的鱼类的所有特征。,<unk>鱼具有生活在非常深海的鱼类的所有特征.,1,1,"['▁fish', '鱼', '具有', '生活在', '非常', '深', '处', '的', '鱼', '类', '的所有', '特征', '<unk>', '<pad>']"
698,Filipino,spk_0555,Project Coster was founded and run by Marc van Oostendorp.,Coster 项目是由 Marc van Oostendorp 创立和运营的。,科斯特项目由马克·范·奥斯<unk>多普创立和经营.,1,1,"['▁C', 'oster', '▁', '项目', '是由', '▁Marc', '▁van', '▁Oost', 'end', 'orp', '▁', '创', '立', '和', '运营', '的', '<unk>', '<pad>']"
704,Filipino,spk_0900,How many layers of irony are you on?,你有多少层讽刺意味?,你有多少层的<unk>刺?,1,0,"['▁你', '有', '多少', '层', '讽', '刺', '意味', '?']"
707,Filipino,spk_0473,Use a pencil to write the first draft.,用铅笔写初稿。,使用<unk>笔写下第一个草稿.,1,1,"['▁用', '铅', '笔', '写', '初', '稿', '<unk>', '<pad>']"
716,Filipino,spk_1170,Two spectators were also injured by flying debris.,两名观众也因飞扬的碎片受伤。,两名观众也因飞<unk>碎片而受伤.,1,1,"['▁两', '名', '观', '众', '也', '因', '飞', '扬', '的', '碎', '片', '受伤', '<unk>', '<pad>']"
730,Filipino,spk_1497,A little scrambling is required for access.,访问需要加一些扰码。,需要一点<unk>密才能进入.,1,1,"['▁', '访问', '需要', '加', '一些', '扰', '码', '<unk>']"
737,Filipino,spk_1354,Most of them were staring quietly at the big table.,他们大多数人都静静地盯着大桌子。,他们中的大多数人静静地<unk>着大桌子.,1,1,"['▁他们', '大多数', '人都', '静', '静', '地', '盯', '着', '大', '桌', '子', '<unk>']"
742,Filipino,spk_0059,"Early pottery was painted with spirals, zigzags, dots, or animals.",早期的陶器上绘有螺旋形、锯齿形、点状或动物形。,"早期的陶器是用螺旋,<unk>,点或动物绘制的.",1,3,"['▁', '早期', '的', '陶', '器', '上', '绘', '有', '螺', '旋', '形', '<unk>', '锯', '齿', '形', '<unk>', '点', '状', '或', '动物', '形', '<unk>']"
743,Filipino,spk_1568,They have cheap sausages and fries at the brewery tomorrow.,明天酿酒厂有便宜的香肠和薯条。,他们明天在<unk>酒厂有便宜的香肠和<unk>条.,2,1,"['▁明', '天', '酿', '酒', '厂', '有', '便宜', '的', '香', '肠', '和', '薯', '条', '<unk>']"
756,Filipino,spk_0030,Soak the cloth and drown the sharp odor.,把布浸湿，淹没刺鼻的气味。,"浸泡布料,淹没尖<unk>的气味.",1,1,"['▁把', '布', '浸', '湿', ',', '淹', '没', '刺', '鼻', '的', '气', '味', '<unk>', '<pad>']"
768,Filipino,spk_0513,"There is that magnificent Bob, eating his head off in the stable.",那里就是伟大的鲍勃，正在马厩里面吃它的草。,"那是那个宏伟的<unk>勃,在马<unk>里吃他的头.",2,1,"['▁那', '里', '就是', '伟大的', '鲍', '勃', ',', '正在', '马', '厩', '里面', '吃', '它的', '草', '<unk>', '<pad>']"
770,Filipino,spk_1354,The crowd swayed a little as I elbowed my way through.,我用手肘挤出一条道时，人群微微摇晃了一下。,"当我<unk>肘穿过时,人群有点摇摆.",1,1,"['▁我', '用', '手', '肘', '挤', '出', '一', '条', '道', '时', ',', '人', '群', '微', '微', '摇', '晃', '了一', '下', '<unk>']"
774,Filipino,spk_0555,He transformed Somerleyton Hall into a typical East Anglian Tudor-Jacobean mansion.,他把萨默雷顿庄园改造成了一座典型的东盎格鲁都铎——詹姆士一世时期风格的宅邸。,他将索默莱顿大厅改造成典型的东英格兰泰<unk>尔-雅各布式豪宅.,1,2,"['▁他', '把', '萨', '默', '雷', '顿', '庄', '园', '改', '造成', '了一', '座', '典', '型的', '东', '盎', '格', '鲁', '都', '铎', '<unk>', '詹', '姆', '士', '一', '世', '时期', '风格', '的', '宅', '邸', '<unk>']"
808,Filipino,spk_0059,"There, he awards both Ziwei and Xiaoyanzi with a gold insignia.",在那里，他为 Ziwei 和 Xiaoyanzi 颁发了金色徽章。,"在那里,他授予齐威和<unk>扬齐一个金<unk>章.",2,1,"['▁在', '那里', ',', '他', '为', '▁Zi', 'wei', '▁和', '▁Xia', 'oy', 'anzi', '▁', '颁', '发', '了', '金', '色', '徽', '章', '<unk>']"
812,Filipino,spk_1497,"Booth is trying to become a ""card shark"", but is not successful.",Booth 试图成为“玩牌好手”，但没有成功。,"布斯试图成为一个""卡牌<unk>鱼"",但没有成功.",1,3,"['▁Booth', '▁', '试图', '成为', '<unk>', '玩', '牌', '好', '手', '<unk>', ',', '但', '没有', '成功', '<unk>', '<pad>']"
825,Filipino,spk_1303,"The Englishman prodded him, and the boy asked her about the man who cured people's illnesses.",英国人戳了他一下，男孩就问她是谁治好了人们的病。,"这位英国人<unk>了他,男孩问她关于治愈人们疾病的人.",1,1,"['▁英国', '人', '戳', '了他', '一下', ',', '男孩', '就', '问', '她', '是', '谁', '治', '好了', '人们', '的', '病', '<unk>']"
837,Filipino,spk_0900,"He grew strawberries, so you would not like it.",他种草莓，所以你不会喜欢它的。,"他种植草<unk>,所以你不会喜欢它.",1,1,"['▁他', '种', '草', '莓', ',', '所以', '你', '不会', '喜欢', '它的', '<unk>', '<pad>']"
853,Filipino,spk_0248,"The boy and the Englishman had bought camels, and climbed uncertainly onto their backs.",男孩和英国人买了骆驼，迟疑地爬上了骆驼的背。,"这个男孩和英国人买了<unk>驼, 爬上他们的背上不确定.",1,1,"['▁男', '孩', '和', '英国', '人', '买', '了', '骆', '驼', ',', '迟', '疑', '地', '爬', '上了', '骆', '驼', '的', '背', '<unk>']"
860,Filipino,spk_1170,The erbium doped amplifier is a high gain amplifier.,掺铒放大器是一种高增益放大器。,添加<unk>的放大器是一个高增益放大器.,1,2,"['▁', '掺', '<unk>', '放', '大', '器', '是一种', '高', '增', '益', '放', '大', '器', '<unk>']"
866,Filipino,spk_0715,The boy mumbled an answer that allowed him to avoid responding to her question.,这个男孩含糊地回答了一个问题，使得他避免回答她的问题。,"这个男孩<unk>着回答, 让他避免回答她的问题.",1,1,"['▁这个', '男孩', '含', '糊', '地', '回答', '了一个', '问题', ',', '使得', '他', '避免', '回答', '她', '的问题', '<unk>']"
884,Filipino,spk_1170,"The opium poppy continues to be a major industrial source of opiates, including morphine.",罂粟仍然是阿片类药物（包括吗啡）的主要工业来源。,鸦片罂粟仍然是包括<unk>片在内的主要工业鸦片来源.,1,1,"['▁', '罂', '粟', '仍然', '是', '阿', '片', '类', '药物', '(', '包括', '吗', '啡', ')', '的主要', '工业', '来源', '<unk>']"
902,Filipino,spk_0466,"Palm oil is cheap, but workers on illegal plantations get exploited and huge areas of jungle get destroyed for its production.",棕榈油价格便宜，但非法种植园的工人遭到剥削，大片丛林也因棕榈油的生产被毁。,"棕<unk>油价格便宜, 但非法种植园的工人受到剥削,",1,1,"['▁', '棕', '榈', '油', '价格', '便宜', ',', '但', '非法', '种', '植', '园', '的', '工人', '遭到', '剥', '削', ',', '大', '片', '丛', '林', '也', '因', '棕', '榈', '油', '的', '生产', '被', '毁', '<unk>']"
904,Filipino,spk_1356,"They walked in from the rain, all dishevelled and steaming.",他们从雨中走了进来，衣冠不整，浑身湿透。,"他们从雨中走进来, 所有的<unk>乱和蒸汽.",1,1,"['▁他们', '从', '雨', '中', '走', '了', '进', '来', ',', '衣', '冠', '不', '整', ',', '浑', '身', '湿', '透', '<unk>', '<pad>']"
909,Filipino,spk_1442,"The diver forced open the oyster, revealing a shimmering pearl.",潜水员强行打开牡蛎，露出一颗闪闪发光的珍珠。,"潜水员强行打开了<unk>,发现了一颗闪闪发光的珍珠.",1,1,"['▁', '潜', '水', '员', '强', '行', '打开', '牡', '蛎', ',', '露', '出', '一', '颗', '闪', '闪', '发', '光', '的', '珍', '珠', '<unk>']"
925,Filipino,spk_1354,The turf and gravel around it seemed charred as if by a sudden explosion.,周围的草皮和碎石似乎被突然的爆炸烧焦了。,周围的草<unk>和<unk>石似乎被突然的爆炸烧毁.,2,1,"['▁周', '围', '的', '草', '皮', '和', '碎', '石', '似乎', '被', '突然', '的', '爆炸', '烧', '焦', '了', '<unk>', '<pad>']"
941,Filipino,spk_0030,"In Ireland, the butter is always salted, why would anyone want it any other way?",在爱尔兰，黄油都是咸的，为什么还有人想要其他的口味呢？,"在爱尔兰,黄油总是<unk>的,为什么有人会用其他方式?",1,0,"['▁在', '爱尔兰', ',', '黄', '油', '都是', '咸', '的', ',', '为什么', '还有', '人', '想要', '其他', '的', '口', '味', '呢', '?', '<pad>']"
963,Filipino,spk_1170,Epidermal thickening is another characteristic histologic finding of psoriasis lesions.,表皮增厚是牛皮癣病变的另一个特征性组织学发现。,皮肤厚化是<unk>病病变的另一个特征的组织学发现.,1,1,"['▁', '表', '皮', '增', '厚', '是', '牛', '皮', '癣', '病', '变', '的', '另一个', '特征', '性', '组织', '学', '发现', '<unk>', '<pad>']"
964,Filipino,spk_0513,"You were looking squeamish this afternoon, he began.",他说着，你今天下午看起来很邋遢。,"他开始说,今天下午你看起来很<unk>.",1,1,"['▁他说', '着', ',', '你', '今天', '下午', '看起来', '很', '<unk>', '<pad>']"
971,Filipino,spk_0466,"Roll the dice, please.",请掷骰子。,"投<unk>子,请.",1,1,"['▁请', '掷', '骰', '子', '<unk>', '<pad>']"
989,Filipino,spk_0466,"It was such a thrill, her veins were pumped full of adrenaline.",这是如此的刺激，以至于她的血管里充满了肾上腺素。,"这太令人兴奋了,她的静脉充满了<unk>上腺素.",1,1,"['▁这是', '如此', '的', '刺激', ',', '以', '至', '于', '她的', '血', '管', '里', '充满', '了', '肾', '上', '腺', '素', '<unk>', '<pad>']"
1000,Filipino,spk_1568,His name is Barry Baldwin.,他的名字叫 Barry Baldwin。,他的名字是巴里·<unk>德温.,1,1,"['▁他的', '名字', '叫', '▁Barry', '▁Baldwin', '<unk>']"
1006,Filipino,spk_1354,But that was simply because my eye was tired.,但那只是因为我的眼睛累了。,但这仅仅是因为我的眼睛疲<unk>了.,1,1,"['▁但', '那', '只是', '因为', '我的', '眼睛', '累', '了', '<unk>', '<pad>']"
1014,Filipino,spk_0059,Corning hosts Lazy Days of Summer on the last weekend in July.,Corning 在七月的最后一个周末举办慵懒夏日活动。,"科宁在七月的最后一个周末举办了""夏天的<unk>惰日子"".",1,2,"['▁Cor', 'ning', '▁在', '七', '月的', '最后', '一个', '周', '末', '举办', '<unk>', '懒', '夏', '日', '活动', '<unk>']"
1018,Filipino,spk_0818,"There was also a sequel, ""Pet Sematary Two"".",还有一部续集《宠物信号2》。,"还有一个续集, ""<unk>物墓地二"".",1,2,"['▁还', '有一', '部', '续', '集', '<unk>', '宠', '物', '信号', '2', '<unk>', '<pad>']"
1024,Filipino,spk_1497,The name comes from the prickles on the female cones.,这个名字来自雌球果上的刺毛。,这个名字来自雌性<unk>上的刺.,1,1,"['▁这个', '名字', '来自', '雌', '球', '果', '上的', '刺', '毛', '<unk>']"
1043,Filipino,spk_1170,Rugby School was the birthplace of Rugby football.,橄榄球学校是橄榄球的发源地。,橄<unk>球学校是橄<unk>球的发源地.,2,1,"['▁', '橄', '榄', '球', '学校', '是', '橄', '榄', '球', '的', '发', '源', '地', '<unk>']"
1052,Filipino,spk_0639,"The overhand knot, for example, is also known as the thumb knot.",例如，上弦结也被称为拇指结。,"例如,手上的结也被称为<unk>指结.",1,1,"['▁例如', ',', '上', '弦', '结', '也', '被称为', '拇', '指', '结', '<unk>', '<pad>']"
1056,Filipino,spk_1354,My mind ran on the possibilities of its content.,我在思考它内容的可能性。,我的脑海<unk>着它的内容的可能性.,1,1,"['▁我在', '思考', '它', '内容', '的', '可能性', '<unk>', '<pad>']"
1073,Filipino,spk_1030,"The title of the monarch of Iseyin is ""The Aseyin of Iseyin"".",伊赛因君主的头衔是“伊赛因的埃赛因”。,"伊塞因君主的头<unk>是""伊塞因的阿塞因"".",1,2,"['▁伊', '赛', '因', '君', '主', '的', '头', '衔', '是', '<unk>', '伊', '赛', '因', '的', '埃', '赛', '因', '<unk>']"
1075,Filipino,spk_1384,A mother and son walk together while the son carries a flag.,母亲和儿子走在一起，儿子拿着一面旗子。,"一个母亲和儿子一起走路,而儿子则携带着旗<unk>.",1,1,"['▁', '母亲', '和', '儿子', '走', '在一起', ',', '儿子', '拿', '着', '一', '面', '旗', '子', '<unk>', '<pad>']"
1079,Filipino,spk_1303,"Half an hour later, his shovel hit something solid.",半小时后，他的铲子碰到了一个固体。,"半个小时后,他的<unk>撞到了什么东西.",1,1,"['▁半', '小时', '后', ',', '他的', '铲', '子', '碰', '到了', '一个', '固', '体', '<unk>', '<pad>']"
1091,Filipino,spk_1568,Please don't be lazy.,请不要偷懒。,请不要<unk>惰.,1,1,"['▁请', '不要', '偷', '懒', '<unk>', '<pad>']"
1098,Filipino,spk_0150,"Hamilton quaternions can be used to replace many matrices, but not to represent view frustums.",四元数可用来替换很多矩阵，但不能表示截头椎体视图。,"哈密尔顿四元可以用来取代许多矩阵,但不能用来表示视图<unk>点.",1,1,"['▁四', '元', '数', '可', '用来', '替', '换', '很多', '矩', '阵', ',', '但', '不能', '表示', '截', '头', '椎', '体', '视', '图', '<unk>', '<pad>']"
1102,Filipino,spk_1280,He remembered something his grandfather had once told him: that butterflies were a good omen.,他记得祖父曾经告诉过他的一些事：蝴蝶是一个好兆头。,他记得祖父曾经告诉他的一个事情:<unk>蝶是个好兆头.,1,1,"['▁他', '记', '得', '祖', '父', '曾经', '告诉', '过', '他', '的一些', '事', ':', '蝴', '蝶', '是一个', '好', '兆', '头', '<unk>', '<pad>']"
1107,Filipino,spk_0555,"These settlers grew peas, beans, sugar cane, and tomatoes.",这些定居者种植豌豆、豆子、甘蔗和西红柿。,"这些定居者种植豆类,豆类,甘<unk>和西红<unk>.",2,3,"['▁这些', '定居', '者', '种', '植', '豌', '豆', '<unk>', '豆', '子', '<unk>', '甘', '蔗', '和', '西', '红', '柿', '<unk>']"
1114,Filipino,spk_1561,"According to various king-lists, Giric was slain at Dundurn.",根据各种国王名单显示，吉里克是在邓登被杀的。,"根据各种国王名单,吉里克在<unk>德恩被杀.",1,1,"['▁根据', '各种', '国王', '名单', '显示', ',', '吉', '里', '克', '是在', '邓', '登', '被', '杀', '的', '<unk>']"
1117,Filipino,spk_1287,"Crab flourish in Dungeness Bay, and crabbing is a popular local pastime.",螃蟹在邓杰内斯湾繁衍生息，当地盛行捕蟹这种消遣方式。,"<unk>鱼在<unk>尼斯湾<unk>勃发展, <unk>鱼是当地一个受欢迎的消遣.",4,1,"['▁', '螃', '蟹', '在', '邓', '杰', '内', '斯', '湾', '繁', '衍', '生', '息', ',', '当地', '盛', '行', '捕', '蟹', '这种', '消', '遣', '方式', '<unk>']"
1130,Filipino,spk_0375,"The cornices of the room were mostly intact, but showed signs of damage from damp.",房间的檐口大部分完好无损，但有潮湿损坏的迹象。,"房间的<unk>窗大多是完整的, 但显示湿度损坏的迹象.",1,1,"['▁', '房间', '的', '檐', '口', '大部分', '完', '好', '无', '损', ',', '但', '有', '潮', '湿', '损', '坏', '的', '迹', '象', '<unk>', '<pad>']"
1147,Filipino,spk_1255,"It's ok, don't hold back!.",没关系，别犹豫！。,"没关系,不要<unk>住它.",1,1,"['▁', '没', '关系', ',', '别', '犹', '豫', '!', '<unk>', '<pad>']"
1154,Filipino,spk_0900,You weren't kidding about the bait part.,你不是在拿诱饵那件事开玩笑吧。,你没有开玩笑说诱<unk>.,1,1,"['▁你', '不是', '在', '拿', '诱', '饵', '那', '件事', '开', '玩', '笑', '吧', '<unk>', '<pad>']"
1177,Filipino,spk_0852,A chink in the wall allowed a draft to blow.,墙上的一个裂缝让风吹了进来。,墙上的一个<unk>隙让一个气流吹过来.,1,1,"['▁', '墙', '上的', '一个', '裂', '缝', '让', '风', '吹', '了', '进', '来', '<unk>', '<pad>']"
1180,Filipino,spk_0464,"The plant's large underground tuber distinguishes it from other ""Apios"" species.",该植物的大型地下块茎将其与其他“ Apios”物种区分开来。,"这种植物的大型地下<unk>茎使其与其他""Apios""物种区分开来.",1,3,"['▁该', '植物', '的大', '型', '地下', '块', '茎', '将其', '与其他', '<unk>', '▁A', 'pios', '<unk>', '物', '种', '区', '分', '开', '来', '<unk>']"
1181,Filipino,spk_1497,This version of adamantium is not unbreakable.,这个版本的艾德曼合金不是牢不可破的。,这种版本的<unk>不是不可破的.,1,1,"['▁这个', '版本', '的', '艾', '德', '曼', '合', '金', '不是', '牢', '不可', '破', '的', '<unk>']"
1193,Filipino,spk_1002,The two halves were joined together by a narrow tendril in Waller County.,沃勒县的一条狭窄的卷须将两半连接在一起。,这两个半部分在沃勒县通过一个狭窄的<unk>连接在一起.,1,1,"['▁沃', '勒', '县', '的一', '条', '狭', '窄', '的', '卷', '须', '将', '两', '半', '连接', '在一起', '<unk>']"
1203,Hong Kong English,spk_0910,Do you ever doodle things on a piece of paper when you're bored?,你无聊的时候会在纸上涂鸦吗？,你有没有在无聊的时候在纸上<unk>点东西?,1,0,"['▁你', '无', '聊', '的时候', '会在', '纸', '上', '涂', '鸦', '吗', '?', '<pad>']"
1207,Hong Kong English,spk_1043,Consider a tungsten light-bulb filament.,考虑钨丝灯泡灯丝。,考虑一个<unk>光球丝.,1,2,"['▁', '考虑', '<unk>', '丝', '灯', '泡', '灯', '丝', '<unk>', '<pad>']"
1210,Hong Kong English,spk_1314,"Gossips are frogs, they drink and talk.","饶舌者是青蛙,边喝水边交谈。",谣言是青<unk>他们喝和说话,1,1,"['▁', '饶', '舌', '者', '是', '青', '蛙', ',', '边', '喝', '水', '边', '交', '谈', '<unk>', '<pad>']"
1230,Hong Kong English,spk_1043,To be the cock in the basket to be cock of the company.,做篮子里的公鸡，做公司里的老大。,成为篮子中的<unk>子成为公司的<unk>子,2,1,"['▁做', '篮', '子', '里的', '公', '鸡', ',', '做', '公司', '里的', '老', '大', '<unk>', '<pad>']"
1250,Hong Kong English,spk_1043,The streets are narrow and full of sharp turns.,这些街道很狭窄，而且到处都是急转弯。,"街道狭窄,有很多<unk>的<unk>道.",2,1,"['▁这些', '街', '道', '很', '狭', '窄', ',', '而且', '到', '处', '都是', '急', '转', '弯', '<unk>', '<pad>']"
1252,Hong Kong English,spk_1043,The cleat sank deeply into the soft turf.,桩子深深地沉入软草地里。,草<unk>沉入了柔软的草地.,1,1,"['▁', '桩', '子', '深', '深', '地', '沉', '入', '软', '草', '地', '里', '<unk>', '<pad>']"
1262,Hong Kong English,spk_0968,Why is pinball so addictive?,为什么弹球游戏如此容易上瘾?,<unk>球为什么会让人上<unk>?,2,0,"['▁为什么', '弹', '球', '游戏', '如此', '容易', '上', '瘾', '?', '<pad>']"
1264,Hong Kong English,spk_1314,My shampoo is made from coconut and sweet almond.,我的洗发水由椰子和甜杏仁制成。,我的洗发水是用<unk>子和甜杏仁制成的,1,1,"['▁我的', '洗', '发', '水', '由', '椰', '子', '和', '甜', '杏', '仁', '制', '成', '<unk>']"
1265,Hong Kong English,spk_1218,"Hey, what do you say?",嘿，你说呢？,"<unk>,你怎么说?",1,0,"['▁', '嘿', ',', '你', '说', '呢', '?', '<pad>']"
1285,Hong Kong English,spk_1314,Little fluffy clouds that seemed to have come straight from a child’s painting.,似乎直接来自儿童绘画的蓬松的小云朵。,似乎是从孩子画中直接出来的小毛<unk>的云.,1,1,"['▁', '似乎', '直接', '来自', '儿童', '绘', '画', '的', '蓬', '松', '的小', '云', '朵', '<unk>']"
1298,Hong Kong English,spk_0399,Best to bend it while it's a twig.,当它还是一根小树枝的时候，最好把它弄弯。,最好在树枝还长的时候<unk>曲.,1,1,"['▁当', '它', '还', '是一', '根', '小', '树', '枝', '的时候', ',', '最好', '把它', '弄', '弯', '<unk>', '<pad>']"
1303,Hong Kong English,spk_1310,"When I first started using Dragon, I was bummed to be restricted to Windows.",当我第一次开始使用 Dragon 时，令我不快的是，只能在 Windows 范围内操作。,"当我第一次开始使用Dragon时, 我很<unk>丧,",1,1,"['▁当', '我', '第一次', '开始', '使用', '▁Dragon', '▁', '时', ',', '令', '我不', '快', '的是', ',', '只能', '在', '▁Windows', '▁', '范围内', '操作', '<unk>', '<pad>']"
1307,Hong Kong English,spk_1043,One can still see the scar where the acid was accidentally poured on my arm.,你仍然可以看到我胳膊上不小心泼酸留下的疤痕。,"一个人仍然可以看到<unk>伤, 酸被意外倒在我的手臂上.",1,1,"['▁你', '仍然', '可以', '看到', '我', '胳', '膊', '上', '不', '小', '心', '泼', '酸', '留', '下的', '疤', '痕', '<unk>']"
1309,Hong Kong English,spk_1043,It never rains but it pours.,不下则已，一下就是倾盆大雨,"它从来不下雨,但却会倒<unk>.",1,0,"['▁不', '下', '则', '已', ',', '一下', '就是', '倾', '盆', '大', '雨', '<pad>']"
1311,Hong Kong English,spk_0826,"The fox pounced across the edge of the farm, only to find a safari explorer singing an opera by Vivaldi.",狐狸冲过了农场的边缘，却发现一个狩猎探险者正在唱 Vivaldi 的歌剧。,"狐<unk>冲过农场边缘, 发现一个探险家在唱维瓦尔迪的歌剧.",1,1,"['▁', '狐', '狸', '冲', '过', '了', '农', '场', '的', '边', '缘', ',', '却', '发现', '一个', '狩', '猎', '探', '险', '者', '正在', '唱', '▁V', 'ival', 'di', '▁的', '歌', '剧', '<unk>', '<pad>']"
1329,Hong Kong English,spk_1043,The devil finds work for idle hands.,魔鬼为游手好闲的人找工作。,魔鬼为<unk>惰的人找工作.,1,1,"['▁', '魔', '鬼', '为', '游', '手', '好', '闲', '的人', '找', '工作', '<unk>']"
1331,Hong Kong English,spk_1501,She's a feisty little ferret.,她是一只活泼的小雪貂。,她是一个充满活力的小<unk>.,1,1,"['▁她', '是一', '只', '活', '泼', '的小', '雪', '貂', '<unk>', '<pad>']"
1343,Hong Kong English,spk_1314,My alarm clock doesn't have a snooze button.,我的闹钟没有延时按钮。,我的<unk>钟没有休息按<unk>.,2,1,"['▁我的', '闹', '钟', '没有', '延', '时', '按', '钮', '<unk>', '<pad>']"
1351,Hong Kong English,spk_0826,"Nora finds herself ugly, because she has pimples.",诺拉发现自己很丑，因为她长了丘疹。,"诺拉觉得自己很丑,因为她有<unk>.",1,1,"['▁', '诺', '拉', '发现', '自己', '很', '丑', ',', '因为', '她', '长', '了', '丘', '疹', '<unk>', '<pad>']"
1371,Hong Kong English,spk_0186,The magazine is the best selling guitar magazine in Europe.,这个杂志是欧洲最畅销的吉他杂志。,这本杂志是欧洲最<unk>销的吉他杂志.,1,1,"['▁这个', '杂志', '是', '欧洲', '最', '畅', '销', '的', '吉他', '杂志', '<unk>', '<pad>']"
1382,Hong Kong English,spk_1043,"If you want a sandwich, don't hesitate grabbing one.",如果你想要一个三明治，不要犹豫，抓住一个。,"如果你想要一个三明治,不要犹<unk>抓住一个.",1,1,"['▁如果你', '想要', '一个', '三', '明', '治', ',', '不要', '犹', '豫', ',', '抓', '住', '一个', '<unk>', '<pad>']"
1384,Hong Kong English,spk_1043,Every cock crows loud on his own dunghill.,夜郎自大,每个<unk>在自己的垃圾堆上大声<unk>.,2,0,"['▁夜', '郎', '自', '大']"
1388,Hong Kong English,spk_1314,"I like the avenger of the new episode, he really is a badass.",我喜欢新一集的复仇者，他真是个坏蛋。,"我喜欢新集的复仇者,他真的很<unk>.",1,1,"['▁我', '喜欢', '新', '一', '集', '的', '复', '仇', '者', ',', '他', '真是', '个', '坏', '蛋', '<unk>']"
1411,Hong Kong English,spk_0143,"The falcon's beak carries bits of me, myself, the desert said.",沙漠说：“猎鹰的喙带走了我的一部分。”,"""<unk>的嘴里有我自己的一些东西"",沙漠说.",1,2,"['▁沙', '漠', '说', ':', '<unk>', '猎', '鹰', '的', '喙', '带', '走', '了我', '的一部分', '<unk>']"
1415,Hong Kong English,spk_1310,"If you want to send me private feedback, please fill out the following form.",如果你想给我私人反馈，请填写以下表格。,"如果您想给我私人反<unk>,请填写以下表格.",1,1,"['▁如果你', '想', '给我', '私人', '反', '馈', ',', '请', '填', '写', '以下', '表', '格', '<unk>']"
1420,Hong Kong English,spk_1310,Absolutely despicable that gingerbread men are forced to live in houses made of their own flesh.,姜饼人被迫住在自己身体搭建的房子里，真是卑鄙行为。,"绝对可憎的是, <unk>饼男人被迫生活在用自己的肉制成的房子里.",1,1,"['▁', '姜', '饼', '人', '被', '迫', '住在', '自己', '身体', '搭', '建', '的', '房子', '里', ',', '真是', '卑', '鄙', '行为', '<unk>']"
1439,Hong Kong English,spk_1314,She flaps her cape as she parades the street.,她在街上游行时拍了拍她的披风。,她在街上游行时挥舞着她的斗<unk>.,1,1,"['▁她在', '街', '上', '游', '行', '时', '拍', '了', '拍', '她的', '披', '风', '<unk>', '<pad>']"
1466,Hong Kong English,spk_1218,Can I at least keep the onion soup?,我能至少留着洋葱汤吧？,至少我可以留着洋<unk>吗?,1,0,"['▁我', '能', '至少', '留', '着', '洋', '葱', '汤', '吧', '?']"
1485,Hong Kong English,spk_0294,"Glass eel is on the menu today, but it's too expensive.",今天有玻璃鳗鱼，但价格太昂贵了。,"玻璃<unk>鱼在今天的菜单上, 但它太贵了.",1,1,"['▁今天', '有', '玻璃', '鳗', '鱼', ',', '但', '价格', '太', '昂', '贵', '了', '<unk>', '<pad>']"
1490,Hong Kong English,spk_1043,You can't make a silk purse out of a sow's ear.,劣材难成器。,你不能用猪的耳朵做丝<unk>钱包.,1,1,"['▁', '劣', '材', '难', '成', '器', '<unk>', '<pad>']"
1499,Hong Kong English,spk_1310,Tell her I elected her and I can have her impeached!,告诉她是我选了她，所以我也可以弹劾她！,"告诉她我选了她,我可以让她被弹<unk>!",1,0,"['▁', '告诉', '她', '是我', '选', '了', '她', ',', '所以', '我', '也可以', '弹', '劾', '她', '!', '<pad>']"
1501,Hong Kong English,spk_1314,We know that Mark does not like spicy food.,我们知道 Mark 不喜欢吃辛辣的食物。,我们知道马克不喜欢辛<unk>的食物.,1,1,"['▁我们', '知道', '▁Mark', '▁不', '喜欢', '吃', '辛', '辣', '的', '食物', '<unk>', '<pad>']"
1507,Hong Kong English,spk_0028,"His nickname, ""Chocolate Thunder"", was bestowed upon him by Stevie Wonder.",Stevie Wonder将绰号“巧克力雷霆”授予了他。,"他的<unk>称""巧克力雷<unk>""是由斯蒂维·旺德授予他的.",2,3,"['▁Ste', 'vie', '▁Wonder', '将', '绰', '号', '<unk>', '巧', '克', '力', '雷', '霆', '<unk>', '授予', '了他', '<unk>']"
1546,Hong Kong English,spk_0443,The students colored with their crayons.,学生们用蜡笔涂颜色。,学生们用<unk>笔着色.,1,1,"['▁', '学生', '们', '用', '蜡', '笔', '涂', '颜色', '<unk>', '<pad>']"
1550,Hong Kong English,spk_1043,"When interfering, two waves can be added together to create a wave of greater amplitude than either one.",干扰是，两条波长可以叠加在一起，产生一条振幅大于任何一条的波长。,"在干扰时,可以将两个波<unk>在一起,产生一个比任何一个波<unk>更大的波幅.",2,1,"['▁', '干', '扰', '是', ',', '两', '条', '波', '长', '可以', '叠', '加', '在一起', ',', '产生', '一', '条', '振', '幅', '大', '于', '任何', '一', '条', '的', '波', '长', '<unk>']"
1554,Hong Kong English,spk_1218,I bet you forgot the wine!,我打赌你忘了酒！,我敢打<unk>你忘了葡萄酒!,1,0,"['▁我', '打', '赌', '你', '忘', '了', '酒', '!']"
1563,Hong Kong English,spk_0330,Would anyone care for some lavender custard?,有人要薰衣草奶油冻吗？,有没有人想要一些<unk>衣草奶油?,1,0,"['▁有人', '要', '薰', '衣', '草', '奶', '油', '冻', '吗', '?']"
1566,Hong Kong English,spk_0505,A group of men play xylophones in a concert space filled with percussion instruments.,一群人在充满打击乐器的音乐会场地演奏木琴。,一群男人在一个充满打击乐器的音乐厅里演奏<unk>琴.,1,1,"['▁一', '群', '人在', '充满', '打击', '乐', '器', '的', '音乐', '会', '场', '地', '演奏', '木', '琴', '<unk>']"
1588,Hong Kong English,spk_0862,She's a feisty little ferret.,她是一只活泼的小雪貂。,她是一个充满活力的小<unk>.,1,1,"['▁她', '是一', '只', '活', '泼', '的小', '雪', '貂', '<unk>', '<pad>']"
1589,Hong Kong English,spk_0143,It was better than the scent of the hookahs.,这比水烟的味道还好。,这比水<unk>的气味更好.,1,1,"['▁这', '比', '水', '烟', '的', '味道', '还', '好', '<unk>', '<pad>']"
1603,Hong Kong English,spk_1398,"The grim reaper is waiting for you, reckless driver!",死神在等你，鲁莽的司机！,"悲惨的收割者正在等待你,鲁<unk>的司机!",1,0,"['▁死', '神', '在', '等', '你', ',', '鲁', '莽', '的', '司', '机', '!']"
1612,Hong Kong English,spk_1398,"After playing tennis in virtual reality, he felt dizzy.",打完虚拟现实网球后，他感到头晕。,"在虚拟现实中打网球后,他感到头<unk>.",1,1,"['▁打', '完', '虚拟', '现实', '网', '球', '后', ',', '他', '感到', '头', '晕', '<unk>', '<pad>']"
1616,Hong Kong English,spk_1043,The curtain rose and the show was on.,幕布升起，演出开始了。,"幕<unk>抬起,演出开始了.",1,1,"['▁', '幕', '布', '升', '起', ',', '演出', '开始', '了', '<unk>']"
1619,Hong Kong English,spk_1314,Tea in thin china has a sweet taste.,薄瓷器里的茶有一股甜味。,薄<unk>的茶有甜的味道.,1,1,"['▁', '薄', '瓷', '器', '里的', '茶', '有一', '股', '甜', '味', '<unk>', '<pad>']"
1622,Hong Kong English,spk_1043,Drive the screw straight into the wood.,把螺丝直接拧进木头里。,把螺丝直接<unk>进木头里.,1,1,"['▁把', '螺', '丝', '直接', '拧', '进', '木', '头', '里', '<unk>']"
1670,Hong Kong English,spk_1310,"He mashed in the controller buttons, hoping for some extra speed.",他猛地按了一下控制器的按钮，希望能加快速度。,"他<unk>在控制器的按<unk>上, 希望能增加速度.",2,1,"['▁他', '猛', '地', '按', '了一', '下', '控制', '器', '的', '按', '钮', ',', '希望', '能', '加', '快速', '度', '<unk>']"
1674,Hong Kong English,spk_0294,My laptop has crashed.,我的笔记本电脑死机了。,我的笔记本电脑已经崩<unk>.,1,1,"['▁我的', '笔', '记', '本', '电脑', '死', '机', '了', '<unk>', '<pad>']"
1679,Hong Kong English,spk_0028,Its headquarters are in Vatican City.,其总部位于梵蒂冈。,它的总部位于<unk>蒂冈市.,1,1,"['▁其', '总部位于', '梵', '蒂', '冈', '<unk>']"
1687,Hong Kong English,spk_1232,I was hoping you might know a thing or two about my surly shadow?,我希望你能对我那粗暴的样子略知一二？,我希望你可能知道一两件事关于我的<unk>气的影子.,1,0,"['▁我希望', '你', '能', '对我', '那', '粗', '暴', '的', '样', '子', '略', '知', '一', '二', '?', '<pad>']"
1688,Hong Kong English,spk_0968,The boy was cuddling with his fluffy teddy bear.,那男孩抱着毛茸茸的泰迪熊。,这个男孩正在拥抱他的毛<unk>的泰迪熊.,1,1,"['▁那', '男孩', '抱', '着', '毛', '茸', '茸', '的', '泰', '迪', '熊', '<unk>']"
1696,Hong Kong English,spk_1043,Yell and clap as the curtain slides back.,幕布落下时，大家又大喊又鼓掌。,"窗<unk>落后时,大喊大鼓.",1,1,"['▁', '幕', '布', '落', '下', '时', ',', '大家', '又', '大', '喊', '又', '鼓', '掌', '<unk>', '<pad>']"
1702,Hong Kong English,spk_0294,You will need some rubber boots.,你需要一些橡胶靴。,你需要一些<unk>靴.,1,1,"['▁你', '需要', '一些', '橡', '胶', '靴', '<unk>', '<pad>']"
1705,Hong Kong English,spk_1314,"Tiffany told us, the bench is made of beech wood.",Tiffany 告诉我们，长凳是由榉木制成的。,"Tiffany告诉我们,这张长凳是用<unk>木制成的.",1,2,"['▁Tiffany', '▁', '告诉', '我们', ',', '长', '凳', '是由', '<unk>', '木', '制', '成', '的', '<unk>']"
1720,Hong Kong English,spk_1232,"Take shelter in this tent, but keep still.",躲在帐篷里，但要保持不动。,"在这个帐<unk>里避难,但保持安静.",1,1,"['▁', '躲', '在', '帐', '篷', '里', ',', '但', '要', '保持', '不', '动', '<unk>', '<pad>']"
1721,Hong Kong English,spk_1043,The thaw came early and freed the stream.,冰雪消融来早了，溪水又了活过来。,"冰<unk>早点来,使溪流自由起来.",1,1,"['▁', '冰', '雪', '消', '融', '来', '早', '了', ',', '溪', '水', '又', '了', '活', '过', '来', '<unk>', '<pad>']"
1730,Hong Kong English,spk_0294,My roommate’s boyfriend is taking up two shelves of fridge space with his beer.,我室友的男朋友的啤酒占据了冰箱的两格空间。,我室友的男朋友用他的<unk>酒占据了冰箱的两个架子.,1,1,"['▁我', '室', '友', '的', '男', '朋友', '的', '啤', '酒', '占', '据', '了', '冰', '箱', '的', '两', '格', '空间', '<unk>', '<pad>']"
1738,Hong Kong English,spk_0485,"Jeez, you look stoned!",天哪，你看起来醉了！,"天哪,你看起来很<unk>!",1,0,"['▁天', '哪', ',', '你', '看起来', '醉', '了', '!']"
1763,Hong Kong English,spk_0823,"Due to his recurring hip injuries, however, Bush voluntarily left spring training and retired.",然而，由于臀部反复受伤，Bush 自愿退出了春季训练并退役。,"然而,由于<unk>部受伤,布什自愿离开了春季训练,并退休.",1,1,"['▁然而', ',', '由于', '臀', '部', '反', '复', '受伤', ',', 'B', 'ush', '▁自', '愿', '退', '出了', '春', '季', '训练', '并', '退役', '<unk>', '<pad>']"
1767,Hong Kong English,spk_1501,You will need some rubber boots.,你需要一些橡胶靴。,你需要一些<unk>靴.,1,1,"['▁你', '需要', '一些', '橡', '胶', '靴', '<unk>', '<pad>']"
1769,Hong Kong English,spk_1310,It can be overwhelming to learn how to put all the pieces together.,学习如何把所有的部分组合在一起是一件非常困难的事情。,学习如何将所有碎片组合在一起可能是令人<unk>丧的.,1,1,"['▁', '学习', '如何', '把', '所有的', '部分', '组合', '在一起', '是一', '件', '非常', '困难', '的事情', '<unk>']"
1777,Hong Kong English,spk_1218,The concrete was covered in moss.,混凝土被苔藓覆盖着。,混凝土被<unk>覆盖了.,1,1,"['▁', '混', '凝', '土', '被', '苔', '藓', '覆盖', '着', '<unk>']"
1795,Hong Kong English,spk_1043,Don't count your chickens before they hatch.,别太早下定论。,在<unk>化之前不要计数你的<unk>.,2,1,"['▁', '别', '太', '早', '下', '定', '论', '<unk>']"
1804,"India and South Asia (India, Pakistan, Sri Lanka)",spk_1328,He carried two dead hawks over his shoulder.,他肩上扛着两只死鹰。,他把两个死<unk>抬过他的肩膀.,1,1,"['▁他', '肩', '上', '扛', '着', '两', '只', '死', '鹰', '<unk>']"
1811,"India and South Asia (India, Pakistan, Sri Lanka)",spk_0993,Fresh as a daisy.,像雏菊一样新鲜。,像一朵<unk>花一样新鲜.,1,1,"['▁像', '雏', '菊', '一样', '新', '鲜', '<unk>', '<pad>']"
1812,"India and South Asia (India, Pakistan, Sri Lanka)",spk_0177,"Without haste, yet without rest unhasting, yet unresting.",不慌不忙，不思休息，并不不劳而获。,"没有<unk>忙,但没有休息不<unk>忙,但不休息.",2,1,"['▁不', '慌', '不', '忙', ',', '不', '思', '休息', ',', '并不', '不', '劳', '而', '获', '<unk>', '<pad>']"
1817,"India and South Asia (India, Pakistan, Sri Lanka)",spk_0531,"Gamble played cornerback, wide receiver, and all phases of special teams at Ohio State.",Gamble 在俄亥俄州做过边后卫、接球手，并在特种队里进行过所有等级的训练。,"甘布尔在俄<unk>俄州立大学打过角后卫,宽接收手和所有阶段的特别球队.",1,2,"['▁Gamb', 'le', '▁在', '俄', '亥', '俄', '州', '做', '过', '边', '后', '卫', '<unk>', '接', '球', '手', ',', '并在', '特', '种', '队', '里', '进行', '过', '所有', '等', '级', '的', '训练', '<unk>']"
1823,"India and South Asia (India, Pakistan, Sri Lanka)",spk_0831,And they attacked an empty tent.,他们袭击了一顶空帐篷。,他们袭击了一个空的帐<unk>.,1,1,"['▁他们', '袭击', '了一', '顶', '空', '帐', '篷', '<unk>']"
1841,"India and South Asia (India, Pakistan, Sri Lanka)",spk_1556,The temples and sculptures were all brightly painted.,寺庙和雕塑都漆得很亮。,寺<unk>和雕塑都是鲜<unk>的画.,2,1,"['▁', '寺', '庙', '和', '雕', '塑', '都', '漆', '得', '很', '亮', '<unk>']"
1853,"India and South Asia (India, Pakistan, Sri Lanka)",spk_1277,"It may be done by coup, impeachment, invasion, or forced abdication.",它的实现途径是：政变、弹劾、入侵或强迫退位。,"这可以通过政变,弹<unk>,入侵或强迫辞职来完成.",1,3,"['▁它的', '实现', '途', '径', '是', ':', '政', '变', '<unk>', '弹', '劾', '<unk>', '入', '侵', '或', '强', '迫', '退', '位', '<unk>']"
1863,"India and South Asia (India, Pakistan, Sri Lanka)",spk_0256,"The diver forced open the oyster, revealing a shimmering pearl.",潜水员强行打开牡蛎，露出一颗闪闪发光的珍珠。,"这位潜水员强行打开了<unk>,发现了一颗闪闪发光的珍珠.",1,1,"['▁', '潜', '水', '员', '强', '行', '打开', '牡', '蛎', ',', '露', '出', '一', '颗', '闪', '闪', '发', '光', '的', '珍', '珠', '<unk>']"
1867,"India and South Asia (India, Pakistan, Sri Lanka)",spk_1472,This isn't a doss house.,这不是一间廉价客栈。,这不是一个<unk>房.,1,1,"['▁这', '不', '是一', '间', '廉', '价', '客', '栈', '<unk>', '<pad>']"
1890,"India and South Asia (India, Pakistan, Sri Lanka)",spk_0683,"The thief wasn't there, and the owner brought him a cup of tea.",小偷不在，主人给他端来一杯茶。,"盗<unk>不在那里,老板给他带来了一杯茶.",1,1,"['▁小', '偷', '不在', ',', '主人', '给', '他', '端', '来', '一', '杯', '茶', '<unk>', '<pad>']"
1898,"India and South Asia (India, Pakistan, Sri Lanka)",spk_0898,"The thief wasn't there, and the owner brought him a cup of tea.",小偷不在，主人给他端来一杯茶。,"盗<unk>不在那里,老板给他带来了一杯茶.",1,1,"['▁小', '偷', '不在', ',', '主人', '给', '他', '端', '来', '一', '杯', '茶', '<unk>', '<pad>']"
1899,"India and South Asia (India, Pakistan, Sri Lanka)",spk_0401,Everyone has heard of the chicken and egg problem.,每个人都听说过鸡和蛋的问题。,每个人都听说过<unk>和<unk>蛋的问题.,2,1,"['▁每', '个人', '都', '听', '说', '过', '鸡', '和', '蛋', '的问题', '<unk>', '<pad>']"
1901,"India and South Asia (India, Pakistan, Sri Lanka)",spk_0613,"Jeffery really pulled a boner, but in the end everyone could laugh about it.",Jeffery 真的犯了大错，但最终每个人都笑了。,"杰弗里真的<unk>了, 但最终每个人都可以笑.",1,1,"['▁Jeff', 'ery', '▁真的', '犯', '了', '大', '错', ',', '但', '最终', '每个人', '都', '笑', '了', '<unk>', '<pad>']"
1911,"India and South Asia (India, Pakistan, Sri Lanka)",spk_1140,She had her cardigan on.,她穿上了羊毛衫。,她穿着她的<unk>衣.,1,1,"['▁她', '穿', '上了', '羊', '毛', '衫', '<unk>', '<pad>']"
1928,"India and South Asia (India, Pakistan, Sri Lanka)",spk_0585,It is characterized by intense subjectivity and rough handling of materials.,它的特点是强烈的主观性和对材料的粗暴处理。,它的特点是强烈的主观性和粗<unk>的材料处理.,1,1,"['▁它', '的特', '点', '是', '强烈', '的主', '观', '性和', '对', '材料', '的', '粗', '暴', '处理', '<unk>', '<pad>']"
1941,"India and South Asia (India, Pakistan, Sri Lanka)",spk_1214,"According to the recipe, we need mild mustard.",根据菜谱，我们需要淡芥末。,"根据食谱,我们需要温和的<unk>子.",1,1,"['▁根据', '菜', '谱', ',', '我们', '需要', '淡', '芥', '末', '<unk>']"
1950,"India and South Asia (India, Pakistan, Sri Lanka)",spk_1169,"Oh, I beg your pardon!",哦，麻烦再说一遍！,"<unk>,我求你原谅!",1,0,"['▁', '哦', ',', '麻', '烦', '再', '说', '一', '遍', '!']"
1955,"India and South Asia (India, Pakistan, Sri Lanka)",spk_0184,Capsella rubella is studied as a model for understanding the evolution of self-fertilization.,拟南芥近缘种被研究为了解自花受精进化的模型。,"""<unk>""作为理解自我受精进化的模型被研究.",1,1,"['▁', '拟', '南', '芥', '近', '缘', '种', '被', '研究', '为', '了解', '自', '花', '受', '精', '进', '化的', '模型', '<unk>', '<pad>']"
1956,"India and South Asia (India, Pakistan, Sri Lanka)",spk_0165,You've got the brain of a pancake.,你脑子进水了。,你脑子像<unk>饼一样大.,1,1,"['▁你', '脑', '子', '进', '水', '了', '<unk>', '<pad>']"
1963,"India and South Asia (India, Pakistan, Sri Lanka)",spk_1215,The swimming pool was full of chlorine.,游泳池里全是氯。,游泳池里充满了<unk>.,1,1,"['▁', '游泳', '池', '里', '全', '是', '氯', '<unk>']"
1972,"India and South Asia (India, Pakistan, Sri Lanka)",spk_0236,Please bring soap.,请带上香皂。,请带上肥<unk>.,1,1,"['▁请', '带', '上', '香', '皂', '<unk>']"
1986,"India and South Asia (India, Pakistan, Sri Lanka)",spk_0166,"He kept driving at full speed, totally unfazed by the flap, flap, flap of the burst tyre.",他一直全速行驶，完全没有被爆胎的拍打声吓到。,"他继续以全速行驶, 完全不受破裂轮胎的<unk>,<unk>,<unk>的影响.",3,1,"['▁他', '一直', '全', '速', '行', '驶', ',', '完全', '没有', '被', '爆', '胎', '的', '拍', '打', '声', '吓', '到', '<unk>', '<pad>']"
1994,"India and South Asia (India, Pakistan, Sri Lanka)",spk_1010,There was a murmur from the crowd.,人群中发出一阵嗡嗡声。,听到人群中的<unk>声.,1,1,"['▁人', '群', '中', '发出', '一', '阵', '嗡', '嗡', '声', '<unk>']"
2003,"India and South Asia (India, Pakistan, Sri Lanka)",spk_1112,A stone flounder is the textbook definition of effective camouflage.,石质比目鱼教科书般定义了何为有效伪装。,石<unk>是教科书中有效的伪装的定义.,1,1,"['▁石', '质', '比', '目', '鱼', '教科', '书', '般', '定义', '了', '何', '为', '有效', '伪', '装', '<unk>']"
2004,"India and South Asia (India, Pakistan, Sri Lanka)",spk_1313,A steak-and-kidney pie.,牛排腰子馅饼。,一块牛排和<unk>蛋糕.,1,1,"['▁牛', '排', '腰', '子', '馅', '饼', '<unk>', '<pad>']"
2007,"India and South Asia (India, Pakistan, Sri Lanka)",spk_0242,"Wrenn was a Fellow of Pembroke College, Oxford.",Wrenn是牛津大学彭布罗克学院的院士。,伦恩是牛津<unk>布罗克学院的研究员.,1,1,"['▁Wr', 'enn', '是', '牛', '津', '大学', '彭', '布', '罗', '克', '学院', '的', '院', '士', '<unk>', '<pad>']"
2014,"India and South Asia (India, Pakistan, Sri Lanka)",spk_0813,"Hey, stop staring at my decollete!",嘿，别盯着我的头发 ！,"<unk>,停止<unk>着我的<unk>部!",3,0,"['▁', '嘿', ',', '别', '盯', '着', '我的', '头', '发', '▁!']"
2027,"India and South Asia (India, Pakistan, Sri Lanka)",spk_1024,"After twelve hours of rowing, Darius climbed out of the canoe, and lied down on the beach to nap.",Darius 划了十二个小时后，爬出独木舟，躺在沙滩上打盹。,"经过12个小时的划船,达利乌斯从独木舟上爬出来,躺在海<unk>上睡觉.",1,1,"['▁Dari', 'us', '▁', '划', '了', '十二', '个', '小时', '后', ',', '爬', '出', '独', '木', '舟', ',', '躺', '在', '沙', '滩', '上', '打', '盹', '<unk>']"
2039,"India and South Asia (India, Pakistan, Sri Lanka)",spk_1395,You should've learned that thumbnails with women wearing plunging necklines are just click bait.,你应该已经了解到，那些有着穿低胸领口女人的小图片只是标题党。,"你应该知道,女人戴着深<unk>的<unk>子是点击诱<unk>.",3,1,"['▁你', '应该', '已经', '了解', '到', ',', '那些', '有着', '穿', '低', '胸', '领', '口', '女', '人的', '小', '图片', '只是', '标', '题', '党', '<unk>']"
2040,"India and South Asia (India, Pakistan, Sri Lanka)",spk_1573,The band's sound is distinctive due to the powerful vocals of singer Sonia Pineault.,乐队的声音因歌手 Sonia Pineault 的强劲嗓音而与众不同。,"乐队的声音是独特的,因为歌手索尼<unk>·皮内尔的强大声乐.",1,1,"['▁', '乐队', '的', '声音', '因', '歌手', '▁Son', 'ia', '▁P', 'inea', 'ult', '▁的', '强', '劲', '嗓', '音', '而', '与', '众', '不同', '<unk>', '<pad>']"
2051,"India and South Asia (India, Pakistan, Sri Lanka)",spk_0131,"Wow, this is a nice table!",哇，这张桌子真漂亮!,"<unk>,这是一个漂亮的桌子!",1,0,"['▁', '哇', ',', '这', '张', '桌', '子', '真', '漂亮', '!']"
2056,"India and South Asia (India, Pakistan, Sri Lanka)",spk_1142,Sunburns can be avoided by applying sunscreen or by staying in the shadows.,涂防晒霜或呆在阴凉的地方可以避免晒伤。,通过涂抹防晒<unk>或呆在阴影中可以避免晒伤.,1,1,"['▁', '涂', '防', '晒', '霜', '或', '呆', '在', '阴', '凉', '的地方', '可以', '避免', '晒', '伤', '<unk>']"
2060,"India and South Asia (India, Pakistan, Sri Lanka)",spk_1464,"To find out the exact threshold, we need to repeat this in a reproducible manner.",为了找出确切的阈值，我们需要以可重复的方式重复此过程。,"为了找出确切的<unk>值, 我们需要以可重复的方式重复.",1,2,"['▁为了', '找', '出', '确', '切', '的', '<unk>', '值', ',', '我们', '需要', '以', '可', '重复', '的方式', '重复', '此', '过程', '<unk>', '<pad>']"
2076,"India and South Asia (India, Pakistan, Sri Lanka)",spk_1400,"His hands began to tremble, and the woman sensed it.",他的手开始颤抖，女人感觉到了。,"他的手开始<unk>,女人感觉到.",1,1,"['▁他的', '手', '开始', '颤', '抖', ',', '女人', '感觉', '到了', '<unk>']"
2078,"India and South Asia (India, Pakistan, Sri Lanka)",spk_1186,"Yesterday he felt invincible, now he has a hangover.",昨天他觉得自己绝不会醉，现在他宿醉了。,"昨天他觉得自己是无敌的,现在他<unk>了.",1,1,"['▁昨', '天', '他', '觉得', '自己', '绝', '不会', '醉', ',', '现在', '他', '宿', '醉', '了', '<unk>', '<pad>']"
2080,"India and South Asia (India, Pakistan, Sri Lanka)",spk_0190,The unit is authorized to fly the appropriate streamer on its organizational flag.,该部队有权在其组织旗帜上悬挂适当的拖缆。,该单位有权在其组织旗<unk>上使用适当的流媒体.,1,1,"['▁该', '部队', '有', '权', '在其', '组织', '旗', '帜', '上', '悬', '挂', '适当的', '拖', '缆', '<unk>', '<pad>']"
2084,"India and South Asia (India, Pakistan, Sri Lanka)",spk_0942,The young kid jumped the rusty gate.,这个年轻的孩子跳过了生锈的大门。,年轻的孩子跳过了生<unk>的门.,1,1,"['▁这个', '年轻', '的', '孩子', '跳', '过', '了', '生', '锈', '的大', '门', '<unk>']"
2085,"India and South Asia (India, Pakistan, Sri Lanka)",spk_0124,It is subject to predation by beetles and possibly rodents.,它容易被甲虫和可能的啮齿动物捕食。,它受到甲虫和可能<unk>鼠的捕食.,1,1,"['▁它', '容易', '被', '甲', '虫', '和', '可能的', '啮', '齿', '动物', '捕', '食', '<unk>', '<pad>']"
2087,"India and South Asia (India, Pakistan, Sri Lanka)",spk_1464,"The grim reaper is waiting for you, reckless driver!",死神在等你，鲁莽的司机！,"悲惨的收割者正在等待你,鲁<unk>的司机!",1,0,"['▁死', '神', '在', '等', '你', ',', '鲁', '莽', '的', '司', '机', '!']"
2092,"India and South Asia (India, Pakistan, Sri Lanka)",spk_0819,"Doves sprouted, then escaped from various oversized pockets, some trailing handkerchiefs or bunting.",鸽子涌现而出，然后从各种超大的口袋力逃出来，一些嘴里叼着手帕或彩布。,"<unk>子<unk>芽,然后从各种超大的口袋里逃脱, 有些拖着手帕或<unk>.",3,1,"['▁', '鸽', '子', '涌', '现', '而', '出', ',', '然后', '从', '各种', '超', '大的', '口', '袋', '力', '逃', '出来', ',', '一些', '嘴', '里', '叼', '着', '手', '帕', '或', '彩', '布', '<unk>']"
2094,"India and South Asia (India, Pakistan, Sri Lanka)",spk_1242,The paramedics took out the defibrillator to reanimate the motorcyclist.,医护人员取出除颤器，让骑摩托车的人恢复活力。,救护人员取出了除<unk>器来复苏摩托车手.,1,1,"['▁', '医', '护', '人员', '取', '出', '除', '颤', '器', ',', '让', '骑', '摩', '托', '车', '的人', '恢复', '活', '力', '<unk>']"
2097,"India and South Asia (India, Pakistan, Sri Lanka)",spk_0479,"Believe it or not, this peanut butter is homemade.",信不信由你，这花生酱是自制的。,"相信或不相信, 这种花生<unk>是自制的.",1,1,"['▁信', '不', '信', '由', '你', ',', '这', '花', '生', '酱', '是', '自', '制', '的', '<unk>', '<pad>']"
2099,"India and South Asia (India, Pakistan, Sri Lanka)",spk_1342,"If one illuminates ""two"" parallel slits, the light from the two slits again interferes.",如果一盏灯照亮“两条”平行狭缝，从两条狭缝射出的光将再次产生干扰。,"如果照亮""两个""平行裂<unk>"",两个裂<unk>的光再次干扰.",2,3,"['▁如果', '一', '盏', '灯', '照', '亮', '<unk>', '两', '条', '<unk>', '平', '行', '狭', '缝', ',', '从', '两', '条', '狭', '缝', '射', '出的', '光', '将', '再次', '产生', '干', '扰', '<unk>', '<pad>']"
2104,"India and South Asia (India, Pakistan, Sri Lanka)",spk_1583,He rose up the ranks of the construction industry and Tianjin politics.,他在建筑行业和天津政界的地位提升。,他<unk>升到建筑业和天津政治的等级.,1,1,"['▁他在', '建筑', '行业', '和', '天', '津', '政', '界', '的', '地位', '提升', '<unk>']"
2111,"India and South Asia (India, Pakistan, Sri Lanka)",spk_0693,"He grew strawberries, so you would not like it.",他种草莓，所以你不会喜欢它的。,"他种植草<unk>,所以你不会喜欢它.",1,1,"['▁他', '种', '草', '莓', ',', '所以', '你', '不会', '喜欢', '它的', '<unk>', '<pad>']"
2118,"India and South Asia (India, Pakistan, Sri Lanka)",spk_1480,"Oh, I beg your pardon!",哦，麻烦再说一遍！,"<unk>,我求你原谅!",1,0,"['▁', '哦', ',', '麻', '烦', '再', '说', '一', '遍', '!']"
2119,"India and South Asia (India, Pakistan, Sri Lanka)",spk_0699,"He attended primary school in Waynesboro, Tennessee where his father ran a sawmill.",他在田纳西州韦恩斯伯勒上小学，他的父亲在那里经营一家锯木厂。,"他在田纳西州韦恩斯伯勒的小学上学,他的父亲在那里经营着一个<unk>厂.",1,1,"['▁他在', '田', '纳', '西州', '韦', '恩', '斯', '伯', '勒', '上', '小', '学', ',', '他的', '父亲', '在那里', '经营', '一家', '锯', '木', '厂', '<unk>']"
2137,"India and South Asia (India, Pakistan, Sri Lanka)",spk_0470,Holders of the ranks were given a smaller marshal's star since then.,从那以后，持有军衔的人被授予一颗较小的元帅星。,"从那时起,军<unk>的持有者就得到了较小的元<unk>星.",2,1,"['▁从', '那', '以后', ',', '持', '有', '军', '衔', '的人', '被', '授予', '一', '颗', '较', '小的', '元', '帅', '星', '<unk>', '<pad>']"
2143,"India and South Asia (India, Pakistan, Sri Lanka)",spk_0317,A stuffed chair slipped from the moving van.,一把塞满东西的椅子从移动的货车上滑了下来。,一个装<unk>的椅子从搬家车里滑下来.,1,1,"['▁一', '把', '塞', '满', '东西', '的', '椅', '子', '从', '移动', '的', '货', '车', '上', '滑', '了', '下来', '<unk>']"
2151,"India and South Asia (India, Pakistan, Sri Lanka)",spk_0637,"No, this does not come as a surprise.",不，这并不是惊喜。,"不,这并不令人惊<unk>.",1,1,"['▁不', ',', '这', '并不是', '惊', '喜', '<unk>', '<pad>']"
2152,"India and South Asia (India, Pakistan, Sri Lanka)",spk_0537,"The camel driver, though, seemed not to be very concerned with the threat of war.",然而，赶骆驼的人似乎并不怎么担心战争的威胁。,"然而, <unk>驼司机似乎并不太关心战争的威胁.",1,1,"['▁然而', ',', '赶', '骆', '驼', '的人', '似乎', '并不', '怎么', '担心', '战争', '的', '威胁', '<unk>']"
2154,"India and South Asia (India, Pakistan, Sri Lanka)",spk_0741,"Thus for singletons, topological distinguishability is a condition in between disjointness and separatedness.",因此，对于单例而言，拓扑可区分性是介于不相交和分离之间的条件。,"因此,对于单体,拓<unk>区分是分离和分离之间的条件.",1,1,"['▁因此', ',', '对于', '单', '例', '而言', ',', '拓', '扑', '可', '区', '分', '性', '是', '介', '于', '不', '相', '交', '和', '分', '离', '之间的', '条件', '<unk>', '<pad>']"
2156,"India and South Asia (India, Pakistan, Sri Lanka)",spk_1260,She sewed the torn coat quite neatly.,她把撕破的大衣缝得很整齐。,她把撕裂的外套<unk>得很整齐.,1,1,"['▁她', '把', '撕', '破', '的大', '衣', '缝', '得', '很', '整', '齐', '<unk>']"
2166,"India and South Asia (India, Pakistan, Sri Lanka)",spk_1464,"According to the recipe, we need mild mustard.",根据菜谱，我们需要淡芥末。,"根据食谱,我们需要温和的<unk>子.",1,1,"['▁根据', '菜', '谱', ',', '我们', '需要', '淡', '芥', '末', '<unk>']"
2170,"India and South Asia (India, Pakistan, Sri Lanka)",spk_0507,Canned pears lack full flavor.,香梨罐头缺乏完整的风味。,<unk>头的梨没有完整的味道.,1,1,"['▁香', '梨', '罐', '头', '缺乏', '完整', '的', '风', '味', '<unk>']"
2175,"India and South Asia (India, Pakistan, Sri Lanka)",spk_1040,The flock of flamingos landed gracefully on their awkward looking legs.,一群火烈鸟优雅地落在它们笨拙的腿上。,这群火<unk>鸟在它们<unk>拙的腿上优雅地降落.,2,1,"['▁一', '群', '火', '烈', '鸟', '优', '雅', '地', '落', '在', '它们', '笨', '拙', '的', '腿', '上', '<unk>', '<pad>']"
2176,"India and South Asia (India, Pakistan, Sri Lanka)",spk_0119,Crack the walnut with your sharp side teeth.,用你的尖牙咬碎核桃。,用你的尖<unk>的侧牙打破核桃.,1,1,"['▁用', '你的', '尖', '牙', '咬', '碎', '核', '桃', '<unk>', '<pad>']"
2184,"India and South Asia (India, Pakistan, Sri Lanka)",spk_1443,A missing parrot is called a polygon.,丢失的鹦鹉叫“多边形”。,丢失的<unk>叫做多边形.,1,2,"['▁', '丢', '失', '的', '鹦', '鹉', '叫', '<unk>', '多边', '形', '<unk>', '<pad>']"
2191,"India and South Asia (India, Pakistan, Sri Lanka)",spk_0689,But to be guarded at such a time is very difficult.,但在这样的时刻，要保持警惕是非常困难的。,但在这样的时候保持警<unk>是非常困难的.,1,1,"['▁但', '在', '这样的', '时刻', ',', '要', '保持', '警', '惕', '是非常', '困难', '的', '<unk>', '<pad>']"
2202,"India and South Asia (India, Pakistan, Sri Lanka)",spk_0963,"Yeah, I had a bit of a poke at that and failed to work out what was wrong.",是啊，我想了一下，但没弄清楚是怎么回事。,"是的,我有点<unk>在那儿,并未能弄清楚什么是错的.",1,1,"['▁是', '啊', ',', '我想', '了一', '下', ',', '但', '没', '弄', '清楚', '是', '怎么', '回', '事', '<unk>']"
2215,"India and South Asia (India, Pakistan, Sri Lanka)",spk_0269,Their eggs were particularly vulnerable to crows and other natural predators.,它们的卵特别容易受到乌鸦和其他天敌的攻击。,它们的<unk>蛋特别容易受到乌<unk>和其他自然捕食者的攻击.,2,1,"['▁它们', '的', '卵', '特别', '容易', '受到', '乌', '鸦', '和其他', '天', '敌', '的', '攻击', '<unk>']"
2224,"India and South Asia (India, Pakistan, Sri Lanka)",spk_0693,"I had to teach my nephew the facts of life, because his parents are prudes.",我不得不教我的侄子生活的真相，因为他的父母都是假正经的人。,"我不得不教我的<unk>子生活的事实, 因为他的父母是保守的.",1,1,"['▁我', '不得不', '教', '我的', '侄', '子', '生活的', '真相', ',', '因为', '他的', '父母', '都是', '假', '正', '经', '的人', '<unk>']"
2225,"India and South Asia (India, Pakistan, Sri Lanka)",spk_0898,The crowd swayed a little as I elbowed my way through.,我用手肘挤出一条道时，人群微微摇晃了一下。,"当我<unk>肘穿过时, 群众有点摇摆.",1,1,"['▁我', '用', '手', '肘', '挤', '出', '一', '条', '道', '时', ',', '人', '群', '微', '微', '摇', '晃', '了一', '下', '<unk>']"
2226,"India and South Asia (India, Pakistan, Sri Lanka)",spk_1214,"Look, fireflies!",看，萤火虫！,"看看,<unk>火虫!",1,0,"['▁看', ',', '萤', '火', '虫', '!']"
2236,"India and South Asia (India, Pakistan, Sri Lanka)",spk_1106,"They are both considered endangered, making it illegal to harass, kill, collect, or possess.",它们都被认为是濒危物种，因此对其骚扰、杀害、收集或占有都是非法的。,"它们都被认为是<unk>危物种, 使得骚扰,杀害,收集或拥有是非法的.",1,3,"['▁它们', '都', '被认为是', '濒', '危', '物', '种', ',', '因此', '对其', '骚', '扰', '<unk>', '杀', '害', '<unk>', '收集', '或', '占', '有', '都是', '非法', '的', '<unk>']"
2243,"India and South Asia (India, Pakistan, Sri Lanka)",spk_0086,I have blisters on my hands because I was bouldering yesterday.,我手上起了水泡，因为我昨天抱石了。,"我手上有水泡,因为我昨天在<unk>岩.",1,1,"['▁我', '手', '上', '起', '了', '水', '泡', ',', '因为', '我', '昨', '天', '抱', '石', '了', '<unk>']"
2248,"India and South Asia (India, Pakistan, Sri Lanka)",spk_0376,I saw astonishment and horror on the faces of the people around me.,我看到周围人脸上的惊讶和恐惧。,我看到周围人的脸上充满了惊<unk>和恐惧.,1,1,"['▁我', '看到', '周围', '人', '脸', '上的', '惊', '讶', '和', '恐', '惧', '<unk>']"
2266,"India and South Asia (India, Pakistan, Sri Lanka)",spk_1493,"When he saw the storm clouds in the sky, Jaka wished he would have remembered his umbrella.",当他看到天空中的乌云时，Jaka 希望他能记得他的雨伞。,"当他看到天空上的风暴云时,贾卡希望他能记住他的雨<unk>.",1,1,"['▁当', '他', '看到', '天', '空', '中的', '乌', '云', '时', ',', 'J', 'aka', '▁希望', '他', '能', '记', '得', '他的', '雨', '伞', '<unk>', '<pad>']"
2268,"India and South Asia (India, Pakistan, Sri Lanka)",spk_0043,Why do people even eat peanut butter and jelly?,为什么人们会吃花生酱和果冻？,人们为什么要吃花生<unk>和果<unk>呢?,2,0,"['▁为什么', '人们', '会', '吃', '花', '生', '酱', '和', '果', '冻', '?', '<pad>']"
2270,"India and South Asia (India, Pakistan, Sri Lanka)",spk_1161,"Oh, is that all?",哦，就这些吗？,"<unk>,这就是全部吗?",1,0,"['▁', '哦', ',', '就', '这些', '吗', '?', '<pad>']"
2272,"India and South Asia (India, Pakistan, Sri Lanka)",spk_1214,Steam hissed from the broken valve.,蒸汽从阀门的破裂处发出嘶嘶声。,蒸汽从破裂的<unk>门发出<unk>声.,2,1,"['▁', '蒸', '汽', '从', '阀', '门', '的', '破', '裂', '处', '发出', '嘶', '嘶', '声', '<unk>', '<pad>']"
2279,"India and South Asia (India, Pakistan, Sri Lanka)",spk_0256,"As the astronaut walked into the translucent pod, it transformed into an opaque material.",当宇航员走进半透明的舱时，它变成了一种不透明的材料。,"当宇航员走进半透明<unk>时, 它变成了一种不透明的材料.",1,1,"['▁当', '宇', '航', '员', '走', '进', '半', '透明', '的', '舱', '时', ',', '它', '变成', '了一', '种', '不', '透明', '的', '材料', '<unk>', '<pad>']"
2286,"India and South Asia (India, Pakistan, Sri Lanka)",spk_0088,"Consequently, he made his money by selling refrigerators, and did not publish any works.",因此，他靠卖冰箱赚钱，并且未曾出版任何作品。,"因此,他通过出售冰箱来<unk>钱,并没有出版任何作品.",1,1,"['▁因此', ',', '他', '靠', '卖', '冰', '箱', '赚', '钱', ',', '并且', '未', '曾', '出版', '任何', '作品', '<unk>', '<pad>']"
2305,"India and South Asia (India, Pakistan, Sri Lanka)",spk_0533,"He should not be confused with the post-bop tuba player, Howard Johnson.",他不应该把后波普时代的大号演奏家霍华德·约翰逊混淆。,他不应该与波普后的杜巴演奏家霍华德·约翰逊混<unk>.,1,1,"['▁他', '不', '应该', '把', '后', '波', '普', '时代', '的大', '号', '演奏', '家', '霍', '华', '德', '·', '约翰', '逊', '混', '淆', '<unk>', '<pad>']"
2312,"India and South Asia (India, Pakistan, Sri Lanka)",spk_1217,It was replaced by Mowinckel's Third Cabinet.,它被莫文克的第三内阁取代。,它被莫文克尔的第三个内<unk>所取代.,1,1,"['▁它', '被', '莫', '文', '克', '的第三', '内', '阁', '取代', '<unk>']"
2330,"India and South Asia (India, Pakistan, Sri Lanka)",spk_0311,"Eggs, milk and flour are the main ingredients of pancakes.",鸡蛋、牛奶和面粉是煎饼的主要原料。,"蛋,牛奶和面粉是<unk>饼的主要成分.",1,2,"['▁', '鸡', '蛋', '<unk>', '牛', '奶', '和', '面', '粉', '是', '煎', '饼', '的主要', '原', '料', '<unk>']"
2335,"India and South Asia (India, Pakistan, Sri Lanka)",spk_0119,May I have some syrup to go on these pancakes?,我可以在这些薄煎饼上加点糖浆吗？,我可以把一些糖<unk>放到这些<unk>饼上吗?,2,0,"['▁我', '可以在', '这些', '薄', '煎', '饼', '上', '加', '点', '糖', '浆', '吗', '?', '<pad>']"
2359,"India and South Asia (India, Pakistan, Sri Lanka)",spk_0146,I'm planning to buy some topological maps for my research.,我打算买一些地形图来做研究。,我打算为我的研究购买一些拓<unk>地图.,1,1,"['▁我', '打算', '买', '一些', '地', '形', '图', '来', '做', '研究', '<unk>', '<pad>']"
2367,"India and South Asia (India, Pakistan, Sri Lanka)",spk_1194,"According to Freud, the Virgin's garment reveals a vulture when viewed sideways.",根据弗洛伊德的说法，处女的衣服从侧面看时会露出一只秃鹫。,"根据弗洛伊德的说法, 处女的衣服显示出一只<unk>,",1,1,"['▁根据', '弗', '洛', '伊', '德', '的', '说法', ',', '处', '女', '的', '衣服', '从', '侧', '面', '看', '时', '会', '露', '出', '一', '只', '秃', '鹫', '<unk>', '<pad>']"
2382,"India and South Asia (India, Pakistan, Sri Lanka)",spk_1507,The original trim lines were replaced with gray and blue cinderblock tiles.,原始的装饰线被替换为灰色和蓝色的煤渣砖。,原来的装饰线被灰色和蓝色的灰<unk>块<unk>所取代.,2,1,"['▁原', '始', '的', '装', '饰', '线', '被', '替', '换', '为', '灰', '色', '和', '蓝', '色的', '煤', '渣', '砖', '<unk>', '<pad>']"
2400,Malaysian English,spk_1383,"I want my garden to be filled with roses, petunias and passion flowers.",我希望我的花园里长满玫瑰、牵牛花和西番莲。,"我希望我的花园充满<unk>,花<unk>和激情花.",2,2,"['▁我希望', '我的', '花', '园', '里', '长', '满', '玫', '瑰', '<unk>', '牵', '牛', '花', '和', '西', '番', '莲', '<unk>']"
2411,Malaysian English,spk_1447,"Oh, what are you going to when he arrives?",哦，他到的时候你打算做什么 ？,"<unk>,当他到达时,你会做什么?",1,0,"['▁', '哦', ',', '他', '到', '的时候', '你', '打算', '做什么', '▁?']"
2412,Malaysian English,spk_0160,And they attacked an empty tent.,他们袭击了一顶空帐篷。,他们袭击了一个空的帐<unk>.,1,1,"['▁他们', '袭击', '了一', '顶', '空', '帐', '篷', '<unk>']"
2424,Malaysian English,spk_1331,The foliage and fruits contain tannic acid and are poisonous to cattle and humans.,叶子和果实含有单宁酸，对牛和人有毒。,"叶子和水果含有<unk>酸,对牛和人类有毒.",1,1,"['▁', '叶', '子', '和', '果', '实', '含有', '单', '宁', '酸', ',', '对', '牛', '和', '人', '有', '毒', '<unk>']"
2433,Malaysian English,spk_0102,Amshuverma had written a book on grammar in Sanskrit.,安舒弗玛用梵文写过一本语法书。,阿姆舒弗玛写了一本关于<unk>语语法的书.,1,1,"['▁安', '舒', '弗', '玛', '用', '梵', '文', '写', '过', '一', '本', '语', '法', '书', '<unk>', '<pad>']"
2435,Malaysian English,spk_0499,"More powerful knights, also known as a knight bannerets, could field multiple lances.",更强大的骑士，也被称为骑士封骑，可以使用多个长矛。,"更强大的骑士,也被称为骑士旗<unk>,可以使用多个矛.",1,1,"['▁更', '强大的', '骑', '士', ',', '也', '被称为', '骑', '士', '封', '骑', ',', '可以', '使用', '多个', '长', '矛', '<unk>']"
2440,Malaysian English,spk_1234,Save a thief from the gallows and he will cut your throat.,把小偷从绞刑架上救出来，他会割断你的喉咙。,"拯救一个小偷从<unk>刑,他会切断你的喉<unk>.",2,1,"['▁把', '小', '偷', '从', '绞', '刑', '架', '上', '救', '出来', ',', '他', '会', '割', '断', '你的', '喉', '咙', '<unk>', '<pad>']"
2441,Malaysian English,spk_0551,"Youth had come back to her, freed from the yoke of oppression.",青年回到了她身边，摆脱了压迫的束缚。,"她回到了年轻,从压迫的<unk>中解放出来.",1,1,"['▁', '青年', '回', '到了', '她', '身', '边', ',', '摆', '脱', '了', '压', '迫', '的', '束', '缚', '<unk>', '<pad>']"
2443,Malaysian English,spk_0640,He approached the mass and was surprised at the size and the shape.,他走近那堆东西，惊讶于它的大小和形状。,"他走近了质量, 惊<unk>地看到大小和形状.",1,1,"['▁他', '走', '近', '那', '堆', '东西', ',', '惊', '讶', '于', '它', '的大', '小', '和', '形', '状', '<unk>', '<pad>']"
2444,Malaysian English,spk_0833,"Lifeguards were standing on a tower, staring at the water.",救生员站在高塔上，盯着水面。,"救生员站在塔上,<unk>着水面.",1,1,"['▁', '救', '生', '员', '站在', '高', '塔', '上', ',', '盯', '着', '水', '面', '<unk>']"
2462,Malaysian English,spk_0640,"There were raised voices,and some sort of struggle appeared to be going on. .",有人提高了嗓门，似乎要进行某种斗争。,"有一些声音<unk>起, 似乎正在进行某种斗争.",1,1,"['▁有人', '提高', '了', '嗓', '门', ',', '似乎', '要', '进行', '某种', '斗争', '<unk>']"
2504,Malaysian English,spk_0312,A white silk jacket goes with any shoes.,白色丝绸夹克和任何鞋子都相配。,一件白色的丝<unk><unk>克适合任何鞋子.,2,1,"['▁白', '色', '丝', '绸', '夹', '克', '和', '任何', '鞋', '子', '都', '相', '配', '<unk>']"
2505,Malaysian English,spk_0833,Five years he lived with a shaggy dog.,他和一条毛茸茸的狗生活了 5 年。,他和一只毛<unk>的狗一起生活了五年.,1,1,"['▁他', '和', '一', '条', '毛', '茸', '茸', '的', '狗', '生活', '了', '▁5', '▁年', '<unk>']"
2512,Malaysian English,spk_0228,"After twelve hours of rowing, Darius climbed out of the canoe, and lied down on the beach to nap.",Darius 划了十二个小时后，爬出独木舟，躺在沙滩上打盹。,"经过12个小时的划船, 达利乌斯从独木舟上爬出来, 躺在海<unk>上睡觉.",1,1,"['▁Dari', 'us', '▁', '划', '了', '十二', '个', '小时', '后', ',', '爬', '出', '独', '木', '舟', ',', '躺', '在', '沙', '滩', '上', '打', '盹', '<unk>']"
2513,Malaysian English,spk_0709,Person in checked shirt riding unicycle while crowd watches.,穿着格子衬衫的人骑着独轮车，人群则在一旁观看。,"穿着<unk>色衬衫的人骑着单车,而人群在看.",1,1,"['▁', '穿', '着', '格', '子', '衬', '衫', '的人', '骑', '着', '独', '轮', '车', ',', '人', '群', '则', '在一', '旁', '观看', '<unk>', '<pad>']"
2527,Malaysian English,spk_1555,"The penguin waddles across the ice, joining her companions.",企鹅摇摇摆摆地穿过冰面，加入了她的同伴中。,"企<unk>在冰上漫步,加入她的同伴.",1,1,"['▁', '企', '鹅', '摇', '摇', '摆', '摆', '地', '穿', '过', '冰', '面', ',', '加入', '了', '她的', '同', '伴', '中', '<unk>']"
2531,Malaysian English,spk_0239,The horse balked and threw the tall rider.,马儿突然停下来，高个子骑手从马背上摔下来。,"马<unk>住了,把高个子的骑手扔了下来.",1,1,"['▁马', '儿', '突然', '停', '下来', ',', '高', '个', '子', '骑', '手', '从', '马', '背', '上', '摔', '下来', '<unk>']"
2571,Malaysian English,spk_0640,Most of them were staring quietly at the big table.,他们大多数人都静静地盯着大桌子。,他们中的大多数人静静地<unk>着大桌子.,1,1,"['▁他们', '大多数', '人都', '静', '静', '地', '盯', '着', '大', '桌', '子', '<unk>']"
2579,Malaysian English,spk_0491,"As they packed their bags, the tsunami sirens sounded once more across the bleak shores.",当他们收拾行李时，海啸警报再次在荒凉的海岸上响起。,"他们打包行李时,海<unk>警报再次响起.",1,1,"['▁当', '他们', '收', '拾', '行', '李', '时', ',', '海', '啸', '警', '报', '再次', '在', '荒', '凉', '的', '海岸', '上', '响', '起', '<unk>']"
2599,Malaysian English,spk_1447,"Lemon trees are not yellow, it's just the fruit.",柠檬树不是黄色的，只是上面的水果是黄色的。,"<unk>树不是黄色的,只是它的果实.",1,1,"['▁', '柠', '檬', '树', '不是', '黄', '色的', ',', '只是', '上', '面的', '水', '果', '是', '黄', '色的', '<unk>', '<pad>']"
2600,Malaysian English,spk_1379,"The next edition of Thunder, Rick Steiner defeated Jarrett and Totally Buffed defeated KroniK.",在下一集的“ Thunder” 节目中，Rick Steiner 击败了 Jarrett，Totally Buffed 击败了 KroniK。,"在下一届雷<unk>赛中,里克·斯坦纳击败了贾雷特,而托塔利·巴夫德击败了克罗尼克.",1,3,"['▁在', '下', '一', '集', '的', '<unk>', '▁Thunder', '<unk>', '▁', '节目', '中', ',', 'R', 'ick', '▁Ste', 'iner', '▁', '击', '败', '了', '▁J', 'arr', 'ett', ',', 'Tot', 'ally', '▁Buff', 'ed', '▁', '击', '败', '了', '▁Kr', 'oni', 'K', '<unk>']"
2601,Malaysian English,spk_1343,A young boy in a white karate gi executes a jump kick.,穿白色空手道服装的年轻男孩跳了起来。,一个穿着白色空手道服的年轻男孩执行一个跳<unk>.,1,1,"['▁', '穿', '白色', '空', '手', '道', '服', '装', '的', '年轻', '男孩', '跳', '了', '起来', '<unk>', '<pad>']"
2611,Malaysian English,spk_0423,"Don't knock on death's door, ring the doorbell and run.",不要敲死神的门，按门铃，然后跑。,"不要敲死亡的门,敲门<unk>,然后跑.",1,1,"['▁不要', '敲', '死', '神的', '门', ',', '按', '门', '铃', ',', '然后', '跑', '<unk>', '<pad>']"
2615,Malaysian English,spk_0499,Their music combined funk rhythms and dissonant guitar riffs.,他们的音乐结合了快节奏和不和谐的吉他即兴演奏。,他们的音乐结合了风格节奏和不和<unk>的吉他<unk>.,2,1,"['▁他们', '的', '音乐', '结合', '了', '快', '节', '奏', '和', '不', '和', '谐', '的', '吉他', '即', '兴', '演奏', '<unk>']"
2622,Malaysian English,spk_0640,"Who is this stranger who speaks of omens? asked one of the chieftains, eyeing the boy.",“这个可以于预知未来的陌生人究竟是谁？”其中一个酋长目不转睛地盯着男孩问到。,"""谁是这个陌生人说预兆?"" 一个首领问,眼睛<unk>着男孩.",1,3,"['▁', '<unk>', '这个', '可以', '于', '预', '知', '未来的', '陌', '生', '人', '究', '竟', '是', '谁', '?', '<unk>', '其中', '一个', '酋', '长', '目', '不', '转', '睛', '地', '盯', '着', '男孩', '问', '到', '<unk>']"
2626,Malaysian English,spk_1379,Stalagmites or flowstone may form where the water drops hit the cave floor.,水滴落在洞穴底部的位置处可能会形成石笋或流石。,在水滴撞击洞穴地板的地方可能会形成石<unk>或流石.,1,1,"['▁水', '滴', '落', '在', '洞', '穴', '底', '部', '的位置', '处', '可能会', '形成', '石', '笋', '或', '流', '石', '<unk>']"
2629,Malaysian English,spk_0640,"There were really, I think, two or three hundred people elbowing one another.",我想，真的有两三百人互相推搡。,"我认为,实际上有两百到三百人互相<unk>肘.",1,1,"['▁我想', ',', '真的', '有', '两', '三', '百', '人', '互', '相', '推', '<unk>']"
2656,Malaysian English,spk_1331,Please could you draw the curtains?,你能拉上窗帘吗？,请你拉开窗<unk>吗?,1,0,"['▁你', '能', '拉', '上', '窗', '帘', '吗', '?']"
2665,Malaysian English,spk_0670,I woke up to the screech of my neighbor practicing trumpet.,我在邻居练习小号的尖锐声中醒来。,我醒来时听到邻居在练习喇<unk>的尖叫声.,1,1,"['▁我在', '邻', '居', '练', '习', '小', '号', '的', '尖', '锐', '声', '中', '醒', '来', '<unk>', '<pad>']"
2697,Malaysian English,spk_0239,We need grain to keep our mules healthy.,我们需要谷物来保持骡子的健康。,我们需要谷物来保持<unk>子的健康.,1,1,"['▁我们', '需要', '谷', '物', '来', '保持', '骡', '子的', '健康', '<unk>']"
2699,Malaysian English,spk_0640,He heard a muffled grating sound and saw the black mark jerk forward an inch or so.,他听到一个低沉的光栅声，看到黑色的标记向前跳动了一英寸左右。,"他听到一个<unk>的<unk>声, 看到黑色的痕迹向前<unk>一英寸或如此.",3,1,"['▁他', '听到', '一个', '低', '沉', '的', '光', '栅', '声', ',', '看到', '黑', '色的', '标', '记', '向', '前', '跳', '动', '了一', '英寸', '左右', '<unk>', '<pad>']"
2708,Malaysian English,spk_0423,Why do people even eat peanut butter and jelly?,为什么人们会吃花生酱和果冻？,人们为什么要吃花生<unk>和果<unk>呢?,2,0,"['▁为什么', '人们', '会', '吃', '花', '生', '酱', '和', '果', '冻', '?', '<pad>']"
2713,Malaysian English,spk_0808,Helene shuddered and covered her face spasmodically with her hands.,海琳颤抖着，用双手遮住脸部的痉挛。,"赫伦<unk>地<unk>着,用手<unk>地遮住她的脸.",3,1,"['▁海', '琳', '颤', '抖', '着', ',', '用', '双', '手', '遮', '住', '脸', '部', '的', '痉', '挛', '<unk>', '<pad>']"
2717,Malaysian English,spk_1331,I think Tuppy was surprised.,167 我想图皮感到吃惊了。,我认为塔皮很惊<unk>.,1,1,"['▁167', '▁我想', '图', '皮', '感到', '吃', '惊', '了', '<unk>', '<pad>']"
2718,Malaysian English,spk_0709,All work and no play makes Jack a dull boy.,只学习，不玩耍，聪明的孩子会变傻。,所有的工作和没有玩<unk>让杰克一个无聊的男孩.,1,1,"['▁只', '学习', ',', '不', '玩', '耍', ',', '聪', '明的', '孩子', '会', '变', '傻', '<unk>']"
2723,Malaysian English,spk_0263,"When the carpet and the curtains caught fire, it was getting warm.",当地毯和窗帘着火时，温度逐渐上升。,"当地毯和窗<unk>着火时,天气开始变暖.",1,1,"['▁当', '地', '毯', '和', '窗', '帘', '着', '火', '时', ',', '温度', '逐', '渐', '上升', '<unk>', '<pad>']"
2740,Malaysian English,spk_1379,"They are filter-feeders, collector-gatherers and omnivorous scavengers.",它们是滤食者、收集者和杂食食腐者。,"它们是过<unk>饲料者,收集者和食万物的垃圾食者.",1,2,"['▁它们', '是', '滤', '食', '者', '<unk>', '收集', '者和', '杂', '食', '食', '腐', '者', '<unk>']"
2744,Malaysian English,spk_1570,The blond woman in the jean jacket clenched her fists as she walked away.,金发女子身穿牛仔夹克走开了，拳头攥得紧紧的。,穿着牛仔<unk>的金发女人走开时握住了拳头.,1,2,"['▁金', '发', '女子', '身', '穿', '牛', '仔', '夹', '克', '走', '开', '了', ',', '拳', '头', '<unk>', '得', '紧', '紧', '的', '<unk>', '<pad>']"
2751,Malaysian English,spk_0793,The crowd swayed a little as I elbowed my way through.,我用手肘挤出一条道时，人群微微摇晃了一下。,"当我<unk>肘穿过时, 群众有点摇摆.",1,1,"['▁我', '用', '手', '肘', '挤', '出', '一', '条', '道', '时', ',', '人', '群', '微', '微', '摇', '晃', '了一', '下', '<unk>']"
2756,Malaysian English,spk_1447,"Hey look, a flying pig!",嘿，看，一只飞猪！,"<unk>,看,一个飞猪!",1,0,"['▁', '嘿', ',', '看', ',', '一', '只', '飞', '猪', '!']"
2768,Malaysian English,spk_1447,"The diver forced open the oyster, revealing a shimmering pearl.",潜水员强行打开牡蛎，露出一颗闪闪发光的珍珠。,"这位潜水员强行打开了<unk>,发现了一颗闪闪发光的珍珠.",1,1,"['▁', '潜', '水', '员', '强', '行', '打开', '牡', '蛎', ',', '露', '出', '一', '颗', '闪', '闪', '发', '光', '的', '珍', '珠', '<unk>']"
2778,Malaysian English,spk_0467,Forbes was born in Dundee.,《福布斯杂志》诞生于邓迪。,福布斯出生在<unk>迪.,1,3,"['▁', '<unk>', '福', '布', '斯', '杂志', '<unk>', '诞', '生', '于', '邓', '迪', '<unk>', '<pad>']"
2780,Malaysian English,spk_0312,Don't blow your own trumpet.,不要自吹自擂。,不要吹自己的喇<unk>.,1,1,"['▁不要', '自', '吹', '自', '擂', '<unk>']"
2782,Malaysian English,spk_0312,Fabian does not like pepper.,Fabian 不喜欢胡椒。,Fabian 不喜欢胡<unk>.,1,1,"['▁F', 'abi', 'an', '▁不', '喜欢', '胡', '椒', '<unk>']"
2787,Malaysian English,spk_0160,"On the third day, the chief met with his officers.",第三天，酋长会见了他的军官。,"在第三天, <unk>长与他的军官见面.",1,1,"['▁第三', '天', ',', '酋', '长', '会', '见', '了他的', '军', '官', '<unk>', '<pad>']"
2789,Malaysian English,spk_0228,"Bananas contain a lot of sugar, even though they are fruits.",尽管香蕉是水果，但它们含有大量的糖。,"香<unk>含有大量的糖, 尽管它是水果.",1,1,"['▁尽管', '香', '蕉', '是', '水', '果', ',', '但', '它们', '含有', '大量的', '糖', '<unk>', '<pad>']"
2791,Malaysian English,spk_1449,The Pancake Post Office has been closed.,煎饼邮局已经关闭了。,<unk>饼邮局已经关闭.,1,1,"['▁', '煎', '饼', '邮', '局', '已经', '关闭', '了', '<unk>', '<pad>']"
2793,Malaysian English,spk_0640,But that was simply because my eye was tired.,但那只是因为我的眼睛累了。,但这仅仅是因为我的眼睛疲<unk>了.,1,1,"['▁但', '那', '只是', '因为', '我的', '眼睛', '累', '了', '<unk>', '<pad>']"
2817,Malaysian English,spk_0855,"He grew strawberries, so you would not like it.",他种草莓，所以你不会喜欢它的。,"他种植草<unk>,所以你不会喜欢它.",1,1,"['▁他', '种', '草', '莓', ',', '所以', '你', '不会', '喜欢', '它的', '<unk>', '<pad>']"
2821,Malaysian English,spk_1331,"Besides, had he not whipped the big owl in the forest.",此外，他不是还没有鞭打过森林里的那只大猫头鹰吗？,"除此之外,如果他没有在森林里鞭打大猫头<unk>.",1,0,"['▁此外', ',', '他', '不是', '还没有', '鞭', '打', '过', '森林', '里', '的那', '只', '大', '猫', '头', '鹰', '吗', '?']"
2824,Malaysian English,spk_0957,Most of the nightlife in the town is centred on beachfront spots.,镇上的夜生活大多集中在海滨景点。,镇上的大部分夜生活都集中在海<unk>上.,1,1,"['▁', '镇', '上的', '夜', '生活', '大多', '集中', '在', '海', '滨', '景', '点', '<unk>', '<pad>']"
2828,Malaysian English,spk_1555,"This beer has been brewed in Germany, more specifically in Bavaria.",这种啤酒是在德国酿造的，更确切地说是在巴伐利亚州。,"这种<unk>酒是在德国酿造的,更具体地说是在巴伐利亚.",1,1,"['▁这种', '啤', '酒', '是在', '德国', '酿', '造', '的', ',', '更', '确', '切', '地', '说', '是在', '巴', '伐', '利亚', '州', '<unk>']"
2832,Malaysian English,spk_1449,"It habitually perches in trees, which gives rise to its specific name.",它习惯栖息在树上，因此得名。,"它通常在树上<unk>,这使得它得到了一个特殊的名字.",1,1,"['▁它', '习惯', '栖', '息', '在', '树', '上', ',', '因此', '得', '名', '<unk>']"
2836,Malaysian English,spk_0499,Jazz groups were fascinated and added the boobams to their percussion sections.,爵士乐团体对此很感兴趣，并在他们的打击乐器组中加入了boobams。,"爵士乐乐队很着迷,并将<unk>鼓添加到他们的打击乐部分.",1,1,"['▁', '爵士', '乐', '团体', '对此', '很', '感兴趣', ',', '并在', '他们的', '打击', '乐', '器', '组', '中', '加入', '了', 'bo', 'ob', 'ams', '<unk>', '<pad>']"
2837,Malaysian English,spk_0491,"Dirt and dust everywhere, give me the broom!",到处都是灰尘，把扫帚给我！,"污垢和尘埃到处,给我扫<unk>!",1,0,"['▁到', '处', '都是', '灰', '尘', ',', '把', '扫', '帚', '给我', '!', '<pad>']"
2840,Malaysian English,spk_0833,The fin was sharp and cut the clear water.,鱼鳍锋利，划破了清澈的水面。,"翅膀很尖,切断了清<unk>的水.",1,1,"['▁', '鱼', '鳍', '锋', '利', ',', '划', '破', '了', '清', '澈', '的', '水', '面', '<unk>', '<pad>']"
2844,Malaysian English,spk_0640,But horses tire bit by bit.,但是马儿逐渐累了。,但马匹逐渐疲<unk>.,1,1,"['▁但是', '马', '儿', '逐', '渐', '累', '了', '<unk>']"
2846,Malaysian English,spk_0312,Before you meet the handsome prince you have to kiss a lot of toads.,在你遇到英俊的王子之前，你必须亲吻很多蟾蜍。,"在你遇见英俊的王子之前,你必须亲吻很多青<unk>.",1,1,"['▁在', '你', '遇到', '英', '俊', '的', '王子', '之前', ',', '你', '必须', '亲', '吻', '很多', '蟾', '<unk>']"
2847,Malaysian English,spk_0927,"I'd like to order some cinnamon pretzels, please.",我想点一些肉桂椒盐卷饼。,"我想要订购一些肉<unk>饼干,请.",1,1,"['▁我想', '点', '一些', '肉', '桂', '椒', '盐', '卷', '饼', '<unk>']"
2862,Malaysian English,spk_0402,Take the winding path to reach the lake.,沿着这条曲折的小道到达湖边。,沿着<unk>曲的路径到达湖泊.,1,1,"['▁', '沿', '着', '这', '条', '曲', '折', '的小', '道', '到达', '湖', '边', '<unk>', '<pad>']"
2870,Malaysian English,spk_1057,Why do people even eat peanut butter and jelly?,为什么人们会吃花生酱和果冻？,为什么人们甚至吃花生<unk>和果<unk>?,2,0,"['▁为什么', '人们', '会', '吃', '花', '生', '酱', '和', '果', '冻', '?', '<pad>']"
2872,Malaysian English,spk_1057,The one time pad is an ultimate encryption if applied correctly.,如果应用正确，一次性密钥是终极加密。,"如果正确应用,一次性<unk>是最终的加密.",1,1,"['▁如果', '应用', '正确', ',', '一次', '性', '密', '钥', '是', '终', '极', '加密', '<unk>', '<pad>']"
2879,Malaysian English,spk_1447,"Another reason why Apple is superior to Microsoft, the troll posted and grabbed some popcorn for the subsequent flame war.",“苹果优于微软的另一个原因”，网络喷子为随后的网络争论战，准备了爆米花。,"""<unk>果优于微软的另一个原因"", 巨人发布并抓住了一些爆米花,",1,3,"['▁', '<unk>', '苹果', '优', '于', '微', '软', '的', '另一个', '原因', '<unk>', ',', '网络', '喷', '子', '为', '随', '后的', '网络', '争', '论', '战', ',', '准备', '了', '爆', '米', '花', '<unk>', '<pad>']"
2883,Malaysian English,spk_0640,"The camel driver was not a fighter, and he had consulted with seers.",骆驼车夫不是战士，他曾与先知商量过。,"<unk>驼司机不是一个战士, 他已经咨询了先见者.",1,1,"['▁', '骆', '驼', '车', '夫', '不是', '战', '士', ',', '他', '曾', '与', '先', '知', '商', '量', '过', '<unk>']"
2886,Malaysian English,spk_1234,He who rises late must trot all day.,晚起床的人必须整天都要急步疾走。,迟起床的人必须整天<unk>步.,1,1,"['▁', '晚', '起', '床', '的人', '必须', '整', '天', '都要', '急', '步', '疾', '走', '<unk>']"
2888,Malaysian English,spk_1331,Her polo neck jumper is very stylish,她的马球领毛衣非常时尚,她的polo领<unk>子非常时尚,1,0,"['▁她', '的', '马', '球', '领', '毛', '衣', '非常', '时', '尚']"
2892,Malaysian English,spk_0833,Mud was spattered on the front of his white shirt.,泥溅在他的白衬衫的前面。,他的白色<unk>衫前面<unk>着泥土.,2,1,"['▁', '泥', '溅', '在', '他的', '白', '衬', '衫', '的前', '面', '<unk>', '<pad>']"
2895,Malaysian English,spk_0491,"His dessert smelled musty, not sweet.",他的甜点有霉味，不甜。,"他的甜点闻起来<unk>味,而不是甜味.",1,1,"['▁他的', '甜', '点', '有', '霉', '味', ',', '不', '甜', '<unk>']"
2901,Malaysian English,spk_1447,"Birds feed their offspring with spiders, worms, slugs and bugs.",鸟类用蜘蛛、蠕虫、蛞蝓和臭虫喂养它们的后代。,"鸟类用蜘蛛,<unk>虫,<unk>和昆虫<unk>养它们的后代.",3,3,"['▁', '鸟', '类', '用', '蜘', '蛛', '<unk>', '蠕', '虫', '<unk>', '和', '臭', '虫', '喂', '养', '它们的', '后', '代', '<unk>', '<pad>']"
2902,Malaysian English,spk_1223,The crowd swayed a little as I elbowed my way through.,我用手肘挤出一条道时，人群微微摇晃了一下。,"当我<unk>肘穿过时, 群众有点摇摆.",1,1,"['▁我', '用', '手', '肘', '挤', '出', '一', '条', '道', '时', ',', '人', '群', '微', '微', '摇', '晃', '了一', '下', '<unk>']"
2904,Malaysian English,spk_0640,I went stretching my legs clumsily and feeling my way in the dark.,我笨拙地伸伸腿，在黑暗中摸索着前进。,我走了伸出我的腿<unk>拙地和感觉我的方式在黑暗中.,1,1,"['▁我', '笨', '拙', '地', '伸', '伸', '腿', ',', '在', '黑暗', '中', '摸', '索', '着', '前', '进', '<unk>', '<pad>']"
2962,Malaysian English,spk_0102,"The conical eggs are blue green when fresh, then turn orange.",锥形蛋刚生出来的时候是蓝绿色的，之后会变成橙色。,"<unk>形的<unk>蛋在新鲜时是蓝绿色的,然后变成<unk>色.",3,1,"['▁', '锥', '形', '蛋', '刚', '生', '出来', '的时候', '是', '蓝', '绿', '色的', ',', '之后', '会', '变成', '橙', '色', '<unk>', '<pad>']"
2970,Malaysian English,spk_0290,"Linfen has rich mineral resources including coal, iron ore, copper, and lead.",临汾有丰富的煤、铁矿石、铜、铅等矿产资源。,"林芬拥有丰富的矿产资源,包括煤炭,铁矿石,铜和<unk>.",1,5,"['▁', '临', '<unk>', '有', '丰富', '的', '煤', '<unk>', '铁', '矿', '石', '<unk>', '铜', '<unk>', '铅', '等', '矿', '产', '资源', '<unk>']"
2971,Malaysian English,spk_1447,"Oh dear, oh dear!",哦天哪，哦天哪！,"<unk>,亲爱的,<unk>,亲爱的!",2,0,"['▁', '哦', '天', '哪', ',', '哦', '天', '哪', '!', '<pad>']"
2972,Malaysian English,spk_0670,Parachuting is dangerous.,跳伞很危险。,降落<unk>是很危险的.,1,1,"['▁', '跳', '伞', '很', '危险', '<unk>']"
2973,Malaysian English,spk_0833,He offered the kids some ice-cream.,他给孩子们一些冰淇淋。,他给孩子们提供了一些冰<unk>淋.,1,1,"['▁他', '给', '孩子', '们', '一些', '冰', '淇', '淋', '<unk>', '<pad>']"
2982,Malaysian English,spk_1234,Strike while the iron is hot Make hay while the sun shines.,趁热打铁，勿失良机,"在铁还热的时候打,在阳光照耀的时候做禾<unk>.",1,0,"['▁', '趁', '热', '打', '铁', ',', '勿', '失', '良', '机']"
2988,Malaysian English,spk_0551,I am not surprised.,我不感到惊讶。,我没有惊<unk>.,1,1,"['▁我不', '感到', '惊', '讶', '<unk>', '<pad>']"
3010,"Southern African (South Africa, Zimbabwe, Namibia)",spk_0405,"Nora finds herself ugly, because she has pimples.",诺拉发现自己很丑，因为她长了丘疹。,"诺拉觉得自己很丑,因为她有<unk>.",1,1,"['▁', '诺', '拉', '发现', '自己', '很', '丑', ',', '因为', '她', '长', '了', '丘', '疹', '<unk>', '<pad>']"
3014,"Southern African (South Africa, Zimbabwe, Namibia)",spk_0405,"They walked in from the rain, all dishevelled and steaming.",他们从雨中走了进来，衣冠不整，浑身湿透。,"他们从雨中走进来, 所有的<unk>乱和蒸汽.",1,1,"['▁他们', '从', '雨', '中', '走', '了', '进', '来', ',', '衣', '冠', '不', '整', ',', '浑', '身', '湿', '透', '<unk>', '<pad>']"
3018,"Southern African (South Africa, Zimbabwe, Namibia)",spk_1500,"When he saw the storm clouds in the sky, Jaka wished he would have remembered his umbrella.",当他看到天空中的乌云时，Jaka 希望他能记得他的雨伞。,"当他看到天空上的风暴云时,贾卡希望他能记住他的雨<unk>.",1,1,"['▁当', '他', '看到', '天', '空', '中的', '乌', '云', '时', ',', 'J', 'aka', '▁希望', '他', '能', '记', '得', '他的', '雨', '伞', '<unk>', '<pad>']"
3019,"Southern African (South Africa, Zimbabwe, Namibia)",spk_0183,He disappeared into the tent.,他消失在帐篷里。,他消失在帐<unk>里.,1,1,"['▁他', '消失', '在', '帐', '篷', '里', '<unk>', '<pad>']"
3047,"Southern African (South Africa, Zimbabwe, Namibia)",spk_0405,"Strawberry curd, yummy!",草莓凝乳，好吃 ！,"草<unk>奶酪,很好吃!",1,0,"['▁', '草', '莓', '凝', '乳', ',', '好', '吃', '▁!', '<pad>']"
3059,"Southern African (South Africa, Zimbabwe, Namibia)",spk_0125,"Other waterfalls include the Rincon Falls, Rio Seco Falls and Marianne Falls.",其他瀑布包括 Rincon 瀑布，Rio Seco 瀑布和 Marianne 瀑布。,"其他<unk>布包括林肯<unk>布,里奥塞科<unk>布和玛丽安<unk>布.",4,1,"['▁其他', '瀑', '布', '包括', '▁Rin', 'con', '▁', '瀑', '布', ',', 'R', 'io', '▁Sec', 'o', '▁', '瀑', '布', '和', '▁Mari', 'anne', '▁', '瀑', '布', '<unk>']"
3066,"Southern African (South Africa, Zimbabwe, Namibia)",spk_1410,The boy was astonished by what he saw inside.,男孩被他在里面看到的东西震惊了。,这个男孩惊<unk>地看到里面的东西.,1,1,"['▁男', '孩', '被', '他在', '里面', '看到', '的东西', '震', '惊', '了', '<unk>', '<pad>']"
3081,"Southern African (South Africa, Zimbabwe, Namibia)",spk_0125,The family lived over Staunton's mother's hair dressing salon.,全家依靠 Staunton 母亲的美发沙龙为生。,这家人住在斯<unk>顿母亲的理发店上方.,1,1,"['▁全', '家', '依', '靠', '▁Sta', 'unt', 'on', '▁', '母亲', '的', '美', '发', '沙', '龙', '为', '生', '<unk>', '<pad>']"
3086,"Southern African (South Africa, Zimbabwe, Namibia)",spk_0188,Her ankles were free.,她的脚踝是自由的。,她的脚<unk>是自由的.,1,1,"['▁她', '的', '脚', '踝', '是', '自由', '的', '<unk>']"
3091,"Southern African (South Africa, Zimbabwe, Namibia)",spk_0829,Pitch the straw through the door of the stable.,把稻草从门插进马厩。,把<unk>子扔进马<unk>的门.,2,1,"['▁把', '稻', '草', '从', '门', '插', '进', '马', '厩', '<unk>']"
3096,"Southern African (South Africa, Zimbabwe, Namibia)",spk_1367,It contains Zucchini.,它含有西葫芦。,它含有朱<unk>.,1,1,"['▁它', '含有', '西', '葫', '芦', '<unk>']"
3097,"Southern African (South Africa, Zimbabwe, Namibia)",spk_0271,"He grew strawberries, so you would not like it.",他种草莓，所以你不会喜欢它的。,"他种植草<unk>,所以你不会喜欢它.",1,1,"['▁他', '种', '草', '莓', ',', '所以', '你', '不会', '喜欢', '它的', '<unk>', '<pad>']"
3099,"Southern African (South Africa, Zimbabwe, Namibia)",spk_0718,"Don't you dare switch away, I think rhymes are okay, since they never decay, I could do this all day.",你敢换台试试，我认为押韵没问题，因为它们从不过时，我可以一整天都这样做。,"别敢换掉!我认为<unk>语是好的,因为它们永远不会腐烂,我可以整天这样做.",1,1,"['▁你', '敢', '换', '台', '试', '试', ',', '我认为', '押', '韵', '没', '问题', ',', '因为', '它们', '从', '不过', '时', ',', '我可以', '一', '整', '天', '都', '这样做', '<unk>']"
3120,"Southern African (South Africa, Zimbabwe, Namibia)",spk_0078,"Nora finds herself ugly, because she has pimples.",诺拉发现自己很丑，因为她长了丘疹。,"诺拉觉得自己很丑,因为她有<unk>.",1,1,"['▁', '诺', '拉', '发现', '自己', '很', '丑', ',', '因为', '她', '长', '了', '丘', '疹', '<unk>', '<pad>']"
3121,"Southern African (South Africa, Zimbabwe, Namibia)",spk_1133,Garlic can be used to fight vampires.,大蒜可以用来对付吸血鬼。,大<unk>可以用来对抗吸血鬼.,1,1,"['▁大', '蒜', '可以', '用来', '对', '付', '吸', '血', '鬼', '<unk>']"
3123,"Southern African (South Africa, Zimbabwe, Namibia)",spk_0178,"Oliver, aide to Mr. Bogan, who had Rubbermaid in his arms, fainted.",正当 Bogan 先生抱着 Rubbermaid 时，他的助手 Oliver 昏倒了。,"奥利弗,博根先生的助手, 谁在他的手臂里<unk>, 昏倒了.",1,1,"['▁正', '当', '▁B', 'ogan', '▁', '先生', '抱', '着', '▁Rub', 'ber', 'maid', '▁', '时', ',', '他的', '助', '手', '▁Oliver', '▁', '昏', '倒', '了', '<unk>', '<pad>']"
3130,"Southern African (South Africa, Zimbabwe, Namibia)",spk_0869,I can't find the ruler in my pencil case.,我找不到我铅笔盒里的尺子。,我在<unk>笔箱里找不到线索.,1,1,"['▁我', '找', '不到', '我', '铅', '笔', '盒', '里的', '尺', '子', '<unk>', '<pad>']"
3134,"Southern African (South Africa, Zimbabwe, Namibia)",spk_0373,But that was simply because my eye was tired.,但那只是因为我的眼睛累了。,但这仅仅是因为我的眼睛疲<unk>了.,1,1,"['▁但', '那', '只是', '因为', '我的', '眼睛', '累', '了', '<unk>', '<pad>']"
3135,"Southern African (South Africa, Zimbabwe, Namibia)",spk_0681,"At most, they thought that another meteorite had descended.",他们最多以为又有一颗陨石落下来了。,他们最可能认为另一个<unk>石已经落下.,1,1,"['▁他们', '最多', '以为', '又', '有一', '颗', '陨', '石', '落', '下来', '了', '<unk>']"
3139,"Southern African (South Africa, Zimbabwe, Namibia)",spk_0284,"They walked in from the rain, all dishevelled and steaming.",他们从雨中走了进来，衣冠不整，浑身湿透。,"他们从雨中走进来, 所有的<unk>乱和蒸汽.",1,1,"['▁他们', '从', '雨', '中', '走', '了', '进', '来', ',', '衣', '冠', '不', '整', ',', '浑', '身', '湿', '透', '<unk>', '<pad>']"
3167,"Southern African (South Africa, Zimbabwe, Namibia)",spk_0484,When the frost has come it is time for turkey.,霜冻来临的时候就是吃火鸡的时候了。,"当<unk>来了,这是火<unk>的时间.",2,1,"['▁', '霜', '冻', '来', '临', '的时候', '就是', '吃', '火', '鸡', '的时候', '了', '<unk>', '<pad>']"
3175,"Southern African (South Africa, Zimbabwe, Namibia)",spk_0221,"Therefore, only aluminum hydroxide was generated.",因此，仅生成了氢氧化铝。,"因此,只有<unk>氧化物被产生.",1,1,"['▁因此', ',', '仅', '生', '成了', '氢', '氧化', '铝', '<unk>', '<pad>']"
3186,"Southern African (South Africa, Zimbabwe, Namibia)",spk_1492,These are in the tundra biome.,这些都在苔原生物群系中。,这些都在<unk>原生物圈.,1,1,"['▁这些', '都在', '苔', '原', '生物', '群', '系', '中', '<unk>', '<pad>']"
3209,"Southern African (South Africa, Zimbabwe, Namibia)",spk_0991,"Before him was an enormous white horse, rearing over him with a frightening scream.",他面前是一匹巨大的白马，在他的头顶上发出一声可怕的尖叫。,"在他面前是一匹巨大的白马, 在他身上<unk>起了可怕的尖叫.",1,1,"['▁他', '面前', '是一', '匹', '巨大的', '白', '马', ',', '在', '他的', '头', '顶', '上', '发出', '一', '声', '可怕', '的', '尖', '叫', '<unk>', '<pad>']"
3212,"Southern African (South Africa, Zimbabwe, Namibia)",spk_0952,"When a fox hears a rabbit screaming it comes running, but not to help.",当狐狸听到兔子的尖叫声时，它跑了过来，但不是来帮忙的。,"当狐<unk>听到<unk>子尖叫时,它会跑来,但不是来帮助.",2,1,"['▁当', '狐', '狸', '听到', '兔', '子的', '尖', '叫', '声', '时', ',', '它', '跑', '了', '过', '来', ',', '但', '不是', '来', '帮', '忙', '的', '<unk>']"
3218,"Southern African (South Africa, Zimbabwe, Namibia)",spk_1470,The loafers and golf caddies were used to hanging out near the railway station.,懒汉和高尔夫球童习惯在火车站附近闲逛。,摩托车和高尔夫球手习惯在火车站附近<unk>.,1,1,"['▁', '懒', '汉', '和', '高', '尔', '夫', '球', '童', '习惯', '在', '火', '车', '站', '附近', '闲', '逛', '<unk>']"
3219,"Southern African (South Africa, Zimbabwe, Namibia)",spk_1533,The Girl Guide emblem is set upon a banner of the flag of Estonia.,女童军的徽章被挂在爱沙尼亚国旗的旗帜上。,女导游的标志是印在爱沙尼亚国旗的旗<unk>上.,1,1,"['▁女', '童', '军', '的', '徽', '章', '被', '挂', '在', '爱', '沙', '尼亚', '国', '旗', '的', '旗', '帜', '上', '<unk>', '<pad>']"
3227,"Southern African (South Africa, Zimbabwe, Namibia)",spk_0954,The hydrogen gas escaped.,氢气漏出。,<unk>气已经逃脱.,1,1,"['▁', '氢', '气', '漏', '出', '<unk>']"
3238,"Southern African (South Africa, Zimbabwe, Namibia)",spk_0820,Could Aunt Dahlia have slept on it and changed her mind?,Dahlia 姨妈已经睡在上面改变主意了吗？,"达利亚阿<unk>可能睡过了,改变了主意吗?",1,0,"['▁Dahl', 'ia', '▁', '姨', '妈', '已经', '睡', '在', '上面', '改变', '主', '意', '了', '吗', '?', '<pad>']"
3257,"Southern African (South Africa, Zimbabwe, Namibia)",spk_0253,"A trill, or shake A triplet.",颤音，或震动三连音符,"一个<unk>,或摇动一个三重奏.",1,0,"['▁', '颤', '音', ',', '或', '震', '动', '三', '连', '音', '符', '<pad>']"
3266,"Southern African (South Africa, Zimbabwe, Namibia)",spk_0484,I believe that there are lots of spiders gathering in the attic.,我相信有许多蜘蛛聚集在阁楼上。,我相信有很多蜘蛛聚集在<unk>楼上.,1,1,"['▁我', '相信', '有', '许多', '蜘', '蛛', '聚', '集', '在', '阁', '楼', '上', '<unk>', '<pad>']"
3271,"Southern African (South Africa, Zimbabwe, Namibia)",spk_1533,Toulet engaged a correspondence with Machen and visited him in London.,图莱与马肯进行了通信，并在伦敦拜访了他。,"图莱特与马<unk>进行了信件交流,并在伦敦拜访他.",1,1,"['▁', '图', '莱', '与', '马', '肯', '进行了', '通信', ',', '并在', '伦敦', '拜', '访', '了他', '<unk>', '<pad>']"
3279,"Southern African (South Africa, Zimbabwe, Namibia)",spk_1452,"All of the species from this family have free-living, aquatic tadpoles.",这个家族的所有物种都有自由生活的水生蝌蚪。,"这一家族的所有物种都有自由生活,水生<unk>.",1,1,"['▁这个', '家族', '的所有', '物', '种', '都有', '自由', '生活的', '水', '生', '蝌', '蚪', '<unk>', '<pad>']"
3289,"Southern African (South Africa, Zimbabwe, Namibia)",spk_0253,"Yeah, I had a bit of a poke at that and failed to work out what was wrong.",是啊，我想了一下，但没弄清楚是怎么回事。,"是的,我有点<unk>,但没有弄清楚有什么问题.",1,1,"['▁是', '啊', ',', '我想', '了一', '下', ',', '但', '没', '弄', '清楚', '是', '怎么', '回', '事', '<unk>']"
3306,"Southern African (South Africa, Zimbabwe, Namibia)",spk_0178,"It produces principally maize, potatoes, apples, pear and plum.",这里主要生产玉米、土豆、苹果、梨和李子。,"它主要生产玉米,土豆,<unk>果,梨和梅.",1,4,"['▁这里', '主要', '生产', '玉', '米', '<unk>', '土', '豆', '<unk>', '苹果', '<unk>', '梨', '和', '李', '子', '<unk>']"
3315,"Southern African (South Africa, Zimbabwe, Namibia)",spk_1584,"Looking down at the spoon he held, the boy saw that the oil was gone.",男孩低头看着手中的勺子，发现油不见了。,"这个男孩看着他手里的<unk>匙, 看到油已经消失了.",1,1,"['▁男', '孩', '低', '头', '看', '着', '手', '中的', '勺', '子', ',', '发现', '油', '不', '见', '了', '<unk>', '<pad>']"
3320,"Southern African (South Africa, Zimbabwe, Namibia)",spk_1129,He disappeared into the tent.,他消失在帐篷里。,他消失在帐<unk>里.,1,1,"['▁他', '消失', '在', '帐', '篷', '里', '<unk>', '<pad>']"
3325,"Southern African (South Africa, Zimbabwe, Namibia)",spk_0425,"Never advertise razors by shaving a monkey, it's cruel and results in lawsuits.",千万不要通过给猴子剃毛来为剃须刀做广告，这很残忍，而且会导致法律诉讼。,"永远不要通过剃须<unk>子来宣传剃须刀, 这是残酷的,",1,1,"['▁千', '万', '不要', '通过', '给', '猴', '子', '剃', '毛', '来', '为', '剃', '须', '刀', '做', '广告', ',', '这', '很', '残', '忍', ',', '而且', '会', '导致', '法律', '诉讼', '<unk>']"
3339,"Southern African (South Africa, Zimbabwe, Namibia)",spk_0340,I couldn’t stop staring at it.,我不停地盯着它。,我无法停止<unk>着它.,1,1,"['▁我不', '停', '地', '盯', '着', '它', '<unk>', '<pad>']"
3344,"Southern African (South Africa, Zimbabwe, Namibia)",spk_1410,And the sand and gravel had been flung violently in every direction.,沙砾石猛烈地抛向四面八方。,沙子和<unk>石已经被猛烈地扔到各个方向.,1,1,"['▁沙', '砾', '石', '猛', '烈', '地', '抛', '向', '四', '面', '八', '方', '<unk>', '<pad>']"
3347,"Southern African (South Africa, Zimbabwe, Namibia)",spk_0284,I've made some delicious pancakes this morning.,今天早上我做了一些美味的煎饼。,我今天早上做了一些美味的<unk>饼.,1,1,"['▁今天', '早上', '我', '做', '了一些', '美', '味', '的', '煎', '饼', '<unk>', '<pad>']"
3354,"Southern African (South Africa, Zimbabwe, Namibia)",spk_0869,Imagined monstrosities capered and gibbered in his imagination as he tried not to look behind him.,想象出的怪物在他的想象中蹦蹦跳跳、胡言乱语，而他尽量不回头看。,"想象中的怪物在他的想象中<unk>动和<unk>动,因为他试图不看后面.",2,2,"['▁想', '象', '出的', '怪', '物', '在', '他的', '想象', '中', '蹦', '蹦', '跳', '跳', '<unk>', '胡', '言', '乱', '语', ',', '而', '他', '尽', '量', '不', '回', '头', '看', '<unk>']"
3358,"Southern African (South Africa, Zimbabwe, Namibia)",spk_1367,And you preferred a cannibal isle and a cartridge belt.,你更喜欢食人岛和子弹带。,你更喜欢一个食人岛和弹<unk>带.,1,1,"['▁你', '更', '喜欢', '食', '人', '岛', '和', '子', '弹', '带', '<unk>', '<pad>']"
3361,"Southern African (South Africa, Zimbabwe, Namibia)",spk_0829,The whole thing seemed depressingly futile.,整件事似乎毫无结果。,整个事情似乎令人<unk>丧的徒劳.,1,1,"['▁', '整', '件事', '似乎', '毫无', '结果', '<unk>', '<pad>']"
3367,"Southern African (South Africa, Zimbabwe, Namibia)",spk_0889,The homeless seem to like soup.,无家可归者似乎喜欢喝汤。,无家可归的人似乎喜欢<unk>.,1,1,"['▁无', '家', '可', '归', '者', '似乎', '喜欢', '喝', '汤', '<unk>']"
3369,"Southern African (South Africa, Zimbabwe, Namibia)",spk_0068,He heard a muffled grating sound and saw the black mark jerk forward an inch or so.,他听到一个低沉的光栅声，看到黑色的标记向前跳动了一英寸左右。,"他听到一个<unk>的<unk>声, 看到黑色的痕迹向前<unk>一英寸或如此.",3,1,"['▁他', '听到', '一个', '低', '沉', '的', '光', '栅', '声', ',', '看到', '黑', '色的', '标', '记', '向', '前', '跳', '动', '了一', '英寸', '左右', '<unk>', '<pad>']"
3371,"Southern African (South Africa, Zimbabwe, Namibia)",spk_1399,"The scabbard was embossed in silver, and the handle was black and encrusted with precious stones.",刀鞘是银制的，刀柄是黑色的，上面镶嵌着宝石。,"<unk>子是用银雕刻的, 手柄是黑色的, <unk>上有宝石.",2,1,"['▁', '刀', '鞘', '是', '银', '制', '的', ',', '刀', '柄', '是', '黑', '色的', ',', '上面', '镶', '嵌', '着', '宝', '石', '<unk>', '<pad>']"
3377,"Southern African (South Africa, Zimbabwe, Namibia)",spk_0582,Meyenberg became a very profitable company because of its government contracts.,由于与政府签订合同，美恩宝成为了一家非常赚钱的公司。,梅恩伯格因其政府合同而成为一家非常<unk>利的公司.,1,1,"['▁由于', '与', '政府', '签', '订', '合同', ',', '美', '恩', '宝', '成为', '了一', '家', '非常', '赚', '钱', '的公司', '<unk>']"
3412,"Southern African (South Africa, Zimbabwe, Namibia)",spk_0125,Right-sided and bilateral varicoceles do also occur.,也会出现右侧和双侧静脉曲张。,右侧和双边的<unk>也发生.,1,1,"['▁也', '会', '出现', '右', '侧', '和', '双', '侧', '静', '脉', '曲', '张', '<unk>', '<pad>']"
3423,"Southern African (South Africa, Zimbabwe, Namibia)",spk_1492,"The word nanosecond is formed by the prefix ""nano"" and the unit ""second"".",纳秒一词由前缀“ nano”和单位“ second”组成。,"纳米秒是由前<unk>""纳米""和单位""秒""组成的.",1,5,"['▁', '纳', '秒', '一', '词', '由', '前', '缀', '<unk>', '▁nano', '<unk>', '和', '单位', '<unk>', '▁second', '<unk>', '组成', '<unk>']"
3429,"Southern African (South Africa, Zimbabwe, Namibia)",spk_1396,They formed heaps that are visible a mile and a half away.,他们堆积在一起，一英里半以外都可以看到。,它们形成了可以从一英里半的距离上看到堆<unk>.,1,1,"['▁他们', '堆', '积', '在一起', ',', '一', '英里', '半', '以外', '都可以', '看到', '<unk>']"
3431,"Southern African (South Africa, Zimbabwe, Namibia)",spk_0864,He turned on the microphone just as the hen was ready to squawk.,他打开麦克风的时候，母鸡正在啼叫,"他打开了麦克风,正当<unk>准备<unk>叫时.",2,0,"['▁他', '打开', '麦', '克', '风', '的时候', ',', '母', '鸡', '正在', '啼', '叫']"
3437,"Southern African (South Africa, Zimbabwe, Namibia)",spk_1276,She bought three cod fishes to cook for dinner.,她买了三条鳕鱼做晚餐。,她买了三条<unk>鱼做晚餐.,1,2,"['▁她', '买', '了', '三', '条', '<unk>', '鱼', '做', '晚', '餐', '<unk>', '<pad>']"
3450,"Southern African (South Africa, Zimbabwe, Namibia)",spk_0153,"His hands were abraded and exhausted, but he listened to his heart.",他的手擦伤了，他筋疲力尽，但他倾听自己的心声。,"他的手是磨损和疲<unk>, 但他听从他的心.",1,1,"['▁他的', '手', '擦', '伤', '了', ',', '他', '筋', '疲', '力', '尽', ',', '但', '他', '倾', '听', '自己的', '心', '声', '<unk>']"
3452,"Southern African (South Africa, Zimbabwe, Namibia)",spk_1370,"The boy prodded them, one by one, with his crook, calling each by name.",一个接一个，男孩用他的杖捅了捅它们，叫着每一只的名字。,"这个男孩用他的<unk>子逐个<unk>着他们,叫每一个名字.",2,1,"['▁一个', '接', '一个', ',', '男孩', '用', '他的', '杖', '捅', '了', '捅', '它们', ',', '叫', '着', '每一', '只', '的名字', '<unk>', '<pad>']"
3461,"Southern African (South Africa, Zimbabwe, Namibia)",spk_0943,He disappeared into the tent.,他消失在帐篷里。,他消失在帐<unk>里.,1,1,"['▁他', '消失', '在', '帐', '篷', '里', '<unk>', '<pad>']"
3471,"Southern African (South Africa, Zimbabwe, Namibia)",spk_1283,A sweater is known as a jumper in England.,一件毛衣在英格兰被称为跳线。,"在英格兰,毛衣被称为<unk>子.",1,1,"['▁一', '件', '毛', '衣', '在', '英格兰', '被称为', '跳', '线', '<unk>']"
3490,"Southern African (South Africa, Zimbabwe, Namibia)",spk_0153,"I had the ""everyone has Gary Busey's teeth"" dream again.",我又做了“每个人都有 Gary Busey 的牙齿”的梦。,"我又梦见""每个人都有加里·布西的牙<unk>"".",1,3,"['▁我', '又', '做了', '<unk>', '每个人', '都有', '▁Gary', '▁Bus', 'ey', '▁的', '牙', '齿', '<unk>', '的', '梦', '<unk>']"
3498,"Southern African (South Africa, Zimbabwe, Namibia)",spk_1362,He began playing guitar and soon added dobro and lap steel.,他开始弹吉他，并很快加入了感声吉他和电吉他。,"他开始弹吉他,很快就加入了多博和<unk>钢.",1,1,"['▁他', '开始', '弹', '吉他', ',', '并', '很快', '加入', '了', '感', '声', '吉他', '和', '电', '吉他', '<unk>']"
3510,"Southern African (South Africa, Zimbabwe, Namibia)",spk_1518,The non-combat proficiency equivalent is the Expert Field Medical Badge.,“野战医务专家技能章”等同于非战斗类技能章。,非战斗能力的等价是专家现场医疗<unk>章.,1,3,"['▁', '<unk>', '野', '战', '医', '务', '专家', '技能', '章', '<unk>', '等', '同', '于', '非', '战斗', '类', '技能', '章', '<unk>', '<pad>']"
3515,"Southern African (South Africa, Zimbabwe, Namibia)",spk_0397,He had surprised himself with the thought.,这个想法使他自己也吃了一惊。,他对这个想法感到惊<unk>.,1,1,"['▁这个', '想法', '使', '他', '自己', '也', '吃', '了一', '惊', '<unk>']"
3535,"Southern African (South Africa, Zimbabwe, Namibia)",spk_0178,The cover art is by Ed Roth and Dave Christensen.,封面艺术是 Ed Roth 和 Dave Christensen 的作品。,封面是由埃德·罗斯和戴夫·克里斯<unk>森创作的.,1,1,"['▁', '封', '面', '艺术', '是', '▁Ed', '▁Roth', '▁和', '▁Dave', '▁Christ', 'ensen', '▁的', '作品', '<unk>']"
3540,"Southern African (South Africa, Zimbabwe, Namibia)",spk_0388,"Directed by Gaylene Preston, the film was also called ""Bread and Roses"".",这部电影由盖琳·普雷斯顿执导，也被称为“面包和玫瑰”。,"这部电影由盖琳·普雷斯顿执导,也被称为""面包和<unk>"".",1,2,"['▁这部电影', '由', '盖', '琳', '·', '普', '雷', '斯', '顿', '执', '导', ',', '也', '被称为', '<unk>', '面', '包', '和', '玫', '瑰', '<unk>', '<pad>']"
3552,"Southern African (South Africa, Zimbabwe, Namibia)",spk_0034,The turf and gravel around it seemed charred as if by a sudden explosion.,周围的草皮和碎石似乎被突然的爆炸烧焦了。,"周围的草<unk>和<unk>石似乎被燃烧,好像突然爆炸.",2,1,"['▁周', '围', '的', '草', '皮', '和', '碎', '石', '似乎', '被', '突然', '的', '爆炸', '烧', '焦', '了', '<unk>', '<pad>']"
3555,"Southern African (South Africa, Zimbabwe, Namibia)",spk_1241,Is that how your niece began?,你侄女就是这样开始的吗？,你的<unk>女是这样开始的吗?,1,0,"['▁你', '侄', '女', '就是', '这样', '开始', '的', '吗', '?', '<pad>']"
3575,"Southern African (South Africa, Zimbabwe, Namibia)",spk_0153,"It swayed in the air, like weeping willows.",它在空中摇曳，像垂柳。,"它在空气中摇摆,就像哭<unk>.",1,1,"['▁它', '在', '空中', '摇', '曳', ',', '像', '垂', '柳', '<unk>']"
3610,United States English,spk_1000,Jackie Chan is a famous martial artist and actor from Hong Kong.,成龙是香港著名的武术家和演员。,杰基·<unk>是一位著名的武术家和演员.,1,1,"['▁成', '龙', '是', '香港', '著名的', '武', '术', '家', '和', '演员', '<unk>', '<pad>']"
3620,United States English,spk_0920,Oak is strong and also gives shade.,橡木很结实，也能遮荫。,"<unk>树是坚固的,也提供了阴影.",1,1,"['▁', '橡', '木', '很', '结', '实', ',', '也', '能', '遮', '荫', '<unk>']"
3638,United States English,spk_0918,A large piece suddenly came off and fell with a loud and sharp noise.,一大块突然脱落了，伴随着又大又尖的声响掉了下来。,"一块大块突然脱落,并与一个大声和尖<unk>的噪音.",1,1,"['▁一', '大', '块', '突然', '脱', '落', '了', ',', '伴', '随着', '又', '大', '又', '尖', '的', '声', '响', '掉', '了', '下来', '<unk>', '<pad>']"
3641,United States English,spk_0494,She stared at him.,她盯着他看。,她<unk>着他看.,1,1,"['▁她', '盯', '着', '他', '看', '<unk>']"
3646,United States English,spk_0370,"You made your bed, now you must lie in it.",您已经整理好床铺，现在您应该已经躺在床上了。,"你已经<unk>好了你的床,现在你必须躺在上面.",1,1,"['▁您', '已经', '整理', '好', '床', '铺', ',', '现在', '您', '应该', '已经', '躺', '在', '床', '上了', '<unk>']"
3658,United States English,spk_0759,"The Englishman prodded him, and the boy asked her about the man who cured people's illnesses.",英国人戳了他一下，男孩就问她是谁治好了人们的病。,"这位英国人<unk>他,男孩问她关于治愈人们疾病的人.",1,1,"['▁英国', '人', '戳', '了他', '一下', ',', '男孩', '就', '问', '她', '是', '谁', '治', '好了', '人们', '的', '病', '<unk>']"
3664,United States English,spk_0821,Among his more notable interview subjects were Bob Marley and Lou Reed.,在他的采访对象中，更为知名的包括 Bob Marley 和 Lou Reed。,他最著名的采访对象包括<unk>勃·马利和卢·里德.,1,1,"['▁在', '他的', '采', '访', '对象', '中', ',', '更为', '知', '名的', '包括', '▁Bob', '▁Mar', 'ley', '▁和', '▁Lou', '▁Reed', '<unk>']"
3668,United States English,spk_0279,"Hey Lucy, have you remembered the lyrics for the anthem yet?",嘿，露西，你还记得国歌的歌词吗？,"<unk>,露西,你已经记得了国歌的歌词了吗?",1,0,"['▁', '嘿', ',', '露', '西', ',', '你', '还', '记', '得', '国', '歌', '的', '歌', '词', '吗', '?', '<pad>']"
3676,United States English,spk_0673,"She danced like a swan, tall and graceful.",她跳起舞来就像只天鹅，高挑而优雅。,"她像天<unk>一样跳舞,高大优雅.",1,1,"['▁她', '跳', '起', '舞', '来', '就像', '只', '天', '鹅', ',', '高', '挑', '而', '优', '雅', '<unk>']"
3682,United States English,spk_1406,Whitings are small fish caught in nets.,鳕鱼是小鱼，用网捕捉。,白<unk>是被网捕获的小鱼.,1,2,"['▁', '<unk>', '鱼', '是', '小', '鱼', ',', '用', '网', '捕', '捉', '<unk>']"
3697,United States English,spk_0052,Apple pie is an iconic dish.,苹果派是一道标志性的菜肴。,<unk>果派是一个标志性的菜<unk>.,2,1,"['▁', '苹果', '派', '是一', '道', '标志', '性的', '菜', '肴', '<unk>']"
3698,United States English,spk_1569,Steam hissed from the broken valve.,蒸汽从阀门的破裂处发出嘶嘶声。,蒸汽从破碎的<unk>门发出<unk>声.,2,1,"['▁', '蒸', '汽', '从', '阀', '门', '的', '破', '裂', '处', '发出', '嘶', '嘶', '声', '<unk>', '<pad>']"
3702,United States English,spk_1491,The steady drip is worse than a drenching rain.,持续不断的滴水比倾盆大雨还糟糕。,稳定的滴水比沉<unk>的雨更糟糕.,1,1,"['▁', '持续', '不断', '的', '滴', '水', '比', '倾', '盆', '大', '雨', '还', '糟糕', '<unk>']"
3707,United States English,spk_0037,"It was steel, a fisher trap.",那是一个钢制的捕鱼陷阱。,"这是一个钢铁,一个渔民陷<unk>.",1,1,"['▁那', '是一个', '钢', '制', '的', '捕鱼', '陷', '阱', '<unk>', '<pad>']"
3709,United States English,spk_0777,Do the roses compete in athletic events?,体育比赛有玫瑰吗？,<unk>在体育比赛中参加比赛吗?,1,0,"['▁', '体育', '比赛', '有', '玫', '瑰', '吗', '?']"
3720,United States English,spk_1188,Tin cans are absent from store shelves.,商店的货架上没有罐头。,<unk>罐在商店的货架上没有.,1,1,"['▁', '商店', '的', '货', '架', '上', '没有', '罐', '头', '<unk>']"
3727,United States English,spk_1121,Why do people even eat peanut butter and jelly?,为什么人们会吃花生酱和果冻？,人们为什么要吃花生<unk>和果<unk>呢?,2,0,"['▁为什么', '人们', '会', '吃', '花', '生', '酱', '和', '果', '冻', '?', '<pad>']"
3729,United States English,spk_0455,Yovel is the transliteration of the Hebrew word for Jubilee.,Yovel 是希伯来语 Jubilee 的音译。,"约维尔是希伯来语""<unk>年""的翻译.",1,1,"['▁Y', 'ov', 'el', '▁是', '希', '伯', '来', '语', '▁Jub', 'ilee', '▁的', '音', '译', '<unk>']"
3732,United States English,spk_0675,"Marc, would you please give me the fly swatter?",Marc，你能把苍蝇拍给我吗？,"马克,你能把<unk>击机给我吗?",1,0,"['▁Marc', ',', '你', '能', '把', '苍', '蝇', '拍', '给我', '吗', '?', '<pad>']"
3734,United States English,spk_0929,"Simon tried to evade, but Timmy restrained him.",Simon 试图躲开，但 Timmy 阻止了他。,"西蒙试图逃避,但蒂米<unk>住了他.",1,1,"['▁Simon', '▁', '试图', '躲', '开', ',', '但', '▁Tim', 'my', '▁', '阻止', '了他', '<unk>', '<pad>']"
3742,United States English,spk_1298,The hail pattered on the burnt brown grass.,冰雹拍打着烧焦的棕色草地。,冰雹在烧焦的棕色草地上<unk>.,1,1,"['▁', '冰', '雹', '拍', '打', '着', '烧', '焦', '的', '棕', '色', '草', '地', '<unk>']"
3743,United States English,spk_0803,You mean spies and things like that?,你是说间谍之类的？,你的意思是间<unk>和类似的东西?,1,0,"['▁你', '是', '说', '间', '谍', '之', '类', '的', '?', '<pad>']"
3749,United States English,spk_1344,Inscripted abecedarium on rock engraves in Valle Camonica.,在卡莫尼卡山谷的岩石上有一座雕刻教堂。,在卡莫尼卡山谷的岩石雕刻上刻有<unk>章.,1,1,"['▁在', '卡', '莫', '尼', '卡', '山', '谷', '的', '岩', '石', '上', '有一', '座', '雕', '刻', '教堂', '<unk>', '<pad>']"
3752,United States English,spk_0056,"Pencils down, time is over.",请放下铅笔，时间到了。,"放下<unk>笔,时间过去了.",1,1,"['▁请', '放', '下', '铅', '笔', ',', '时间', '到了', '<unk>', '<pad>']"
3760,United States English,spk_0622,"Their granddaughter Ann married Lewis Bayly, Bishop of Bangor.",他们的孙女 Ann 嫁给了班格尔的主教 Lewis Bayly。,他们的孙女安妮嫁给了班戈的主教<unk>易斯·贝利.,1,1,"['▁他们', '的', '孙', '女', '▁Ann', '▁', '嫁', '给', '了', '班', '格', '尔', '的', '主教', '▁Lewis', '▁Bay', 'ly', '<unk>']"
3763,United States English,spk_1125,He does but shrug his head.,他耸了耸肩。,他只<unk>着头.,1,1,"['▁他', '耸', '了', '耸', '肩', '<unk>']"
3769,United States English,spk_0696,This is a very large vegetable stand under a white tent.,这是一个非常大的蔬菜摊，搭着白色的帐篷。,这是一个非常大的蔬菜摊位在白色帐<unk>下.,1,1,"['▁这是一个', '非常', '大的', '蔬', '菜', '摊', ',', '搭', '着', '白', '色的', '帐', '篷', '<unk>']"
3784,United States English,spk_1053,He was eventually defeated in the eighth round of voting by Baldwin Lonsdale.,他最终在投票的第八轮输给了 Baldwin Lonsdale。,他最终在第八轮投票中被<unk>德温·隆斯代尔击败.,1,1,"['▁他', '最终', '在', '投票', '的第', '八', '轮', '输', '给', '了', '▁Baldwin', '▁L', 'ons', 'dale', '<unk>', '<pad>']"
3801,United States English,spk_0659,Scattered groups of people were hurrying from the direction of Woking.,分散的人群正从 Woking 方向匆匆赶来。,散落的人群从沃金的方向<unk>忙.,1,1,"['▁分', '散', '的人', '群', '正', '从', '▁W', 'oking', '▁', '方向', '匆', '匆', '赶', '来', '<unk>', '<pad>']"
3806,United States English,spk_0070,"Yesterday he felt invincible, now he has a hangover.",昨天他觉得自己绝不会醉，现在他宿醉了。,"昨天他觉得自己是无敌的,现在他<unk>了.",1,1,"['▁昨', '天', '他', '觉得', '自己', '绝', '不会', '醉', ',', '现在', '他', '宿', '醉', '了', '<unk>', '<pad>']"
3809,United States English,spk_1009,"As the astronaut walked into the translucent pod, it transformed into an opaque material.",当宇航员走进半透明的舱时，它变成了一种不透明的材料。,"当宇航员走进半透明<unk>时, 它变成了一种不透明的材料.",1,1,"['▁当', '宇', '航', '员', '走', '进', '半', '透明', '的', '舱', '时', ',', '它', '变成', '了一', '种', '不', '透明', '的', '材料', '<unk>', '<pad>']"
3818,United States English,spk_1552,"I ate a dish with rice, spaghetti, hummus, and caramelized onions.",我吃了一盘米饭、意大利面、鹰嘴豆泥和焦糖洋葱。,"我吃了一道饭, 意大利面, 胡麻, 和焦糖洋<unk>.",1,3,"['▁我', '吃', '了一', '盘', '米', '饭', '<unk>', '意大利', '面', '<unk>', '鹰', '嘴', '豆', '泥', '和', '焦', '糖', '洋', '葱', '<unk>']"
3826,United States English,spk_1246,A zyzzyva is an American weevil.,zyzzyva是美国象鼻虫。,是美国<unk>虫.,1,1,"['▁z', 'yz', 'zy', 'va', '是', '美国', '象', '鼻', '虫', '<unk>']"
3830,United States English,spk_0785,"Instead, the stranger lowered it slowly, until the point touched the boy's forehead.",然而，陌生人缓缓将其放下，直到端部碰到了男孩的额头。,"陌生人慢慢地把它放下, 直到尖<unk>触及男孩的额头.",1,1,"['▁然而', ',', '陌', '生', '人', '缓', '缓', '将其', '放', '下', ',', '直到', '端', '部', '碰', '到了', '男孩', '的', '额', '头', '<unk>', '<pad>']"
3835,United States English,spk_1576,"The boy was surprised, and then irritated.",男孩很惊讶，然后恼怒。,"这个男孩很惊<unk>,然后生气.",1,1,"['▁男', '孩', '很', '惊', '讶', ',', '然后', '恼', '怒', '<unk>']"
3844,United States English,spk_0026,Samuel wrote in his testament that his grandchildren should inherit all his money.,Samuel 在遗嘱中写道，他的孙子应该继承他所有的财产。,"塞<unk>尔在遗嘱中写道,他的孙子应该继承他的所有钱.",1,1,"['▁Samuel', '▁在', '遗', '嘱', '中', '写', '道', ',', '他的', '孙', '子', '应该', '继', '承', '他', '所有的', '财产', '<unk>']"
3857,United States English,spk_0971,The hydrogen gas escaped.,氢气漏出。,<unk>气已经逃脱了.,1,1,"['▁', '氢', '气', '漏', '出', '<unk>']"
3877,United States English,spk_1531,I bet you forgot the wine!,我打赌你忘了酒！,我敢打<unk>你忘了葡萄酒!,1,0,"['▁我', '打', '赌', '你', '忘', '了', '酒', '!']"
3880,United States English,spk_0502,"The Anamudi peak area is also habitat of a unique frog ""Raorchestes resplendens"".",Anamudi峰区也是独特的红色青蛙“ Raorchestes resplendens”的栖息地。,"阿纳穆迪山峰地区也是独特的青<unk>""Raorchestes resplendens""的<unk>息地.",2,3,"['▁An', 'am', 'udi', '峰', '区', '也是', '独', '特的', '红', '色', '青', '蛙', '<unk>', '▁Ra', 'or', 'ch', 'estes', '▁res', 'pl', 'end', 'ens', '<unk>', '的', '栖', '息', '地', '<unk>', '<pad>']"
3889,United States English,spk_0860,Mantled gules doubled argent.,红色的叠加使银色倍增。,蒙着<unk>的<unk>子加倍的银子.,2,1,"['▁红', '色的', '叠', '加', '使', '银', '色', '倍', '增', '<unk>']"
3893,United States English,spk_0458,"Later, the Nine Olympian Muses were named.",后来，九位奥林匹亚的缪斯女神被命名。,"后来,九位奥林匹克神<unk>被命名.",1,1,"['▁', '后来', ',', '九', '位', '奥', '林', '匹', '亚', '的', '缪', '斯', '女', '神', '被', '命名', '<unk>', '<pad>']"
3896,United States English,spk_0955,Pull the hook to toggle the jukebox.,拉动挂钩来切换点唱机。,拉动<unk>子来开启音乐盒.,1,1,"['▁拉', '动', '挂', '钩', '来', '切', '换', '点', '唱', '机', '<unk>', '<pad>']"
3904,United States English,spk_1265,"Oh, you are, eh?",哦，是吗？,"<unk>,你是,是吗?",1,0,"['▁', '哦', ',', '是', '吗', '?']"
3906,United States English,spk_1201,The crowd swayed a little as I elbowed my way through.,我用手肘挤出一条道时，人群微微摇晃了一下。,"当我<unk>肘穿过时, 群众有点摇摆.",1,1,"['▁我', '用', '手', '肘', '挤', '出', '一', '条', '道', '时', ',', '人', '群', '微', '微', '摇', '晃', '了一', '下', '<unk>']"
3911,United States English,spk_1195,The hull husk and the full in plenty Virtue is the highest good.,船体外壳和充足的食物 美德是最高的善,船体外<unk>和充足的美德是最高的善,1,0,"['▁', '船', '体', '外', '壳', '和', '充', '足', '的', '食物', '▁美', '德', '是', '最高的', '善', '<pad>']"
3926,United States English,spk_0100,"Examples include a beef Manhattan, a hot chicken sandwich in Canada, or Welsh rarebit.",例如曼哈顿的牛肉，加拿大的热鸡肉三明治，或者威尔士干酪。,"例如牛肉曼哈顿,加拿大热<unk>三明治,或威尔士稀罕.",1,1,"['▁例如', '曼', '哈', '顿', '的', '牛', '肉', ',', '加拿', '大的', '热', '鸡', '肉', '三', '明', '治', ',', '或者', '威尔', '士', '干', '酪', '<unk>', '<pad>']"
3947,United States English,spk_0676,Why are gully covers round?,为什么泄水沟盖是圆的？,为什么<unk>沟的盖子是圆的?,1,0,"['▁为什么', '泄', '水', '沟', '盖', '是', '圆', '的', '?', '<pad>']"
3948,United States English,spk_1226,So now I'm a camel driver.,所以现在我是一名骆驼司机了。,所以现在我是一个<unk>驼司机.,1,1,"['▁所以', '现在', '我', '是一名', '骆', '驼', '司', '机', '了', '<unk>']"
3949,United States English,spk_1558,"Gossips are frogs, they drink and talk.","饶舌者是青蛙,边喝水边交谈。","八<unk>是青<unk>,他们喝酒和说话.",2,1,"['▁', '饶', '舌', '者', '是', '青', '蛙', ',', '边', '喝', '水', '边', '交', '谈', '<unk>', '<pad>']"
3969,United States English,spk_1292,"If you lose your temper, don't look for it.",如果你发脾气，不要再把脾气找回来。,"如果你失去了你的<unk>气,不要寻找它.",1,1,"['▁如果你', '发', '脾', '气', ',', '不要', '再', '把', '脾', '气', '找', '回', '来', '<unk>']"
3987,United States English,spk_0109,"Please stop the recording by pressing the button again, when you have finished reading this sentence.",当你读完这句话后，请再按一次按钮，停止录音。,"请在读完这句话后,再次按下按<unk>来停止录制.",1,1,"['▁当', '你', '读', '完', '这', '句话', '后', ',', '请', '再', '按', '一次', '按', '钮', ',', '停止', '录', '音', '<unk>', '<pad>']"
3999,United States English,spk_0707,Note: best sellers of the year are bold.,注：今年的畅销书均以粗体显示。,注意:今年最<unk>销的书是大胆的.,1,1,"['▁注', ':', '今', '年的', '畅', '销', '书', '均', '以', '粗', '体', '显示', '<unk>', '<pad>']"
4002,United States English,spk_0967,The loafers and golf caddies were used to hanging out near the railway station.,懒汉和高尔夫球童习惯在火车站附近闲逛。,劳<unk>和高尔夫球手习惯在火车站附近<unk>.,2,1,"['▁', '懒', '汉', '和', '高', '尔', '夫', '球', '童', '习惯', '在', '火', '车', '站', '附近', '闲', '逛', '<unk>']"
4003,United States English,spk_0692,The ship was torn apart on the sharp reef.,船在尖锐的暗礁上被撞得四分五裂。,这艘船在尖<unk>的珊瑚礁上被撕碎了.,1,1,"['▁', '船', '在', '尖', '锐', '的', '暗', '礁', '上', '被', '撞', '得', '四', '分', '五', '裂', '<unk>', '<pad>']"
4017,United States English,spk_0754,My roommate’s boyfriend is taking up two shelves of fridge space with his beer.,我室友的男朋友的啤酒占据了冰箱的两格空间。,我室友的男朋友用他的<unk>酒占据了冰箱的两个架子.,1,1,"['▁我', '室', '友', '的', '男', '朋友', '的', '啤', '酒', '占', '据', '了', '冰', '箱', '的', '两', '格', '空间', '<unk>', '<pad>']"
4030,United States English,spk_1037,The game ends when all the Chuckies are exhausted.,当所有小鸡都精疲力尽时，游戏结束。,"游戏结束时,所有查基都疲<unk>不堪.",1,1,"['▁当', '所有', '小', '鸡', '都', '精', '疲', '力', '尽', '时', ',', '游戏', '结束', '<unk>']"
4031,United States English,spk_1191,Zappia has also won ten National Championships in powerlifting.,扎皮亚还拿过十次全国举重冠军。,扎皮亚还赢得了十次国家<unk>力运动冠军.,1,1,"['▁', '扎', '皮', '亚', '还', '拿', '过', '十', '次', '全国', '举', '重', '冠军', '<unk>']"
4037,United States English,spk_1224,Jacqueline has an ulcer on her bottom lip.,Jacqueline 的下嘴唇有溃疡。,杰奎琳的下唇上有一个<unk>.,1,1,"['▁Jac', 'quel', 'ine', '▁的', '下', '嘴', '唇', '有', '溃', '疡', '<unk>', '<pad>']"
4038,United States English,spk_1233,Best to bend it while it's a twig.,当它还是一根小树枝的时候，最好把它弄弯。,最好在树枝还小的时候<unk>曲.,1,1,"['▁当', '它', '还', '是一', '根', '小', '树', '枝', '的时候', ',', '最好', '把它', '弄', '弯', '<unk>', '<pad>']"
4041,United States English,spk_0776,"Following Portsmouth's relegation, Diop was considered likely to be released.",在朴茨茅斯降级之后，有人认为 Diop 可能会转会。,"在波茨<unk>斯降级后,迪奥普被认为很可能被释放.",1,1,"['▁在', '朴', '茨', '茅', '斯', '降', '级', '之后', ',', '有人', '认为', '▁Di', 'op', '▁', '可能会', '转', '会', '<unk>']"
4048,United States English,spk_1019,Lichen planus may be categorized as affecting mucosal or cutaneous surfaces.,扁平苔藓可归类为影响粘膜或皮肤表面。,粘膜<unk>可以被归类为影响粘膜或皮肤表面.,1,1,"['▁', '扁', '平', '苔', '藓', '可', '归', '类', '为', '影响', '粘', '膜', '或', '皮', '肤', '表面', '<unk>', '<pad>']"
4061,United States English,spk_0671,Nothing dries sooner than a tear.,没有什么比眼泪干的更快。,没有什么比眼<unk>更快干燥.,1,1,"['▁没有', '什么', '比', '眼', '泪', '干', '的', '更', '快', '<unk>']"
4068,United States English,spk_0604,The cliffs are made of soft marl clay and are subject to erosion.,悬崖是由软质泥灰岩粘土构成，易侵蚀。,"这些悬崖由软的<unk>石粘土制成,",1,1,"['▁', '悬', '崖', '是由', '软', '质', '泥', '灰', '岩', '粘', '土', '构成', ',', '易', '侵', '蚀', '<unk>', '<pad>']"
4083,United States English,spk_0799,He stood irresolute for a moment and then scrambled out of the pit.,他犹豫不决地站了一会儿，然后从坑里爬了出来。,"他站了一会儿不决心,然后<unk>出坑.",1,1,"['▁他', '犹', '豫', '不', '决', '地', '站', '了一', '会', '儿', ',', '然后', '从', '坑', '里', '爬', '了', '出来', '<unk>', '<pad>']"
4097,United States English,spk_1014,The crash of the UFO shows that extraterrestrials are also vulnerable.,不明飞行物坠毁表明，外星人也很脆弱。,乌飞船的<unk>毁表明外星人也很脆弱.,1,1,"['▁不', '明', '飞行', '物', '坠', '毁', '表明', ',', '外', '星', '人', '也', '很', '脆弱', '<unk>', '<pad>']"
4103,United States English,spk_1408,Doughnuts are best with strawberry sprinkles and coffee.,甜甜圈的最佳搭配是草莓糖粒和咖啡。,甜甜圈最好与草<unk>和咖啡一起吃.,1,1,"['▁', '甜', '甜', '圈', '的', '最佳', '搭', '配', '是', '草', '莓', '糖', '粒', '和', '咖啡', '<unk>']"
4108,United States English,spk_1155,"The office paint was a dull, sad tan.",办公室的涂漆是一种沉闷、伤感的棕褐色。,"办公室的油漆是沉<unk>的,悲伤的棕色.",1,2,"['▁', '办公室', '的', '涂', '漆', '是一种', '沉', '闷', '<unk>', '伤', '感', '的', '棕', '褐', '色', '<unk>']"
4112,United States English,spk_1131,Used to hunt rabbits there myself.,我以前也在那里打猎。,我自己曾经在那里打<unk>子.,1,1,"['▁我', '以前', '也', '在那里', '打', '猎', '<unk>', '<pad>']"
4129,United States English,spk_0745,Canned pears lack full flavor.,香梨罐头缺乏完整的风味。,<unk>头的梨没有完整的味道.,1,1,"['▁香', '梨', '罐', '头', '缺乏', '完整', '的', '风', '味', '<unk>']"
4133,United States English,spk_1114,The valley was filled with dense fog.,山谷中浓雾弥漫。,谷里充满了密集的雾<unk>.,1,1,"['▁山', '谷', '中', '浓', '雾', '弥', '漫', '<unk>']"
4135,United States English,spk_0946,He just got a new kite for his birthday.,他刚收到一只新风筝作为生日礼物。,他刚刚为生日买了一只新<unk>.,1,1,"['▁他', '刚', '收到', '一', '只', '新', '风', '筝', '作为', '生日', '礼', '物', '<unk>', '<pad>']"
4165,United States English,spk_0444,"The New Latin term ""corbicula"" is a diminutive of ""corbis"", a basket or pannier.",新的拉丁词“corbicula”是“corbis”（篮子或驮篮）的别称。,"新拉丁语""corbicula""一词是""corbis""的缩写,一个篮子或<unk>子.",1,5,"['▁新', '的', '拉丁', '词', '<unk>', 'c', 'orb', 'ic', 'ula', '<unk>', '是', '<unk>', 'c', 'orb', 'is', '<unk>', '(', '篮', '子', '或', '驮', '篮', ')', '的', '别', '称', '<unk>', '<pad>']"
4169,United States English,spk_0884,"The penguin waddles across the ice, joining her companions.",企鹅摇摇摆摆地穿过冰面，加入了她的同伴中。,"企<unk>在冰上漫步, 加入她的同伴.",1,1,"['▁', '企', '鹅', '摇', '摇', '摆', '摆', '地', '穿', '过', '冰', '面', ',', '加入', '了', '她的', '同', '伴', '中', '<unk>']"
4174,United States English,spk_1368,Can you see the beacon at the top of the wind turbine?,你能看见风机顶部的灯塔吗？,你能看到风力<unk>轮机顶部的信标吗?,1,0,"['▁你', '能', '看', '见', '风', '机', '顶', '部', '的', '灯', '塔', '吗', '?', '<pad>']"
4175,United States English,spk_1545,"I'm not so much into anatomy, where's the bladder again?",我对解剖学不太在行，我想再问一下膀胱在哪里来着？,"我对解剖学不太了解,膀<unk>又在哪里?",1,0,"['▁我', '对', '解', '剖', '学', '不太', '在', '行', ',', '我想', '再', '问', '一下', '膀', '胱', '在', '哪里', '来', '着', '?']"
4193,United States English,spk_0832,"Oh, you are, eh?",哦，是吗？,"<unk>,你是,是吗?",1,0,"['▁', '哦', ',', '是', '吗', '?']"
